
/Users/sukraaj.brench/Library/Caches/arduino/sketches/85F22CEFBCC4D3BFED0783C478F9C393/firmware.ino.elf:     file format elf32-avr


Disassembly of section .text:

00000000 <__vectors>:
__vectors():
../../../../../crt1/gcrt1.S:63
       0:	1a c0       	rjmp	.+52     	; 0x36 <__ctors_end>
../../../../../crt1/gcrt1.S:67
       2:	4a c0       	rjmp	.+148    	; 0x98 <__bad_interrupt>
../../../../../crt1/gcrt1.S:68
       4:	49 c0       	rjmp	.+146    	; 0x98 <__bad_interrupt>
../../../../../crt1/gcrt1.S:69
       6:	f3 c6       	rjmp	.+3558   	; 0xdee <__vector_3>
../../../../../crt1/gcrt1.S:70
       8:	47 c0       	rjmp	.+142    	; 0x98 <__bad_interrupt>
../../../../../crt1/gcrt1.S:71
       a:	46 c0       	rjmp	.+140    	; 0x98 <__bad_interrupt>
../../../../../crt1/gcrt1.S:72
       c:	45 c0       	rjmp	.+138    	; 0x98 <__bad_interrupt>
../../../../../crt1/gcrt1.S:73
       e:	f1 c5       	rjmp	.+3042   	; 0xbf2 <__vector_7>
../../../../../crt1/gcrt1.S:74
      10:	43 c0       	rjmp	.+134    	; 0x98 <__bad_interrupt>
../../../../../crt1/gcrt1.S:75
      12:	42 c0       	rjmp	.+132    	; 0x98 <__bad_interrupt>
../../../../../crt1/gcrt1.S:76
      14:	41 c0       	rjmp	.+130    	; 0x98 <__bad_interrupt>
../../../../../crt1/gcrt1.S:77
      16:	40 c0       	rjmp	.+128    	; 0x98 <__bad_interrupt>
../../../../../crt1/gcrt1.S:78
      18:	3f c0       	rjmp	.+126    	; 0x98 <__bad_interrupt>
../../../../../crt1/gcrt1.S:79
      1a:	3e c0       	rjmp	.+124    	; 0x98 <__bad_interrupt>
../../../../../crt1/gcrt1.S:80
      1c:	66 c5       	rjmp	.+2764   	; 0xaea <__vector_14>
../../../../../crt1/gcrt1.S:81
      1e:	3c c0       	rjmp	.+120    	; 0x98 <__bad_interrupt>
../../../../../crt1/gcrt1.S:82
      20:	3b c0       	rjmp	.+118    	; 0x98 <__bad_interrupt>
../../../../../crt1/gcrt1.S:83
      22:	92 c5       	rjmp	.+2852   	; 0xb48 <__vector_17>
../../../../../crt1/gcrt1.S:84
      24:	91 c5       	rjmp	.+2850   	; 0xb48 <__vector_17>
../../../../../crt1/gcrt1.S:85
      26:	38 c0       	rjmp	.+112    	; 0x98 <__bad_interrupt>
../../../../../crt1/gcrt1.S:86
      28:	37 c0       	rjmp	.+110    	; 0x98 <__bad_interrupt>
../../../../../crt1/gcrt1.S:87
      2a:	36 c0       	rjmp	.+108    	; 0x98 <__bad_interrupt>
../../../../../crt1/gcrt1.S:88
      2c:	35 c0       	rjmp	.+106    	; 0x98 <__bad_interrupt>
../../../../../crt1/gcrt1.S:89
      2e:	34 c0       	rjmp	.+104    	; 0x98 <__bad_interrupt>
../../../../../crt1/gcrt1.S:90
      30:	33 c0       	rjmp	.+102    	; 0x98 <__bad_interrupt>
../../../../../crt1/gcrt1.S:91
      32:	32 c0       	rjmp	.+100    	; 0x98 <__bad_interrupt>

00000034 <__ctors_start>:
__trampolines_start():
      34:	1d 0e       	add	r1, r29

00000036 <__ctors_end>:
__dtors_end():
../../../../../crt1/gcrt1.S:230
      36:	11 24       	eor	r1, r1
../../../../../crt1/gcrt1.S:231
      38:	1f be       	out	0x3f, r1	; 63
../../../../../crt1/gcrt1.S:232
      3a:	cf ef       	ldi	r28, 0xFF	; 255
../../../../../crt1/gcrt1.S:234
      3c:	cd bf       	out	0x3d, r28	; 61
../../../../../crt1/gcrt1.S:236
      3e:	df e3       	ldi	r29, 0x3F	; 63
../../../../../crt1/gcrt1.S:237
      40:	de bf       	out	0x3e, r29	; 62

00000042 <_initThreeStuff()>:
_Z15_initThreeStuffv():
/Users/sukraaj.brench/Library/Arduino15/packages/megaTinyCore/hardware/megaavr/2.6.11/cores/megatinycore/main.cpp:104

  /* Minimum: Reset if we wound up here through malfunction - this relies on user clearing the  *
   * register on startup, which is rarely done in Arduino land.                                 */
  void __attribute__((weak)) init_reset_flags() ;
  void __attribute__((weak)) init_reset_flags() {
    uint8_t flags = RSTCTRL.RSTFR;
      42:	80 91 40 00 	lds	r24, 0x0040	; 0x800040 <digital_pin_to_bit_mask+0x7f62d9>
/Users/sukraaj.brench/Library/Arduino15/packages/megaTinyCore/hardware/megaavr/2.6.11/cores/megatinycore/main.cpp:105
    RSTCTRL.RSTFR = flags;
      46:	80 93 40 00 	sts	0x0040, r24	; 0x800040 <digital_pin_to_bit_mask+0x7f62d9>
/Users/sukraaj.brench/Library/Arduino15/packages/megaTinyCore/hardware/megaavr/2.6.11/cores/megatinycore/main.cpp:106
    if (flags == 0) {
      4a:	81 11       	cpse	r24, r1
      4c:	05 c0       	rjmp	.+10     	; 0x58 <_initThreeStuff()+0x16>
/Users/sukraaj.brench/Library/Arduino15/packages/megaTinyCore/hardware/megaavr/2.6.11/cores/megatinycore/main.cpp:107
      _PROTECTED_WRITE(RSTCTRL.SWRR, 1);
      4e:	98 ed       	ldi	r25, 0xD8	; 216
      50:	21 e0       	ldi	r18, 0x01	; 1
      52:	94 bf       	out	0x34, r25	; 52
      54:	20 93 41 00 	sts	0x0041, r18	; 0x800041 <digital_pin_to_bit_mask+0x7f62da>
/Users/sukraaj.brench/Library/Arduino15/packages/megaTinyCore/hardware/megaavr/2.6.11/cores/megatinycore/main.cpp:109
    }
    GPIOR0 = flags;
      58:	8c bb       	out	0x1c, r24	; 28

0000005a <__do_copy_data>:
__do_copy_data():
/home/admin/Arduino/toolchain-avr-special-master/gcc-build/avr/avrxmega3/short-calls/libgcc/../../../../../gcc/libgcc/config/avr/lib1funcs.S:2409
      5a:	1e e3       	ldi	r17, 0x3E	; 62
/home/admin/Arduino/toolchain-avr-special-master/gcc-build/avr/avrxmega3/short-calls/libgcc/../../../../../gcc/libgcc/config/avr/lib1funcs.S:2410
      5c:	a0 e0       	ldi	r26, 0x00	; 0
/home/admin/Arduino/toolchain-avr-special-master/gcc-build/avr/avrxmega3/short-calls/libgcc/../../../../../gcc/libgcc/config/avr/lib1funcs.S:2411
      5e:	be e3       	ldi	r27, 0x3E	; 62
/home/admin/Arduino/toolchain-avr-special-master/gcc-build/avr/avrxmega3/short-calls/libgcc/../../../../../gcc/libgcc/config/avr/lib1funcs.S:2412
      60:	e3 e7       	ldi	r30, 0x73	; 115
/home/admin/Arduino/toolchain-avr-special-master/gcc-build/avr/avrxmega3/short-calls/libgcc/../../../../../gcc/libgcc/config/avr/lib1funcs.S:2413
      62:	fd e1       	ldi	r31, 0x1D	; 29
/home/admin/Arduino/toolchain-avr-special-master/gcc-build/avr/avrxmega3/short-calls/libgcc/../../../../../gcc/libgcc/config/avr/lib1funcs.S:2414
      64:	02 c0       	rjmp	.+4      	; 0x6a <__do_copy_data+0x10>
/home/admin/Arduino/toolchain-avr-special-master/gcc-build/avr/avrxmega3/short-calls/libgcc/../../../../../gcc/libgcc/config/avr/lib1funcs.S:2417
      66:	05 90       	lpm	r0, Z+
/home/admin/Arduino/toolchain-avr-special-master/gcc-build/avr/avrxmega3/short-calls/libgcc/../../../../../gcc/libgcc/config/avr/lib1funcs.S:2422
      68:	0d 92       	st	X+, r0
/home/admin/Arduino/toolchain-avr-special-master/gcc-build/avr/avrxmega3/short-calls/libgcc/../../../../../gcc/libgcc/config/avr/lib1funcs.S:2424
      6a:	a2 30       	cpi	r26, 0x02	; 2
/home/admin/Arduino/toolchain-avr-special-master/gcc-build/avr/avrxmega3/short-calls/libgcc/../../../../../gcc/libgcc/config/avr/lib1funcs.S:2425
      6c:	b1 07       	cpc	r27, r17
/home/admin/Arduino/toolchain-avr-special-master/gcc-build/avr/avrxmega3/short-calls/libgcc/../../../../../gcc/libgcc/config/avr/lib1funcs.S:2426
      6e:	d9 f7       	brne	.-10     	; 0x66 <__do_copy_data+0xc>

00000070 <__do_clear_bss>:
__do_clear_bss():
/home/admin/Arduino/toolchain-avr-special-master/gcc-build/avr/avrxmega3/short-calls/libgcc/../../../../../gcc/libgcc/config/avr/lib1funcs.S:2441
      70:	2e e3       	ldi	r18, 0x3E	; 62
/home/admin/Arduino/toolchain-avr-special-master/gcc-build/avr/avrxmega3/short-calls/libgcc/../../../../../gcc/libgcc/config/avr/lib1funcs.S:2442
      72:	a2 e0       	ldi	r26, 0x02	; 2
/home/admin/Arduino/toolchain-avr-special-master/gcc-build/avr/avrxmega3/short-calls/libgcc/../../../../../gcc/libgcc/config/avr/lib1funcs.S:2443
      74:	be e3       	ldi	r27, 0x3E	; 62
/home/admin/Arduino/toolchain-avr-special-master/gcc-build/avr/avrxmega3/short-calls/libgcc/../../../../../gcc/libgcc/config/avr/lib1funcs.S:2444
      76:	01 c0       	rjmp	.+2      	; 0x7a <.do_clear_bss_start>

00000078 <.do_clear_bss_loop>:
/home/admin/Arduino/toolchain-avr-special-master/gcc-build/avr/avrxmega3/short-calls/libgcc/../../../../../gcc/libgcc/config/avr/lib1funcs.S:2446
      78:	1d 92       	st	X+, r1

0000007a <.do_clear_bss_start>:
/home/admin/Arduino/toolchain-avr-special-master/gcc-build/avr/avrxmega3/short-calls/libgcc/../../../../../gcc/libgcc/config/avr/lib1funcs.S:2448
      7a:	a8 3f       	cpi	r26, 0xF8	; 248
/home/admin/Arduino/toolchain-avr-special-master/gcc-build/avr/avrxmega3/short-calls/libgcc/../../../../../gcc/libgcc/config/avr/lib1funcs.S:2449
      7c:	b2 07       	cpc	r27, r18
/home/admin/Arduino/toolchain-avr-special-master/gcc-build/avr/avrxmega3/short-calls/libgcc/../../../../../gcc/libgcc/config/avr/lib1funcs.S:2450
      7e:	e1 f7       	brne	.-8      	; 0x78 <.do_clear_bss_loop>

00000080 <__do_global_ctors>:
__do_global_ctors():
/home/admin/Arduino/toolchain-avr-special-master/gcc-build/avr/avrxmega3/short-calls/libgcc/../../../../../gcc/libgcc/config/avr/lib1funcs.S:2466
      80:	10 e0       	ldi	r17, 0x00	; 0
/home/admin/Arduino/toolchain-avr-special-master/gcc-build/avr/avrxmega3/short-calls/libgcc/../../../../../gcc/libgcc/config/avr/lib1funcs.S:2467
      82:	cb e1       	ldi	r28, 0x1B	; 27
/home/admin/Arduino/toolchain-avr-special-master/gcc-build/avr/avrxmega3/short-calls/libgcc/../../../../../gcc/libgcc/config/avr/lib1funcs.S:2468
      84:	d0 e0       	ldi	r29, 0x00	; 0
/home/admin/Arduino/toolchain-avr-special-master/gcc-build/avr/avrxmega3/short-calls/libgcc/../../../../../gcc/libgcc/config/avr/lib1funcs.S:2472
      86:	03 c0       	rjmp	.+6      	; 0x8e <__do_global_ctors+0xe>
/home/admin/Arduino/toolchain-avr-special-master/gcc-build/avr/avrxmega3/short-calls/libgcc/../../../../../gcc/libgcc/config/avr/lib1funcs.S:2474
      88:	21 97       	sbiw	r28, 0x01	; 1
/home/admin/Arduino/toolchain-avr-special-master/gcc-build/avr/avrxmega3/short-calls/libgcc/../../../../../gcc/libgcc/config/avr/lib1funcs.S:2480
      8a:	fe 01       	movw	r30, r28
/home/admin/Arduino/toolchain-avr-special-master/gcc-build/avr/avrxmega3/short-calls/libgcc/../../../../../gcc/libgcc/config/avr/lib1funcs.S:2481
      8c:	39 de       	rcall	.-910    	; 0xfffffd00 <__eeprom_end+0xff7efd00>
/home/admin/Arduino/toolchain-avr-special-master/gcc-build/avr/avrxmega3/short-calls/libgcc/../../../../../gcc/libgcc/config/avr/lib1funcs.S:2483
      8e:	ca 31       	cpi	r28, 0x1A	; 26
/home/admin/Arduino/toolchain-avr-special-master/gcc-build/avr/avrxmega3/short-calls/libgcc/../../../../../gcc/libgcc/config/avr/lib1funcs.S:2484
      90:	d1 07       	cpc	r29, r17
/home/admin/Arduino/toolchain-avr-special-master/gcc-build/avr/avrxmega3/short-calls/libgcc/../../../../../gcc/libgcc/config/avr/lib1funcs.S:2489
      92:	d1 f7       	brne	.-12     	; 0x88 <__do_global_ctors+0x8>
../../../../../crt1/gcrt1.S:314
      94:	c7 d6       	rcall	.+3470   	; 0xe24 <main>
../../../../../crt1/gcrt1.S:315
      96:	46 ce       	rjmp	.-884    	; 0xfffffd24 <__eeprom_end+0xff7efd24>

00000098 <__bad_interrupt>:
__vector_22():
../../../../../crt1/gcrt1.S:209
      98:	b3 cf       	rjmp	.-154    	; 0x0 <__vectors>

0000009a <tinyNeoPixel::setPixelColor(unsigned int, unsigned char, unsigned char, unsigned char) [clone .constprop.12]>:
_ZN12tinyNeoPixel13setPixelColorEjhhh.constprop.12():
/Users/sukraaj.brench/Library/Arduino15/packages/megaTinyCore/hardware/megaavr/2.6.11/libraries/tinyNeoPixel_Static/tinyNeoPixel_Static.cpp:1088
  pinMask = digitalPinToBitMask(p);
}

// Set pixel color from separate R,G,B components:
void tinyNeoPixel::setPixelColor(uint16_t n, uint8_t r, uint8_t g, uint8_t b) {
  if (n < numLEDs) {
      9a:	e0 91 e3 3e 	lds	r30, 0x3EE3	; 0x803ee3 <ledStrip>
      9e:	f0 91 e4 3e 	lds	r31, 0x3EE4	; 0x803ee4 <ledStrip+0x1>
      a2:	8e 17       	cp	r24, r30
      a4:	9f 07       	cpc	r25, r31
      a6:	98 f5       	brcc	.+102    	; 0x10e <tinyNeoPixel::setPixelColor(unsigned int, unsigned char, unsigned char, unsigned char) [clone .constprop.12]+0x74>
/Users/sukraaj.brench/Library/Arduino15/packages/megaTinyCore/hardware/megaavr/2.6.11/libraries/tinyNeoPixel_Static/tinyNeoPixel_Static.cpp:1089
    if (brightness) { // See notes in setBrightness()
      a8:	30 91 ea 3e 	lds	r19, 0x3EEA	; 0x803eea <ledStrip+0x7>
      ac:	33 23       	and	r19, r19
      ae:	61 f0       	breq	.+24     	; 0xc8 <tinyNeoPixel::setPixelColor(unsigned int, unsigned char, unsigned char, unsigned char) [clone .constprop.12]+0x2e>
/Users/sukraaj.brench/Library/Arduino15/packages/megaTinyCore/hardware/megaavr/2.6.11/libraries/tinyNeoPixel_Static/tinyNeoPixel_Static.cpp:1090
      r = (r * brightness) >> 8;
      b0:	63 9f       	mul	r22, r19
      b2:	b0 01       	movw	r22, r0
      b4:	11 24       	eor	r1, r1
      b6:	67 2f       	mov	r22, r23
/Users/sukraaj.brench/Library/Arduino15/packages/megaTinyCore/hardware/megaavr/2.6.11/libraries/tinyNeoPixel_Static/tinyNeoPixel_Static.cpp:1091
      g = (g * brightness) >> 8;
      b8:	34 9f       	mul	r19, r20
      ba:	a0 01       	movw	r20, r0
      bc:	11 24       	eor	r1, r1
      be:	45 2f       	mov	r20, r21
/Users/sukraaj.brench/Library/Arduino15/packages/megaTinyCore/hardware/megaavr/2.6.11/libraries/tinyNeoPixel_Static/tinyNeoPixel_Static.cpp:1092
      b = (b * brightness) >> 8;
      c0:	32 9f       	mul	r19, r18
      c2:	90 01       	movw	r18, r0
      c4:	11 24       	eor	r1, r1
      c6:	23 2f       	mov	r18, r19
/Users/sukraaj.brench/Library/Arduino15/packages/megaTinyCore/hardware/megaavr/2.6.11/libraries/tinyNeoPixel_Static/tinyNeoPixel_Static.cpp:1095
    }
    uint8_t *p;
    if (wOffset == rOffset) { // Is an RGB-type strip
      c8:	30 91 f0 3e 	lds	r19, 0x3EF0	; 0x803ef0 <ledStrip+0xd>
      cc:	e0 91 eb 3e 	lds	r30, 0x3EEB	; 0x803eeb <ledStrip+0x8>
      d0:	f0 91 ec 3e 	lds	r31, 0x3EEC	; 0x803eec <ledStrip+0x9>
      d4:	50 91 ed 3e 	lds	r21, 0x3EED	; 0x803eed <ledStrip+0xa>
      d8:	35 13       	cpse	r19, r21
      da:	1a c0       	rjmp	.+52     	; 0x110 <tinyNeoPixel::setPixelColor(unsigned int, unsigned char, unsigned char, unsigned char) [clone .constprop.12]+0x76>
/Users/sukraaj.brench/Library/Arduino15/packages/megaTinyCore/hardware/megaavr/2.6.11/libraries/tinyNeoPixel_Static/tinyNeoPixel_Static.cpp:1096
      p = &pixels[n * 3];    // 3 bytes per pixel
      dc:	dc 01       	movw	r26, r24
      de:	aa 0f       	add	r26, r26
      e0:	bb 1f       	adc	r27, r27
      e2:	8a 0f       	add	r24, r26
      e4:	9b 1f       	adc	r25, r27
      e6:	8e 0f       	add	r24, r30
      e8:	9f 1f       	adc	r25, r31
/Users/sukraaj.brench/Library/Arduino15/packages/megaTinyCore/hardware/megaavr/2.6.11/libraries/tinyNeoPixel_Static/tinyNeoPixel_Static.cpp:1101
    } else {                 // Is a WRGB-type strip
      p = &pixels[n * 4];    // 4 bytes per pixel
      p[wOffset] = 0;        // But only R,G,B passed -- set W to 0
    }
    p[rOffset] = r;          // R,G,B always stored
      ea:	e0 91 ed 3e 	lds	r30, 0x3EED	; 0x803eed <ledStrip+0xa>
      ee:	e8 0f       	add	r30, r24
      f0:	f9 2f       	mov	r31, r25
      f2:	f1 1d       	adc	r31, r1
      f4:	60 83       	st	Z, r22
/Users/sukraaj.brench/Library/Arduino15/packages/megaTinyCore/hardware/megaavr/2.6.11/libraries/tinyNeoPixel_Static/tinyNeoPixel_Static.cpp:1102
    p[gOffset] = g;
      f6:	e0 91 ee 3e 	lds	r30, 0x3EEE	; 0x803eee <ledStrip+0xb>
      fa:	e8 0f       	add	r30, r24
      fc:	f9 2f       	mov	r31, r25
      fe:	f1 1d       	adc	r31, r1
     100:	40 83       	st	Z, r20
/Users/sukraaj.brench/Library/Arduino15/packages/megaTinyCore/hardware/megaavr/2.6.11/libraries/tinyNeoPixel_Static/tinyNeoPixel_Static.cpp:1103
    p[bOffset] = b;
     102:	30 91 ef 3e 	lds	r19, 0x3EEF	; 0x803eef <ledStrip+0xc>
     106:	83 0f       	add	r24, r19
     108:	91 1d       	adc	r25, r1
     10a:	fc 01       	movw	r30, r24
     10c:	20 83       	st	Z, r18
/Users/sukraaj.brench/Library/Arduino15/packages/megaTinyCore/hardware/megaavr/2.6.11/libraries/tinyNeoPixel_Static/tinyNeoPixel_Static.cpp:1105
  }
}
     10e:	08 95       	ret
/Users/sukraaj.brench/Library/Arduino15/packages/megaTinyCore/hardware/megaavr/2.6.11/libraries/tinyNeoPixel_Static/tinyNeoPixel_Static.cpp:1098
    }
    uint8_t *p;
    if (wOffset == rOffset) { // Is an RGB-type strip
      p = &pixels[n * 3];    // 3 bytes per pixel
    } else {                 // Is a WRGB-type strip
      p = &pixels[n * 4];    // 4 bytes per pixel
     110:	88 0f       	add	r24, r24
     112:	99 1f       	adc	r25, r25
     114:	88 0f       	add	r24, r24
     116:	99 1f       	adc	r25, r25
     118:	8e 0f       	add	r24, r30
     11a:	9f 1f       	adc	r25, r31
/Users/sukraaj.brench/Library/Arduino15/packages/megaTinyCore/hardware/megaavr/2.6.11/libraries/tinyNeoPixel_Static/tinyNeoPixel_Static.cpp:1099
      p[wOffset] = 0;        // But only R,G,B passed -- set W to 0
     11c:	fc 01       	movw	r30, r24
     11e:	e3 0f       	add	r30, r19
     120:	f1 1d       	adc	r31, r1
     122:	10 82       	st	Z, r1
     124:	e2 cf       	rjmp	.-60     	; 0xea <tinyNeoPixel::setPixelColor(unsigned int, unsigned char, unsigned char, unsigned char) [clone .constprop.12]+0x50>

00000126 <delay.part.0>:
delay.part.0():
/Users/sukraaj.brench/Library/Arduino15/packages/megaTinyCore/hardware/megaavr/2.6.11/cores/megatinycore/wiring.c:243
        start += 1000;
      }
    }
  }
#else
  void delay(uint32_t ms) {
     126:	0f 93       	push	r16
     128:	1f 93       	push	r17
     12a:	ab 01       	movw	r20, r22
     12c:	bc 01       	movw	r22, r24
millis():
/Users/sukraaj.brench/Library/Arduino15/packages/megaTinyCore/hardware/megaavr/2.6.11/cores/megatinycore/wiring.c:167
  unsigned long millis() {
    // return timer_overflow_count; // for debugging timekeeping issues where these variables are out of scope from the sketch
    unsigned long m;
    // disable interrupts while we read timer_millis or we might get an
    // inconsistent value (e.g. in the middle of a write to timer_millis)
    uint8_t oldSREG = SREG;
     12e:	8f b7       	in	r24, 0x3f	; 63
/Users/sukraaj.brench/Library/Arduino15/packages/megaTinyCore/hardware/megaavr/2.6.11/cores/megatinycore/wiring.c:168
    cli();
     130:	f8 94       	cli
/Users/sukraaj.brench/Library/Arduino15/packages/megaTinyCore/hardware/megaavr/2.6.11/cores/megatinycore/wiring.c:182
        if (!(rtccount & 0x8000)) m += 64000;
      }
      SREG = oldSREG;
      m += rtccount - (rtccount >> 5) + (rtccount >> 7);
    #else
      m = timingStruct.timer_millis;
     132:	00 91 dd 3e 	lds	r16, 0x3EDD	; 0x803edd <timingStruct+0x4>
     136:	10 91 de 3e 	lds	r17, 0x3EDE	; 0x803ede <timingStruct+0x5>
     13a:	20 91 df 3e 	lds	r18, 0x3EDF	; 0x803edf <timingStruct+0x6>
     13e:	30 91 e0 3e 	lds	r19, 0x3EE0	; 0x803ee0 <timingStruct+0x7>
/Users/sukraaj.brench/Library/Arduino15/packages/megaTinyCore/hardware/megaavr/2.6.11/cores/megatinycore/wiring.c:183
      SREG = oldSREG;
     142:	8f bf       	out	0x3f, r24	; 63
/Users/sukraaj.brench/Library/Arduino15/packages/megaTinyCore/hardware/megaavr/2.6.11/cores/megatinycore/wiring.c:167
  unsigned long millis() {
    // return timer_overflow_count; // for debugging timekeeping issues where these variables are out of scope from the sketch
    unsigned long m;
    // disable interrupts while we read timer_millis or we might get an
    // inconsistent value (e.g. in the middle of a write to timer_millis)
    uint8_t oldSREG = SREG;
     144:	ef b7       	in	r30, 0x3f	; 63
/Users/sukraaj.brench/Library/Arduino15/packages/megaTinyCore/hardware/megaavr/2.6.11/cores/megatinycore/wiring.c:168
    cli();
     146:	f8 94       	cli
/Users/sukraaj.brench/Library/Arduino15/packages/megaTinyCore/hardware/megaavr/2.6.11/cores/megatinycore/wiring.c:182
        if (!(rtccount & 0x8000)) m += 64000;
      }
      SREG = oldSREG;
      m += rtccount - (rtccount >> 5) + (rtccount >> 7);
    #else
      m = timingStruct.timer_millis;
     148:	80 91 dd 3e 	lds	r24, 0x3EDD	; 0x803edd <timingStruct+0x4>
     14c:	90 91 de 3e 	lds	r25, 0x3EDE	; 0x803ede <timingStruct+0x5>
     150:	a0 91 df 3e 	lds	r26, 0x3EDF	; 0x803edf <timingStruct+0x6>
     154:	b0 91 e0 3e 	lds	r27, 0x3EE0	; 0x803ee0 <timingStruct+0x7>
/Users/sukraaj.brench/Library/Arduino15/packages/megaTinyCore/hardware/megaavr/2.6.11/cores/megatinycore/wiring.c:183
      SREG = oldSREG;
     158:	ef bf       	out	0x3f, r30	; 63
delay.part.0():
/Users/sukraaj.brench/Library/Arduino15/packages/megaTinyCore/hardware/megaavr/2.6.11/cores/megatinycore/wiring.c:252
      while(ms--) {
        _delay_ms(1);
      }
    } else {
      uint32_t start = millis();
      while (millis() - start < ms);
     15a:	80 1b       	sub	r24, r16
     15c:	91 0b       	sbc	r25, r17
     15e:	a2 0b       	sbc	r26, r18
     160:	b3 0b       	sbc	r27, r19
     162:	84 17       	cp	r24, r20
     164:	95 07       	cpc	r25, r21
     166:	a6 07       	cpc	r26, r22
     168:	b7 07       	cpc	r27, r23
     16a:	60 f3       	brcs	.-40     	; 0x144 <delay.part.0+0x1e>
/Users/sukraaj.brench/Library/Arduino15/packages/megaTinyCore/hardware/megaavr/2.6.11/cores/megatinycore/wiring.c:254
    }
  }
     16c:	1f 91       	pop	r17
     16e:	0f 91       	pop	r16
     170:	08 95       	ret

00000172 <micros>:
micros():
/Users/sukraaj.brench/Library/Arduino15/packages/megaTinyCore/hardware/megaavr/2.6.11/cores/megatinycore/wiring_micros_ISR.h:403
}



#if !(defined(MILLIS_USE_TIMERNONE) || defined(MILLIS_USE_TIMERRTC))
  unsigned long micros() {
     172:	cf 92       	push	r12
     174:	df 92       	push	r13
     176:	ef 92       	push	r14
     178:	ff 92       	push	r15
/Users/sukraaj.brench/Library/Arduino15/packages/megaTinyCore/hardware/megaavr/2.6.11/cores/megatinycore/wiring_micros_ISR.h:412
    #else /* TCA */
      uint8_t ticks;
    #endif
    uint8_t flags;
    /* Save current state and disable interrupts */
    uint8_t oldSREG = SREG;
     17a:	9f b7       	in	r25, 0x3f	; 63
/Users/sukraaj.brench/Library/Arduino15/packages/megaTinyCore/hardware/megaavr/2.6.11/cores/megatinycore/wiring_micros_ISR.h:413
    cli(); /* INTERRUPTS OFF */
     17c:	f8 94       	cli
/Users/sukraaj.brench/Library/Arduino15/packages/megaTinyCore/hardware/megaavr/2.6.11/cores/megatinycore/wiring_micros_ISR.h:421
      flags = _timer->INTFLAGS;
    #elif defined(MILLIS_USE_TIMERA0)
      ticks = TCA0.SPLIT.HCNT;
      flags = TCA0.SPLIT.INTFLAGS;
    #elif defined(MILLIS_USE_TIMERD0)
      TCD0.CTRLE = TCD_SCAPTUREA_bm;
     17e:	88 e0       	ldi	r24, 0x08	; 8
     180:	80 93 84 0a 	sts	0x0A84, r24	; 0x800a84 <digital_pin_to_bit_mask+0x7f6d1d>
/Users/sukraaj.brench/Library/Arduino15/packages/megaTinyCore/hardware/megaavr/2.6.11/cores/megatinycore/wiring_micros_ISR.h:422
      while (!(TCD0.STATUS & TCD_CMDRDY_bm)); // wait for sync - should be only one iteration of this loop
     184:	80 91 8e 0a 	lds	r24, 0x0A8E	; 0x800a8e <digital_pin_to_bit_mask+0x7f6d27>
     188:	81 ff       	sbrs	r24, 1
     18a:	fc cf       	rjmp	.-8      	; 0x184 <micros+0x12>
/Users/sukraaj.brench/Library/Arduino15/packages/megaTinyCore/hardware/megaavr/2.6.11/cores/megatinycore/wiring_micros_ISR.h:423
      flags = TCD0.INTFLAGS;
     18c:	80 91 8d 0a 	lds	r24, 0x0A8D	; 0x800a8d <digital_pin_to_bit_mask+0x7f6d26>
/Users/sukraaj.brench/Library/Arduino15/packages/megaTinyCore/hardware/megaavr/2.6.11/cores/megatinycore/wiring_micros_ISR.h:424
      ticks = TCD0.CAPTUREA;
     190:	e0 91 a2 0a 	lds	r30, 0x0AA2	; 0x800aa2 <digital_pin_to_bit_mask+0x7f6d3b>
     194:	f0 91 a3 0a 	lds	r31, 0x0AA3	; 0x800aa3 <digital_pin_to_bit_mask+0x7f6d3c>
/Users/sukraaj.brench/Library/Arduino15/packages/megaTinyCore/hardware/megaavr/2.6.11/cores/megatinycore/wiring_micros_ISR.h:434
     * ISR has not fired. If we already read a high value of ticks, either we read it just before the overflow,
     * so we shouldn't increment overflows, or interrupts are disabled and micros isn't expected to work so it
     * doesn't matter.
     * Get current number of overflows and timer count */
    #if (MILLIS_TYPE != MILLIS_TCB)
      overflows = timingStruct.timer_overflow_count;
     198:	c0 90 d9 3e 	lds	r12, 0x3ED9	; 0x803ed9 <timingStruct>
     19c:	d0 90 da 3e 	lds	r13, 0x3EDA	; 0x803eda <timingStruct+0x1>
     1a0:	e0 90 db 3e 	lds	r14, 0x3EDB	; 0x803edb <timingStruct+0x2>
     1a4:	f0 90 dc 3e 	lds	r15, 0x3EDC	; 0x803edc <timingStruct+0x3>
/Users/sukraaj.brench/Library/Arduino15/packages/megaTinyCore/hardware/megaavr/2.6.11/cores/megatinycore/wiring_micros_ISR.h:439
    #else
      overflows = timingStruct.timer_millis;
    #endif
    /* Turn interrupts back on, assuming they were on when micros was called. */
    SREG = oldSREG; /* INTERRUPTS ON */
     1a8:	9f bf       	out	0x3f, r25	; 63
/Users/sukraaj.brench/Library/Arduino15/packages/megaTinyCore/hardware/megaavr/2.6.11/cores/megatinycore/wiring_micros_ISR.h:441
    #if defined(MILLIS_USE_TIMERD0)
      if ((flags & TCD_OVF_bm) && (ticks < 0x07)) {
     1aa:	80 ff       	sbrs	r24, 0
     1ac:	08 c0       	rjmp	.+16     	; 0x1be <micros+0x4c>
     1ae:	e7 30       	cpi	r30, 0x07	; 7
     1b0:	f1 05       	cpc	r31, r1
     1b2:	28 f4       	brcc	.+10     	; 0x1be <micros+0x4c>
/Users/sukraaj.brench/Library/Arduino15/packages/megaTinyCore/hardware/megaavr/2.6.11/cores/megatinycore/wiring_micros_ISR.h:451
      if ((flags & TCB_CAPT_bm) && !(ticks & 0xFF00)) {
    #endif
    #if (MILLIS_TYPE == MILLIS_TCB) && !(F_CPU > 2000000UL)
      overflows +=2;
    #else
      overflows++;
     1b4:	8f ef       	ldi	r24, 0xFF	; 255
     1b6:	c8 1a       	sub	r12, r24
     1b8:	d8 0a       	sbc	r13, r24
     1ba:	e8 0a       	sbc	r14, r24
     1bc:	f8 0a       	sbc	r15, r24
/Users/sukraaj.brench/Library/Arduino15/packages/megaTinyCore/hardware/megaavr/2.6.11/cores/megatinycore/wiring_micros_ISR.h:457
    #endif
      } // end getting ticks

    #if defined(MILLIS_USE_TIMERD0)
      #if (F_CPU == 20000000UL || F_CPU == 10000000UL || F_CPU == 5000000UL)
        uint8_t ticks_l = ticks >> 1;
     1be:	9f 01       	movw	r18, r30
     1c0:	36 95       	lsr	r19
     1c2:	27 95       	ror	r18
/Users/sukraaj.brench/Library/Arduino15/packages/megaTinyCore/hardware/megaavr/2.6.11/cores/megatinycore/wiring_micros_ISR.h:458
        ticks = ticks + ticks_l + ((ticks_l >> 2) - (ticks_l >> 4) + (ticks_l >> 7));
     1c4:	cf 01       	movw	r24, r30
     1c6:	82 0f       	add	r24, r18
     1c8:	91 1d       	adc	r25, r1
     1ca:	e2 2f       	mov	r30, r18
     1cc:	e6 95       	lsr	r30
     1ce:	e6 95       	lsr	r30
     1d0:	32 2f       	mov	r19, r18
     1d2:	32 95       	swap	r19
     1d4:	3f 70       	andi	r19, 0x0F	; 15
     1d6:	e3 1b       	sub	r30, r19
     1d8:	ff 0b       	sbc	r31, r31
     1da:	27 fd       	sbrc	r18, 7
     1dc:	31 96       	adiw	r30, 0x01	; 1
     1de:	e8 0f       	add	r30, r24
     1e0:	f9 1f       	adc	r31, r25
/Users/sukraaj.brench/Library/Arduino15/packages/megaTinyCore/hardware/megaavr/2.6.11/cores/megatinycore/wiring_micros_ISR.h:462
        // + ticks +(ticks>>1)+(ticks>>3)-(ticks>>5)+(ticks>>8))
        // speed optimization via doing math with smaller datatypes, since we know high byte is 1 or 0.
        //microseconds =   overflows * (TIME_TRACKING_CYCLES_PER_OVF / 20) + ticks; // ticks value corrected above. *FIVE HUNDRED AND TEN DOES NOT EVENLY DIVIDE BY 20!* What the fuck?
        microseconds =   overflows * (TIME_TRACKING_CYCLES_PER_OVF / 20) + ticks + (overflows >> 1);
     1e2:	a0 e3       	ldi	r26, 0x30	; 48
     1e4:	b3 e0       	ldi	r27, 0x03	; 3
     1e6:	a7 01       	movw	r20, r14
     1e8:	96 01       	movw	r18, r12
     1ea:	80 dd       	rcall	.-1280   	; 0xfffffcec <__eeprom_end+0xff7efcec>
     1ec:	f6 94       	lsr	r15
     1ee:	e7 94       	ror	r14
     1f0:	d7 94       	ror	r13
     1f2:	c7 94       	ror	r12
     1f4:	c6 0e       	add	r12, r22
     1f6:	d7 1e       	adc	r13, r23
     1f8:	e8 1e       	adc	r14, r24
     1fa:	f9 1e       	adc	r15, r25
     1fc:	c7 01       	movw	r24, r14
     1fe:	b6 01       	movw	r22, r12
     200:	6e 0f       	add	r22, r30
     202:	7f 1f       	adc	r23, r31
     204:	81 1d       	adc	r24, r1
     206:	91 1d       	adc	r25, r1
/Users/sukraaj.brench/Library/Arduino15/packages/megaTinyCore/hardware/megaavr/2.6.11/cores/megatinycore/wiring_micros_ISR.h:800
        microseconds = ((overflows * millisClockCyclesToMicroseconds(TIME_TRACKING_CYCLES_PER_OVF))
                      + (ticks * (millisClockCyclesToMicroseconds(TIME_TRACKING_CYCLES_PER_OVF) / TIME_TRACKING_TIMER_PERIOD)));
      #endif
    #endif // end of timer-specific part of micros calculations
    return microseconds;
  }
     208:	ff 90       	pop	r15
     20a:	ef 90       	pop	r14
     20c:	df 90       	pop	r13
     20e:	cf 90       	pop	r12
     210:	08 95       	ret

00000212 <tinyNeoPixel::show() [clone .constprop.14]>:
_ZN12tinyNeoPixel4showEv.constprop.14():
/Users/sukraaj.brench/Library/Arduino15/packages/megaTinyCore/hardware/megaavr/2.6.11/libraries/tinyNeoPixel_Static/tinyNeoPixel_Static.cpp:79
  latchTime = (us < 6 ? 6 : us); // there are no devices in production with a shorter latch waiting time, and thus is the shortest reasonable latch delay.
}
// *INDENT-OFF*   astyle don't like assembly
#if (PROGMEM_SIZE > 4096UL)

void tinyNeoPixel::show(void) {
     212:	0f 93       	push	r16
     214:	1f 93       	push	r17
     216:	cf 93       	push	r28
     218:	df 93       	push	r29
     21a:	cd b7       	in	r28, 0x3d	; 61
     21c:	de b7       	in	r29, 0x3e	; 62
     21e:	27 97       	sbiw	r28, 0x07	; 7
     220:	cd bf       	out	0x3d, r28	; 61
     222:	de bf       	out	0x3e, r29	; 62
show():
/Users/sukraaj.brench/Library/Arduino15/packages/megaTinyCore/hardware/megaavr/2.6.11/libraries/tinyNeoPixel_Static/tinyNeoPixel_Static.cpp:83
  show(0);
}
void tinyNeoPixel::show(uint16_t leds) {
  volatile uint16_t i = numBytes;;
     224:	80 91 e5 3e 	lds	r24, 0x3EE5	; 0x803ee5 <ledStrip+0x2>
     228:	90 91 e6 3e 	lds	r25, 0x3EE6	; 0x803ee6 <ledStrip+0x3>
     22c:	89 83       	std	Y+1, r24	; 0x01
     22e:	9a 83       	std	Y+2, r25	; 0x02
/Users/sukraaj.brench/Library/Arduino15/packages/megaTinyCore/hardware/megaavr/2.6.11/libraries/tinyNeoPixel_Static/tinyNeoPixel_Static.cpp:91
      i = leds + leds + leds;
    } else {
      i = leds << 2;
    }
  }
  if ((!pixels) || pin >= NUM_DIGITAL_PINS)  {
     230:	80 91 eb 3e 	lds	r24, 0x3EEB	; 0x803eeb <ledStrip+0x8>
     234:	90 91 ec 3e 	lds	r25, 0x3EEC	; 0x803eec <ledStrip+0x9>
     238:	89 2b       	or	r24, r25
     23a:	09 f4       	brne	.+2      	; 0x23e <tinyNeoPixel::show() [clone .constprop.14]+0x2c>
     23c:	69 c0       	rjmp	.+210    	; 0x310 <_nextbyte20+0x30>
     23e:	80 91 e9 3e 	lds	r24, 0x3EE9	; 0x803ee9 <ledStrip+0x6>
     242:	8c 30       	cpi	r24, 0x0C	; 12
     244:	0c f0       	brlt	.+2      	; 0x248 <tinyNeoPixel::show() [clone .constprop.14]+0x36>
     246:	64 c0       	rjmp	.+200    	; 0x310 <_nextbyte20+0x30>
canShow():
/Users/sukraaj.brench/Library/Arduino15/packages/megaTinyCore/hardware/megaavr/2.6.11/libraries/tinyNeoPixel_Static/tinyNeoPixel_Static.h:302
             function instead.
  */
  static uint32_t gamma32(uint32_t x);

  #if (defined(micros))
    inline bool canShow(void) { return (micros() - endTime) >= (uint32_t) latchTime; }
     248:	94 df       	rcall	.-216    	; 0x172 <micros>
     24a:	00 91 f1 3e 	lds	r16, 0x3EF1	; 0x803ef1 <ledStrip+0xe>
     24e:	10 91 f2 3e 	lds	r17, 0x3EF2	; 0x803ef2 <ledStrip+0xf>
     252:	20 91 f3 3e 	lds	r18, 0x3EF3	; 0x803ef3 <ledStrip+0x10>
     256:	30 91 f4 3e 	lds	r19, 0x3EF4	; 0x803ef4 <ledStrip+0x11>
     25a:	ab 01       	movw	r20, r22
     25c:	bc 01       	movw	r22, r24
     25e:	40 1b       	sub	r20, r16
     260:	51 0b       	sbc	r21, r17
     262:	62 0b       	sbc	r22, r18
     264:	73 0b       	sbc	r23, r19
     266:	80 91 e7 3e 	lds	r24, 0x3EE7	; 0x803ee7 <ledStrip+0x4>
     26a:	90 91 e8 3e 	lds	r25, 0x3EE8	; 0x803ee8 <ledStrip+0x5>
     26e:	b0 e0       	ldi	r27, 0x00	; 0
     270:	a0 e0       	ldi	r26, 0x00	; 0
show():
/Users/sukraaj.brench/Library/Arduino15/packages/megaTinyCore/hardware/megaavr/2.6.11/libraries/tinyNeoPixel_Static/tinyNeoPixel_Static.cpp:104
  // put a delay at the end of the function, the ending time is noted and
  // the function will simply hold off (if needed) on issuing the
  // subsequent round of data until the latch time has elapsed.  This
  // allows the mainline code to start generating the next frame of data
  // rather than stalling for the latch.
  while (!canShow());
     272:	48 17       	cp	r20, r24
     274:	59 07       	cpc	r21, r25
     276:	6a 07       	cpc	r22, r26
     278:	7b 07       	cpc	r23, r27
     27a:	30 f3       	brcs	.-52     	; 0x248 <tinyNeoPixel::show() [clone .constprop.14]+0x36>
/Users/sukraaj.brench/Library/Arduino15/packages/megaTinyCore/hardware/megaavr/2.6.11/libraries/tinyNeoPixel_Static/tinyNeoPixel_Static.cpp:155
  //   * b (bit number for speeds that don't have to unroll the loop)
  //     is given constraint "+r", which can assign it to any register.
  //     But the code uses LDI on it. LDI doesn't work on every register,
  //     it must have the "+d" constraint to guarantee an upper register.

  noInterrupts(); // Need 100% focus on instruction timing
     27c:	f8 94       	cli
/Users/sukraaj.brench/Library/Arduino15/packages/megaTinyCore/hardware/megaavr/2.6.11/libraries/tinyNeoPixel_Static/tinyNeoPixel_Static.cpp:166
  // run at those speeds, only that - if they do - you can control WS2812s
  // with them.


  volatile uint8_t
   *ptr = pixels,   // Pointer to next byte
     27e:	a0 91 eb 3e 	lds	r26, 0x3EEB	; 0x803eeb <ledStrip+0x8>
     282:	b0 91 ec 3e 	lds	r27, 0x3EEC	; 0x803eec <ledStrip+0x9>
/Users/sukraaj.brench/Library/Arduino15/packages/megaTinyCore/hardware/megaavr/2.6.11/libraries/tinyNeoPixel_Static/tinyNeoPixel_Static.cpp:167
    b   = *ptr++,   // Current byte value
     286:	fd 01       	movw	r30, r26
     288:	31 96       	adiw	r30, 0x01	; 1
     28a:	8c 91       	ld	r24, X
     28c:	8f 83       	std	Y+7, r24	; 0x07
/Users/sukraaj.brench/Library/Arduino15/packages/megaTinyCore/hardware/megaavr/2.6.11/libraries/tinyNeoPixel_Static/tinyNeoPixel_Static.cpp:690
    // 25 inst. clocks per bit: HHHHHHHxxxxxxxLLLLLLLLLLL      H:7 x:7 L11
    // ST instructions:         ^      ^      ^       (T=0,7,14)

    volatile uint8_t next, bit;

    hi   = *port |  pinMask;
     28e:	a0 91 f5 3e 	lds	r26, 0x3EF5	; 0x803ef5 <ledStrip+0x12>
     292:	b0 91 f6 3e 	lds	r27, 0x3EF6	; 0x803ef6 <ledStrip+0x13>
     296:	9c 91       	ld	r25, X
     298:	80 91 f7 3e 	lds	r24, 0x3EF7	; 0x803ef7 <ledStrip+0x14>
     29c:	98 2b       	or	r25, r24
     29e:	9e 83       	std	Y+6, r25	; 0x06
/Users/sukraaj.brench/Library/Arduino15/packages/megaTinyCore/hardware/megaavr/2.6.11/libraries/tinyNeoPixel_Static/tinyNeoPixel_Static.cpp:691
    lo   = *port & ~pinMask;
     2a0:	9c 91       	ld	r25, X
     2a2:	80 95       	com	r24
     2a4:	89 23       	and	r24, r25
     2a6:	8d 83       	std	Y+5, r24	; 0x05
/Users/sukraaj.brench/Library/Arduino15/packages/megaTinyCore/hardware/megaavr/2.6.11/libraries/tinyNeoPixel_Static/tinyNeoPixel_Static.cpp:692
    next = lo;
     2a8:	8d 81       	ldd	r24, Y+5	; 0x05
     2aa:	8c 83       	std	Y+4, r24	; 0x04
/Users/sukraaj.brench/Library/Arduino15/packages/megaTinyCore/hardware/megaavr/2.6.11/libraries/tinyNeoPixel_Static/tinyNeoPixel_Static.cpp:693
    bit  = 8;
     2ac:	88 e0       	ldi	r24, 0x08	; 8
     2ae:	8b 83       	std	Y+3, r24	; 0x03
/Users/sukraaj.brench/Library/Arduino15/packages/megaTinyCore/hardware/megaavr/2.6.11/libraries/tinyNeoPixel_Static/tinyNeoPixel_Static.cpp:732
      [bit]   "+d" (bit),
      [next]  "+r" (next),
      [count] "+w" (i)
    : [port]   "e" (port),
      [hi]     "r" (hi),
      [lo]     "r" (lo));
     2b0:	5e 81       	ldd	r21, Y+6	; 0x06
     2b2:	6d 81       	ldd	r22, Y+5	; 0x05
     2b4:	4f 81       	ldd	r20, Y+7	; 0x07
     2b6:	3b 81       	ldd	r19, Y+3	; 0x03
     2b8:	2c 81       	ldd	r18, Y+4	; 0x04
     2ba:	89 81       	ldd	r24, Y+1	; 0x01
     2bc:	9a 81       	ldd	r25, Y+2	; 0x02

000002be <_head20>:
     2be:	5c 93       	st	X, r21
     2c0:	47 fd       	sbrc	r20, 7
     2c2:	25 2f       	mov	r18, r21
     2c4:	3a 95       	dec	r19
     2c6:	00 00       	nop
     2c8:	00 c0       	rjmp	.+0      	; 0x2ca <_head20+0xc>
     2ca:	2c 93       	st	X, r18
     2cc:	26 2f       	mov	r18, r22
     2ce:	41 f0       	breq	.+16     	; 0x2e0 <_nextbyte20>
     2d0:	44 1f       	adc	r20, r20
     2d2:	00 c0       	rjmp	.+0      	; 0x2d4 <_head20+0x16>
     2d4:	00 00       	nop
     2d6:	6c 93       	st	X, r22
     2d8:	01 d0       	rcall	.+2      	; 0x2dc <_onlydelay20>
     2da:	f1 cf       	rjmp	.-30     	; 0x2be <_head20>

000002dc <_onlydelay20>:
     2dc:	00 c0       	rjmp	.+0      	; 0x2de <_onlydelay20+0x2>
     2de:	08 95       	ret

000002e0 <_nextbyte20>:
     2e0:	38 e0       	ldi	r19, 0x08	; 8
     2e2:	41 91       	ld	r20, Z+
     2e4:	00 00       	nop
     2e6:	6c 93       	st	X, r22
     2e8:	00 00       	nop
     2ea:	00 c0       	rjmp	.+0      	; 0x2ec <_nextbyte20+0xc>
     2ec:	00 c0       	rjmp	.+0      	; 0x2ee <_nextbyte20+0xe>
     2ee:	01 97       	sbiw	r24, 0x01	; 1
     2f0:	31 f7       	brne	.-52     	; 0x2be <_head20>
     2f2:	4f 83       	std	Y+7, r20	; 0x07
     2f4:	3b 83       	std	Y+3, r19	; 0x03
     2f6:	2c 83       	std	Y+4, r18	; 0x04
     2f8:	89 83       	std	Y+1, r24	; 0x01
     2fa:	9a 83       	std	Y+2, r25	; 0x02
/Users/sukraaj.brench/Library/Arduino15/packages/megaTinyCore/hardware/megaavr/2.6.11/libraries/tinyNeoPixel_Static/tinyNeoPixel_Static.cpp:1072
    #error "CPU SPEED NOT SUPPORTED"
  #endif



  interrupts();
     2fc:	78 94       	sei
/Users/sukraaj.brench/Library/Arduino15/packages/megaTinyCore/hardware/megaavr/2.6.11/libraries/tinyNeoPixel_Static/tinyNeoPixel_Static.cpp:1074
  #if (defined(micros))
    endTime = micros();
     2fe:	39 df       	rcall	.-398    	; 0x172 <micros>
     300:	60 93 f1 3e 	sts	0x3EF1, r22	; 0x803ef1 <ledStrip+0xe>
     304:	70 93 f2 3e 	sts	0x3EF2, r23	; 0x803ef2 <ledStrip+0xf>
     308:	80 93 f3 3e 	sts	0x3EF3, r24	; 0x803ef3 <ledStrip+0x10>
     30c:	90 93 f4 3e 	sts	0x3EF4, r25	; 0x803ef4 <ledStrip+0x11>
_ZN12tinyNeoPixel4showEv.constprop.14():
/Users/sukraaj.brench/Library/Arduino15/packages/megaTinyCore/hardware/megaavr/2.6.11/libraries/tinyNeoPixel_Static/tinyNeoPixel_Static.cpp:81
// *INDENT-OFF*   astyle don't like assembly
#if (PROGMEM_SIZE > 4096UL)

void tinyNeoPixel::show(void) {
  show(0);
}
     310:	27 96       	adiw	r28, 0x07	; 7
     312:	cd bf       	out	0x3d, r28	; 61
     314:	de bf       	out	0x3e, r29	; 62
     316:	df 91       	pop	r29
     318:	cf 91       	pop	r28
     31a:	1f 91       	pop	r17
     31c:	0f 91       	pop	r16
     31e:	08 95       	ret

00000320 <ptc_start_conversion>:
ptc_start_conversion():
/Users/sukraaj.brench/Library/Arduino15/packages/megaTinyCore/hardware/megaavr/2.6.11/libraries/PTC/src/ptc.c:945
    ptc_start_conversion(firstNode);
  }
  #endif
}

void ptc_start_conversion(cap_sensor_t *node) {
     320:	cf 93       	push	r28
     322:	df 93       	push	r29
     324:	fc 01       	movw	r30, r24
/Users/sukraaj.brench/Library/Arduino15/packages/megaTinyCore/hardware/megaavr/2.6.11/libraries/PTC/src/ptc.c:952
    if (NULL == node) {
      PTC.INTCTRL = 0;    // disable ISR for ADC reuse
      ptc_lib_state = PTC_LIB_CONV_COMPL;
      return;
    }
    if ((0 == node->state.disabled) && (node->type == currConvType)) {
     326:	80 91 3c 3e 	lds	r24, 0x3E3C	; 0x803e3c <currConvType>
     32a:	90 91 3d 3e 	lds	r25, 0x3E3D	; 0x803e3d <currConvType+0x1>
/Users/sukraaj.brench/Library/Arduino15/packages/megaTinyCore/hardware/megaavr/2.6.11/libraries/PTC/src/ptc.c:947
  #endif
}

void ptc_start_conversion(cap_sensor_t *node) {
  while (1) {
    if (NULL == node) {
     32e:	30 97       	sbiw	r30, 0x00	; 0
     330:	59 f4       	brne	.+22     	; 0x348 <ptc_start_conversion+0x28>
/Users/sukraaj.brench/Library/Arduino15/packages/megaTinyCore/hardware/megaavr/2.6.11/libraries/PTC/src/ptc.c:948
      PTC.INTCTRL = 0;    // disable ISR for ADC reuse
     332:	10 92 0a 06 	sts	0x060A, r1	; 0x80060a <digital_pin_to_bit_mask+0x7f68a3>
/Users/sukraaj.brench/Library/Arduino15/packages/megaTinyCore/hardware/megaavr/2.6.11/libraries/PTC/src/ptc.c:949
      ptc_lib_state = PTC_LIB_CONV_COMPL;
     336:	82 e0       	ldi	r24, 0x02	; 2
     338:	90 e0       	ldi	r25, 0x00	; 0
     33a:	80 93 3e 3e 	sts	0x3E3E, r24	; 0x803e3e <ptc_lib_state>
     33e:	90 93 3f 3e 	sts	0x3E3F, r25	; 0x803e3f <ptc_lib_state+0x1>
/Users/sukraaj.brench/Library/Arduino15/packages/megaTinyCore/hardware/megaavr/2.6.11/libraries/PTC/src/ptc.c:1036
  if (0 == node->state.low_power) {
    pPTC->COMMAND = 0x01; // Normal operation: Manual Start
  } else {
    pPTC->EVCTRL = 0x01;  // Low Power: Start by positive flank on event
  }
}
     342:	df 91       	pop	r29
     344:	cf 91       	pop	r28
     346:	08 95       	ret
/Users/sukraaj.brench/Library/Arduino15/packages/megaTinyCore/hardware/megaavr/2.6.11/libraries/PTC/src/ptc.c:952
    if (NULL == node) {
      PTC.INTCTRL = 0;    // disable ISR for ADC reuse
      ptc_lib_state = PTC_LIB_CONV_COMPL;
      return;
    }
    if ((0 == node->state.disabled) && (node->type == currConvType)) {
     348:	24 85       	ldd	r18, Z+12	; 0x0c
     34a:	24 fd       	sbrc	r18, 4
     34c:	05 c0       	rjmp	.+10     	; 0x358 <ptc_start_conversion+0x38>
     34e:	22 81       	ldd	r18, Z+2	; 0x02
     350:	33 81       	ldd	r19, Z+3	; 0x03
     352:	28 17       	cp	r18, r24
     354:	39 07       	cpc	r19, r25
     356:	21 f0       	breq	.+8      	; 0x360 <ptc_start_conversion+0x40>
/Users/sukraaj.brench/Library/Arduino15/packages/megaTinyCore/hardware/megaavr/2.6.11/libraries/PTC/src/ptc.c:955
      break;
    } else {
      node = node->nextNode;
     358:	01 90       	ld	r0, Z+
     35a:	f0 81       	ld	r31, Z
     35c:	e0 2d       	mov	r30, r0
     35e:	e7 cf       	rjmp	.-50     	; 0x32e <ptc_start_conversion+0xe>
/Users/sukraaj.brench/Library/Arduino15/packages/megaTinyCore/hardware/megaavr/2.6.11/libraries/PTC/src/ptc.c:959
    }
  }

  currConvNode = node;
     360:	e0 93 40 3e 	sts	0x3E40, r30	; 0x803e40 <currConvNode>
     364:	f0 93 41 3e 	sts	0x3E41, r31	; 0x803e41 <currConvNode+0x1>
/Users/sukraaj.brench/Library/Arduino15/packages/megaTinyCore/hardware/megaavr/2.6.11/libraries/PTC/src/ptc.c:962

  PTC_t *pPTC;
  _fastPtr_d(pPTC, &PTC);
     368:	c0 e0       	ldi	r28, 0x00	; 0
     36a:	d6 e0       	ldi	r29, 0x06	; 6
/Users/sukraaj.brench/Library/Arduino15/packages/megaTinyCore/hardware/megaavr/2.6.11/libraries/PTC/src/ptc.c:965
  _fastPtr_d(node, node);
  uint8_t analogGain = PTC_GAIN_MAX;
  if (node->stateMachine != PTC_SM_NOINIT_CAL) {
     36c:	85 89       	ldd	r24, Z+21	; 0x15
/Users/sukraaj.brench/Library/Arduino15/packages/megaTinyCore/hardware/megaavr/2.6.11/libraries/PTC/src/ptc.c:964
  currConvNode = node;

  PTC_t *pPTC;
  _fastPtr_d(pPTC, &PTC);
  _fastPtr_d(node, node);
  uint8_t analogGain = PTC_GAIN_MAX;
     36e:	9f e3       	ldi	r25, 0x3F	; 63
/Users/sukraaj.brench/Library/Arduino15/packages/megaTinyCore/hardware/megaavr/2.6.11/libraries/PTC/src/ptc.c:965
  if (node->stateMachine != PTC_SM_NOINIT_CAL) {
     370:	88 23       	and	r24, r24
     372:	19 f0       	breq	.+6      	; 0x37a <ptc_start_conversion+0x5a>
/Users/sukraaj.brench/Library/Arduino15/packages/megaTinyCore/hardware/megaavr/2.6.11/libraries/PTC/src/ptc.c:966
    analogGain = node->hw_gain_ovs / 16;  // A little workaround as >> 4 is kinda broken sometimes.
     374:	92 85       	ldd	r25, Z+10	; 0x0a
     376:	92 95       	swap	r25
     378:	9f 70       	andi	r25, 0x0F	; 15
/Users/sukraaj.brench/Library/Arduino15/packages/megaTinyCore/hardware/megaavr/2.6.11/libraries/PTC/src/ptc.c:969
  }

  uint8_t chargeDelay = node->hw_csd;
     37a:	83 85       	ldd	r24, Z+11	; 0x0b
/Users/sukraaj.brench/Library/Arduino15/packages/megaTinyCore/hardware/megaavr/2.6.11/libraries/PTC/src/ptc.c:972

  #if defined(__PTC_Tiny__)
  pPTC->XBM  = node->hw_xCh_bm[0];
     37c:	25 81       	ldd	r18, Z+5	; 0x05
     37e:	30 e0       	ldi	r19, 0x00	; 0
     380:	2e a3       	std	Y+38, r18	; 0x26
     382:	3f a3       	std	Y+39, r19	; 0x27
/Users/sukraaj.brench/Library/Arduino15/packages/megaTinyCore/hardware/megaavr/2.6.11/libraries/PTC/src/ptc.c:973
  pPTC->YBM  = node->hw_yCh_bm[0];
     384:	26 81       	ldd	r18, Z+6	; 0x06
     386:	30 e0       	ldi	r19, 0x00	; 0
     388:	2a a7       	std	Y+42, r18	; 0x2a
     38a:	3b a7       	std	Y+43, r19	; 0x2b
/Users/sukraaj.brench/Library/Arduino15/packages/megaTinyCore/hardware/megaavr/2.6.11/libraries/PTC/src/ptc.c:975

  if (chargeDelay < 0x1B) {
     38c:	8b 31       	cpi	r24, 0x1B	; 27
     38e:	e8 f4       	brcc	.+58     	; 0x3ca <ptc_start_conversion+0xaa>
/Users/sukraaj.brench/Library/Arduino15/packages/megaTinyCore/hardware/megaavr/2.6.11/libraries/PTC/src/ptc.c:976
    chargeDelay += 4;
     390:	8c 5f       	subi	r24, 0xFC	; 252
/Users/sukraaj.brench/Library/Arduino15/packages/megaTinyCore/hardware/megaavr/2.6.11/libraries/PTC/src/ptc.c:980
  } else {
    chargeDelay = 0x1F;
  }
  pPTC->SAMPCTRL = chargeDelay;
     392:	8d 83       	std	Y+5, r24	; 0x05
/Users/sukraaj.brench/Library/Arduino15/packages/megaTinyCore/hardware/megaavr/2.6.11/libraries/PTC/src/ptc.c:983


  pPTC->CTRLC = (node->hw_rsel_presc & 0x0F) | ADC_REFSEL_VDDREF_gc;
     394:	81 85       	ldd	r24, Z+9	; 0x09
     396:	28 2f       	mov	r18, r24
     398:	2f 70       	andi	r18, 0x0F	; 15
     39a:	20 61       	ori	r18, 0x10	; 16
     39c:	2a 83       	std	Y+2, r18	; 0x02
/Users/sukraaj.brench/Library/Arduino15/packages/megaTinyCore/hardware/megaavr/2.6.11/libraries/PTC/src/ptc.c:984
  pPTC->CTRLP |= 0x03;
     39e:	28 8d       	ldd	r18, Y+24	; 0x18
     3a0:	23 60       	ori	r18, 0x03	; 3
     3a2:	28 8f       	std	Y+24, r18	; 0x18
/Users/sukraaj.brench/Library/Arduino15/packages/megaTinyCore/hardware/megaavr/2.6.11/libraries/PTC/src/ptc.c:1024
  } else {
    pPTC->CTRL_SHIELD = 0;
  }
  #endif

  pPTC->COMP = node->hw_compCaps;
     3a4:	27 81       	ldd	r18, Z+7	; 0x07
     3a6:	30 85       	ldd	r19, Z+8	; 0x08
     3a8:	2a 8f       	std	Y+26, r18	; 0x1a
     3aa:	3b 8f       	std	Y+27, r19	; 0x1b
/Users/sukraaj.brench/Library/Arduino15/packages/megaTinyCore/hardware/megaavr/2.6.11/libraries/PTC/src/ptc.c:1025
  pPTC->AGAIN = analogGain;
     3ac:	9c 8f       	std	Y+28, r25	; 0x1c
/Users/sukraaj.brench/Library/Arduino15/packages/megaTinyCore/hardware/megaavr/2.6.11/libraries/PTC/src/ptc.c:1026
  pPTC->CTRLB = node->hw_gain_ovs & 0x0F;
     3ae:	92 85       	ldd	r25, Z+10	; 0x0a
     3b0:	9f 70       	andi	r25, 0x0F	; 15
     3b2:	99 83       	std	Y+1, r25	; 0x01
/Users/sukraaj.brench/Library/Arduino15/packages/megaTinyCore/hardware/megaavr/2.6.11/libraries/PTC/src/ptc.c:1027
  pPTC->RSEL = node->hw_rsel_presc / 16;
     3b4:	82 95       	swap	r24
     3b6:	8f 70       	andi	r24, 0x0F	; 15
     3b8:	89 8f       	std	Y+25, r24	; 0x19
/Users/sukraaj.brench/Library/Arduino15/packages/megaTinyCore/hardware/megaavr/2.6.11/libraries/PTC/src/ptc.c:1029

  pPTC->CTRLA = ADC_RUNSTBY_bm | ADC_ENABLE_bm; /* 0x81 */
     3ba:	81 e8       	ldi	r24, 0x81	; 129
     3bc:	88 83       	st	Y, r24
/Users/sukraaj.brench/Library/Arduino15/packages/megaTinyCore/hardware/megaavr/2.6.11/libraries/PTC/src/ptc.c:1031

  if (0 == node->state.low_power) {
     3be:	84 85       	ldd	r24, Z+12	; 0x0c
     3c0:	82 fd       	sbrc	r24, 2
     3c2:	05 c0       	rjmp	.+10     	; 0x3ce <ptc_start_conversion+0xae>
/Users/sukraaj.brench/Library/Arduino15/packages/megaTinyCore/hardware/megaavr/2.6.11/libraries/PTC/src/ptc.c:1032
    pPTC->COMMAND = 0x01; // Normal operation: Manual Start
     3c4:	81 e0       	ldi	r24, 0x01	; 1
     3c6:	88 87       	std	Y+8, r24	; 0x08
     3c8:	bc cf       	rjmp	.-136    	; 0x342 <ptc_start_conversion+0x22>
/Users/sukraaj.brench/Library/Arduino15/packages/megaTinyCore/hardware/megaavr/2.6.11/libraries/PTC/src/ptc.c:978
  pPTC->YBM  = node->hw_yCh_bm[0];

  if (chargeDelay < 0x1B) {
    chargeDelay += 4;
  } else {
    chargeDelay = 0x1F;
     3ca:	8f e1       	ldi	r24, 0x1F	; 31
     3cc:	e2 cf       	rjmp	.-60     	; 0x392 <ptc_start_conversion+0x72>
/Users/sukraaj.brench/Library/Arduino15/packages/megaTinyCore/hardware/megaavr/2.6.11/libraries/PTC/src/ptc.c:1034
  pPTC->CTRLA = ADC_RUNSTBY_bm | ADC_ENABLE_bm; /* 0x81 */

  if (0 == node->state.low_power) {
    pPTC->COMMAND = 0x01; // Normal operation: Manual Start
  } else {
    pPTC->EVCTRL = 0x01;  // Low Power: Start by positive flank on event
     3ce:	81 e0       	ldi	r24, 0x01	; 1
     3d0:	89 87       	std	Y+9, r24	; 0x09
     3d2:	b7 cf       	rjmp	.-146    	; 0x342 <ptc_start_conversion+0x22>

000003d4 <ptc_process_measurement>:
ptc_process_measurement():
/Users/sukraaj.brench/Library/Arduino15/packages/megaTinyCore/hardware/megaavr/2.6.11/libraries/PTC/src/ptc.c:536


/*
 * Internal functions only below. Not part of the API
 */
void ptc_process_measurement(cap_sensor_t *node) {
     3d4:	1f 93       	push	r17
     3d6:	cf 93       	push	r28
     3d8:	df 93       	push	r29
     3da:	fc 01       	movw	r30, r24
/Users/sukraaj.brench/Library/Arduino15/packages/megaTinyCore/hardware/megaavr/2.6.11/libraries/PTC/src/ptc.c:537
  if (node->state.error) {
     3dc:	84 85       	ldd	r24, Z+12	; 0x0c
     3de:	80 fd       	sbrc	r24, 0
     3e0:	9e c0       	rjmp	.+316    	; 0x51e <__LOCK_REGION_LENGTH__+0x11e>
/Users/sukraaj.brench/Library/Arduino15/packages/megaTinyCore/hardware/megaavr/2.6.11/libraries/PTC/src/ptc.c:541
    return;
  }

  if (node->state.data_ready != 0) {
     3e2:	83 ff       	sbrs	r24, 3
     3e4:	9c c0       	rjmp	.+312    	; 0x51e <__LOCK_REGION_LENGTH__+0x11e>
/Users/sukraaj.brench/Library/Arduino15/packages/megaTinyCore/hardware/megaavr/2.6.11/libraries/PTC/src/ptc.c:542
    node->state.data_ready = 0;
     3e6:	87 7f       	andi	r24, 0xF7	; 247
     3e8:	84 87       	std	Z+12, r24	; 0x0c
ptc_process_node_sm():
/Users/sukraaj.brench/Library/Arduino15/packages/megaTinyCore/hardware/megaavr/2.6.11/libraries/PTC/src/ptc.c:551
}



void ptc_process_node_sm(cap_sensor_t *node) {
  uint16_t nodeData   = node->sensorData;
     3ea:	c5 85       	ldd	r28, Z+13	; 0x0d
     3ec:	d6 85       	ldd	r29, Z+14	; 0x0e
/Users/sukraaj.brench/Library/Arduino15/packages/megaTinyCore/hardware/megaavr/2.6.11/libraries/PTC/src/ptc.c:552
  uint8_t  nodeSM     = node->stateMachine;
     3ee:	95 89       	ldd	r25, Z+21	; 0x15
/Users/sukraaj.brench/Library/Arduino15/packages/megaTinyCore/hardware/megaavr/2.6.11/libraries/PTC/src/ptc.c:553
  uint8_t  lastChange = node->lastStateChange;
     3f0:	76 89       	ldd	r23, Z+22	; 0x16
/Users/sukraaj.brench/Library/Arduino15/packages/megaTinyCore/hardware/megaavr/2.6.11/libraries/PTC/src/ptc.c:557
  uint16_t reference  = node->reference;
  int16_t  nodeDelta  = nodeData - reference;

  if (nodeSM == PTC_SM_NOINIT_CAL) {         /* Beginning here */
     3f2:	91 11       	cpse	r25, r1
     3f4:	98 c0       	rjmp	.+304    	; 0x526 <__LOCK_REGION_LENGTH__+0x126>
ptc_process_calibrate():
/Users/sukraaj.brench/Library/Arduino15/packages/megaTinyCore/hardware/megaavr/2.6.11/libraries/PTC/src/ptc.c:688

uint8_t ptc_process_calibrate(cap_sensor_t *node) {
  uint16_t rawData = node->sensorData;

  #if defined(__PTC_Tiny__)
  uint16_t compensation = node->hw_compCaps;
     3f6:	17 81       	ldd	r17, Z+7	; 0x07
     3f8:	30 85       	ldd	r19, Z+8	; 0x08
/Users/sukraaj.brench/Library/Arduino15/packages/megaTinyCore/hardware/megaavr/2.6.11/libraries/PTC/src/ptc.c:692
  uint8_t cc_accurate =             compensation        & 0x0F;
  uint8_t cc_fine = ((uint8_t) compensation >> 4)  & 0x0F;
  uint8_t cc_coarse = (uint8_t)(compensation >> 8)  & 0x0F;
  uint8_t cc_add_rough = (uint8_t)(compensation >> 8)  & 0xC0;
     3fa:	63 2f       	mov	r22, r19
     3fc:	60 7c       	andi	r22, 0xC0	; 192
/Users/sukraaj.brench/Library/Arduino15/packages/megaTinyCore/hardware/megaavr/2.6.11/libraries/PTC/src/ptc.c:699

  //uint8_t err = 0;

  int8_t dirOvf;
  int8_t dir;
  if (rawData > 0x01FF) {
     3fe:	c1 15       	cp	r28, r1
     400:	22 e0       	ldi	r18, 0x02	; 2
     402:	d2 07       	cpc	r29, r18
     404:	18 f1       	brcs	.+70     	; 0x44c <__LOCK_REGION_LENGTH__+0x4c>
/Users/sukraaj.brench/Library/Arduino15/packages/megaTinyCore/hardware/megaavr/2.6.11/libraries/PTC/src/ptc.c:700
    rawData = rawData - 0x1FF;
     406:	ce 01       	movw	r24, r28
     408:	8f 5f       	subi	r24, 0xFF	; 255
     40a:	91 40       	sbci	r25, 0x01	; 1
/Users/sukraaj.brench/Library/Arduino15/packages/megaTinyCore/hardware/megaavr/2.6.11/libraries/PTC/src/ptc.c:701
    if (rawData < 4) {
     40c:	84 30       	cpi	r24, 0x04	; 4
     40e:	91 05       	cpc	r25, r1
     410:	08 f4       	brcc	.+2      	; 0x414 <__LOCK_REGION_LENGTH__+0x14>
     412:	79 c0       	rjmp	.+242    	; 0x506 <__LOCK_REGION_LENGTH__+0x106>
/Users/sukraaj.brench/Library/Arduino15/packages/megaTinyCore/hardware/megaavr/2.6.11/libraries/PTC/src/ptc.c:705
      return PTC_LIB_CALIB_DONE;
    }

    if (node->type & NODE_MUTUAL_bm) {
     414:	22 81       	ldd	r18, Z+2	; 0x02
     416:	20 ff       	sbrs	r18, 0
     418:	05 c0       	rjmp	.+10     	; 0x424 <__LOCK_REGION_LENGTH__+0x24>
/Users/sukraaj.brench/Library/Arduino15/packages/megaTinyCore/hardware/megaavr/2.6.11/libraries/PTC/src/ptc.c:708
      dir = -1;
      dirOvf = -6;
      rawData /= 2;
     41a:	96 95       	lsr	r25
     41c:	87 95       	ror	r24
ptc_process_measurement():
/Users/sukraaj.brench/Library/Arduino15/packages/megaTinyCore/hardware/megaavr/2.6.11/libraries/PTC/src/ptc.c:730
    if (node->type & NODE_MUTUAL_bm) {
      dir = 1;
      dirOvf = 6;
      rawData /= 2;
    } else {
      dir = -1;
     41e:	5f ef       	ldi	r21, 0xFF	; 255
/Users/sukraaj.brench/Library/Arduino15/packages/megaTinyCore/hardware/megaavr/2.6.11/libraries/PTC/src/ptc.c:731
      dirOvf = -6;
     420:	ba ef       	ldi	r27, 0xFA	; 250
     422:	0a c0       	rjmp	.+20     	; 0x438 <__LOCK_REGION_LENGTH__+0x38>
ptc_process_calibrate():
/Users/sukraaj.brench/Library/Arduino15/packages/megaTinyCore/hardware/megaavr/2.6.11/libraries/PTC/src/ptc.c:712
      dirOvf = -6;
      rawData /= 2;
    } else {
      dir = 1;
      dirOvf = 6;
      if (rawData > 0x0100) {
     424:	81 30       	cpi	r24, 0x01	; 1
     426:	21 e0       	ldi	r18, 0x01	; 1
     428:	92 07       	cpc	r25, r18
     42a:	20 f0       	brcs	.+8      	; 0x434 <__LOCK_REGION_LENGTH__+0x34>
/Users/sukraaj.brench/Library/Arduino15/packages/megaTinyCore/hardware/megaavr/2.6.11/libraries/PTC/src/ptc.c:714
        if (cc_add_rough <= 0xC0) {
          cc_add_rough = (cc_add_rough + 0x40);
     42c:	60 5c       	subi	r22, 0xC0	; 192
/Users/sukraaj.brench/Library/Arduino15/packages/megaTinyCore/hardware/megaavr/2.6.11/libraries/PTC/src/ptc.c:715
          rawData -= 0xF0;
     42e:	ce 01       	movw	r24, r28
     430:	8f 5e       	subi	r24, 0xEF	; 239
     432:	92 40       	sbci	r25, 0x02	; 2
ptc_process_measurement():
/Users/sukraaj.brench/Library/Arduino15/packages/megaTinyCore/hardware/megaavr/2.6.11/libraries/PTC/src/ptc.c:710
    if (node->type & NODE_MUTUAL_bm) {
      dir = -1;
      dirOvf = -6;
      rawData /= 2;
    } else {
      dir = 1;
     434:	51 e0       	ldi	r21, 0x01	; 1
/Users/sukraaj.brench/Library/Arduino15/packages/megaTinyCore/hardware/megaavr/2.6.11/libraries/PTC/src/ptc.c:711
      dirOvf = 6;
     436:	b6 e0       	ldi	r27, 0x06	; 6
ptc_process_calibrate():
/Users/sukraaj.brench/Library/Arduino15/packages/megaTinyCore/hardware/megaavr/2.6.11/libraries/PTC/src/ptc.c:690
  uint16_t rawData = node->sensorData;

  #if defined(__PTC_Tiny__)
  uint16_t compensation = node->hw_compCaps;
  uint8_t cc_accurate =             compensation        & 0x0F;
  uint8_t cc_fine = ((uint8_t) compensation >> 4)  & 0x0F;
     438:	a1 2f       	mov	r26, r17
     43a:	a2 95       	swap	r26
     43c:	af 70       	andi	r26, 0x0F	; 15
/Users/sukraaj.brench/Library/Arduino15/packages/megaTinyCore/hardware/megaavr/2.6.11/libraries/PTC/src/ptc.c:691
  uint8_t cc_coarse = (uint8_t)(compensation >> 8)  & 0x0F;
     43e:	43 2f       	mov	r20, r19
     440:	4f 70       	andi	r20, 0x0F	; 15
/Users/sukraaj.brench/Library/Arduino15/packages/megaTinyCore/hardware/megaavr/2.6.11/libraries/PTC/src/ptc.c:693
  uint8_t cc_add_rough = (uint8_t)(compensation >> 8)  & 0xC0;
  uint8_t cc_rough  = (uint8_t)(compensation >> 12) & 0x03;
     442:	32 95       	swap	r19
     444:	3f 70       	andi	r19, 0x0F	; 15
     446:	23 2f       	mov	r18, r19
     448:	23 70       	andi	r18, 0x03	; 3
     44a:	3a c0       	rjmp	.+116    	; 0x4c0 <__LOCK_REGION_LENGTH__+0xc0>
/Users/sukraaj.brench/Library/Arduino15/packages/megaTinyCore/hardware/megaavr/2.6.11/libraries/PTC/src/ptc.c:720
          rawData -= 0xF0;
        }
      }
    }
  } else {
    rawData = 0x1FF - rawData;
     44c:	8f ef       	ldi	r24, 0xFF	; 255
     44e:	91 e0       	ldi	r25, 0x01	; 1
     450:	8c 1b       	sub	r24, r28
     452:	9d 0b       	sbc	r25, r29
/Users/sukraaj.brench/Library/Arduino15/packages/megaTinyCore/hardware/megaavr/2.6.11/libraries/PTC/src/ptc.c:721
    if (rawData < 4) {
     454:	84 30       	cpi	r24, 0x04	; 4
     456:	91 05       	cpc	r25, r1
     458:	08 f4       	brcc	.+2      	; 0x45c <__LOCK_REGION_LENGTH__+0x5c>
     45a:	55 c0       	rjmp	.+170    	; 0x506 <__LOCK_REGION_LENGTH__+0x106>
/Users/sukraaj.brench/Library/Arduino15/packages/megaTinyCore/hardware/megaavr/2.6.11/libraries/PTC/src/ptc.c:725
      return PTC_LIB_CALIB_DONE;
    }

    if (node->type & NODE_MUTUAL_bm) {
     45c:	22 81       	ldd	r18, Z+2	; 0x02
     45e:	20 ff       	sbrs	r18, 0
     460:	03 c0       	rjmp	.+6      	; 0x468 <__LOCK_REGION_LENGTH__+0x68>
/Users/sukraaj.brench/Library/Arduino15/packages/megaTinyCore/hardware/megaavr/2.6.11/libraries/PTC/src/ptc.c:728
      dir = 1;
      dirOvf = 6;
      rawData /= 2;
     462:	96 95       	lsr	r25
     464:	87 95       	ror	r24
     466:	e6 cf       	rjmp	.-52     	; 0x434 <__LOCK_REGION_LENGTH__+0x34>
/Users/sukraaj.brench/Library/Arduino15/packages/megaTinyCore/hardware/megaavr/2.6.11/libraries/PTC/src/ptc.c:732
    } else {
      dir = -1;
      dirOvf = -6;
      if (rawData > 0x0100) {
     468:	81 30       	cpi	r24, 0x01	; 1
     46a:	21 e0       	ldi	r18, 0x01	; 1
     46c:	92 07       	cpc	r25, r18
     46e:	b8 f2       	brcs	.-82     	; 0x41e <__LOCK_REGION_LENGTH__+0x1e>
/Users/sukraaj.brench/Library/Arduino15/packages/megaTinyCore/hardware/megaavr/2.6.11/libraries/PTC/src/ptc.c:733
        if (cc_add_rough >= 0x40) {
     470:	60 34       	cpi	r22, 0x40	; 64
     472:	a8 f2       	brcs	.-86     	; 0x41e <__LOCK_REGION_LENGTH__+0x1e>
/Users/sukraaj.brench/Library/Arduino15/packages/megaTinyCore/hardware/megaavr/2.6.11/libraries/PTC/src/ptc.c:734
          cc_add_rough = (cc_add_rough - 0x40);
     474:	60 54       	subi	r22, 0x40	; 64
/Users/sukraaj.brench/Library/Arduino15/packages/megaTinyCore/hardware/megaavr/2.6.11/libraries/PTC/src/ptc.c:735
          rawData -= 0xF0;
     476:	8f e0       	ldi	r24, 0x0F	; 15
     478:	91 e0       	ldi	r25, 0x01	; 1
     47a:	8c 1b       	sub	r24, r28
     47c:	9d 0b       	sbc	r25, r29
     47e:	cf cf       	rjmp	.-98     	; 0x41e <__LOCK_REGION_LENGTH__+0x1e>
/Users/sukraaj.brench/Library/Arduino15/packages/megaTinyCore/hardware/megaavr/2.6.11/libraries/PTC/src/ptc.c:743
    }
  }

  while (rawData > 0x0001) {
    while (rawData > 0x00CF) {
      cc_rough += dir;            // this algorithm takes advantage of integer underflow
     480:	35 2f       	mov	r19, r21
     482:	32 0f       	add	r19, r18
/Users/sukraaj.brench/Library/Arduino15/packages/megaTinyCore/hardware/megaavr/2.6.11/libraries/PTC/src/ptc.c:744
      if (cc_rough > 0x03) {      // by checking against >0x03, we can also check for 0xFF aka -1
     484:	34 30       	cpi	r19, 0x04	; 4
     486:	30 f4       	brcc	.+12     	; 0x494 <__LOCK_REGION_LENGTH__+0x94>
/Users/sukraaj.brench/Library/Arduino15/packages/megaTinyCore/hardware/megaavr/2.6.11/libraries/PTC/src/ptc.c:748
        cc_rough -= dir;          // thus saving some flash. +/-1 can be made in one insn
        break;                    // by using sub reg with 0xFF or 0x01 in a reg respectively
      }
      rawData -= 0xCF;
     488:	8f 5c       	subi	r24, 0xCF	; 207
     48a:	91 09       	sbc	r25, r1
     48c:	23 2f       	mov	r18, r19
/Users/sukraaj.brench/Library/Arduino15/packages/megaTinyCore/hardware/megaavr/2.6.11/libraries/PTC/src/ptc.c:742
      }
    }
  }

  while (rawData > 0x0001) {
    while (rawData > 0x00CF) {
     48e:	80 3d       	cpi	r24, 0xD0	; 208
     490:	91 05       	cpc	r25, r1
     492:	b0 f7       	brcc	.-20     	; 0x480 <__LOCK_REGION_LENGTH__+0x80>
/Users/sukraaj.brench/Library/Arduino15/packages/megaTinyCore/hardware/megaavr/2.6.11/libraries/PTC/src/ptc.c:751
        break;                    // by using sub reg with 0xFF or 0x01 in a reg respectively
      }
      rawData -= 0xCF;
    }

    while (rawData > 0x0015) {
     494:	86 31       	cpi	r24, 0x16	; 22
     496:	91 05       	cpc	r25, r1
     498:	38 f5       	brcc	.+78     	; 0x4e8 <__LOCK_REGION_LENGTH__+0xe8>
/Users/sukraaj.brench/Library/Arduino15/packages/megaTinyCore/hardware/megaavr/2.6.11/libraries/PTC/src/ptc.c:758
      if (cc_coarse > 0x0F) {
        break;
      }
      rawData -= 0x15;
    }
    if (cc_coarse > 0x0F) {
     49a:	40 31       	cpi	r20, 0x10	; 16
     49c:	28 f0       	brcs	.+10     	; 0x4a8 <__LOCK_REGION_LENGTH__+0xa8>
/Users/sukraaj.brench/Library/Arduino15/packages/megaTinyCore/hardware/megaavr/2.6.11/libraries/PTC/src/ptc.c:759
      cc_rough += dir;
     49e:	32 2f       	mov	r19, r18
     4a0:	35 0f       	add	r19, r21
/Users/sukraaj.brench/Library/Arduino15/packages/megaTinyCore/hardware/megaavr/2.6.11/libraries/PTC/src/ptc.c:760
      if (cc_rough > 0x03) {
     4a2:	34 30       	cpi	r19, 0x04	; 4
     4a4:	30 f1       	brcs	.+76     	; 0x4f2 <__LOCK_REGION_LENGTH__+0xf2>
/Users/sukraaj.brench/Library/Arduino15/packages/megaTinyCore/hardware/megaavr/2.6.11/libraries/PTC/src/ptc.c:762
        cc_rough -= dir;
        cc_coarse -= dir;
     4a6:	45 1b       	sub	r20, r21
/Users/sukraaj.brench/Library/Arduino15/packages/megaTinyCore/hardware/megaavr/2.6.11/libraries/PTC/src/ptc.c:769
        cc_coarse -= dirOvf;
      }
    }


    while (rawData > 0x0001) {
     4a8:	82 30       	cpi	r24, 0x02	; 2
     4aa:	91 05       	cpc	r25, r1
     4ac:	28 f5       	brcc	.+74     	; 0x4f8 <__LOCK_REGION_LENGTH__+0xf8>
/Users/sukraaj.brench/Library/Arduino15/packages/megaTinyCore/hardware/megaavr/2.6.11/libraries/PTC/src/ptc.c:777
        break;
      }
      rawData -= 0x02;
    }

    if (cc_fine > 0x0F) {
     4ae:	a0 31       	cpi	r26, 0x10	; 16
     4b0:	38 f0       	brcs	.+14     	; 0x4c0 <__LOCK_REGION_LENGTH__+0xc0>
/Users/sukraaj.brench/Library/Arduino15/packages/megaTinyCore/hardware/megaavr/2.6.11/libraries/PTC/src/ptc.c:778
      cc_coarse += dir;
     4b2:	45 0f       	add	r20, r21
/Users/sukraaj.brench/Library/Arduino15/packages/megaTinyCore/hardware/megaavr/2.6.11/libraries/PTC/src/ptc.c:779
      if (cc_coarse > 0x0F) {
     4b4:	40 31       	cpi	r20, 0x10	; 16
     4b6:	28 f1       	brcs	.+74     	; 0x502 <__LOCK_REGION_LENGTH__+0x102>
/Users/sukraaj.brench/Library/Arduino15/packages/megaTinyCore/hardware/megaavr/2.6.11/libraries/PTC/src/ptc.c:780
        cc_rough += dir;
     4b8:	25 0f       	add	r18, r21
/Users/sukraaj.brench/Library/Arduino15/packages/megaTinyCore/hardware/megaavr/2.6.11/libraries/PTC/src/ptc.c:781
        if (cc_rough > 0x03) {
     4ba:	24 30       	cpi	r18, 0x04	; 4
     4bc:	68 f5       	brcc	.+90     	; 0x518 <__LOCK_REGION_LENGTH__+0x118>
/Users/sukraaj.brench/Library/Arduino15/packages/megaTinyCore/hardware/megaavr/2.6.11/libraries/PTC/src/ptc.c:791
            return PTC_LIB_CALIB_TOO_LOW;
          } else {
            return PTC_LIB_CALIB_TOO_HIGH;
          }
        } else {
          cc_coarse -= dirOvf;
     4be:	4b 1b       	sub	r20, r27
/Users/sukraaj.brench/Library/Arduino15/packages/megaTinyCore/hardware/megaavr/2.6.11/libraries/PTC/src/ptc.c:741
        }
      }
    }
  }

  while (rawData > 0x0001) {
     4c0:	82 30       	cpi	r24, 0x02	; 2
     4c2:	91 05       	cpc	r25, r1
     4c4:	20 f7       	brcc	.-56     	; 0x48e <__LOCK_REGION_LENGTH__+0x8e>
/Users/sukraaj.brench/Library/Arduino15/packages/megaTinyCore/hardware/megaavr/2.6.11/libraries/PTC/src/ptc.c:800
      }
    } /* if (cc_fine > 0x0F) */
  } /* (rawData > 0x0001) */


  cc_fine <<= 4;
     4c6:	a2 95       	swap	r26
     4c8:	a0 7f       	andi	r26, 0xF0	; 240
/Users/sukraaj.brench/Library/Arduino15/packages/megaTinyCore/hardware/megaavr/2.6.11/libraries/PTC/src/ptc.c:801
  cc_rough <<= 4;
     4ca:	22 95       	swap	r18
     4cc:	20 7f       	andi	r18, 0xF0	; 240
/Users/sukraaj.brench/Library/Arduino15/packages/megaTinyCore/hardware/megaavr/2.6.11/libraries/PTC/src/ptc.c:803
  cc_rough |= cc_add_rough;
  cc_rough |= cc_coarse;
     4ce:	46 2b       	or	r20, r22
     4d0:	24 2b       	or	r18, r20
/Users/sukraaj.brench/Library/Arduino15/packages/megaTinyCore/hardware/megaavr/2.6.11/libraries/PTC/src/ptc.c:689
uint8_t ptc_process_calibrate(cap_sensor_t *node) {
  uint16_t rawData = node->sensorData;

  #if defined(__PTC_Tiny__)
  uint16_t compensation = node->hw_compCaps;
  uint8_t cc_accurate =             compensation        & 0x0F;
     4d2:	1f 70       	andi	r17, 0x0F	; 15
/Users/sukraaj.brench/Library/Arduino15/packages/megaTinyCore/hardware/megaavr/2.6.11/libraries/PTC/src/ptc.c:804

  cc_fine <<= 4;
  cc_rough <<= 4;
  cc_rough |= cc_add_rough;
  cc_rough |= cc_coarse;
  cc_fine  |= cc_accurate;
     4d4:	a1 2b       	or	r26, r17
/Users/sukraaj.brench/Library/Arduino15/packages/megaTinyCore/hardware/megaavr/2.6.11/libraries/PTC/src/ptc.c:805
  node->hw_compCaps = (uint16_t)((cc_rough << 8) | cc_fine);
     4d6:	32 2f       	mov	r19, r18
     4d8:	2a 2f       	mov	r18, r26
     4da:	27 83       	std	Z+7, r18	; 0x07
     4dc:	30 87       	std	Z+8, r19	; 0x08
ptc_process_node_sm():
/Users/sukraaj.brench/Library/Arduino15/packages/megaTinyCore/hardware/megaavr/2.6.11/libraries/PTC/src/ptc.c:567
        nodeSM = PTC_SM_LOW_POWER;
      } else {
        nodeSM = PTC_SM_NO_TOUCH;
      }
      ptc_event_cb_calibration(PTC_CB_EVENT_CONV_CALIB, node);
    } else if (PTC_LIB_SUCCESS != retVal || lastChange > 10) {  // if we stay here for over 10 conversions, something didn't went right
     4de:	7b 30       	cpi	r23, 0x0B	; 11
     4e0:	d8 f4       	brcc	.+54     	; 0x518 <__LOCK_REGION_LENGTH__+0x118>
/Users/sukraaj.brench/Library/Arduino15/packages/megaTinyCore/hardware/megaavr/2.6.11/libraries/PTC/src/ptc.c:678

  if (node->stateMachine != nodeSM) {
    node->lastStateChange = 0;
    node->stateMachine = nodeSM;
  } else {
    node->lastStateChange = lastChange + 1;
     4e2:	7f 5f       	subi	r23, 0xFF	; 255
     4e4:	76 8b       	std	Z+22, r23	; 0x16
     4e6:	1b c0       	rjmp	.+54     	; 0x51e <__LOCK_REGION_LENGTH__+0x11e>
ptc_process_calibrate():
/Users/sukraaj.brench/Library/Arduino15/packages/megaTinyCore/hardware/megaavr/2.6.11/libraries/PTC/src/ptc.c:752
      }
      rawData -= 0xCF;
    }

    while (rawData > 0x0015) {
      cc_coarse += dir;
     4e8:	45 0f       	add	r20, r21
/Users/sukraaj.brench/Library/Arduino15/packages/megaTinyCore/hardware/megaavr/2.6.11/libraries/PTC/src/ptc.c:753
      if (cc_coarse > 0x0F) {
     4ea:	40 31       	cpi	r20, 0x10	; 16
     4ec:	c0 f6       	brcc	.-80     	; 0x49e <__LOCK_REGION_LENGTH__+0x9e>
/Users/sukraaj.brench/Library/Arduino15/packages/megaTinyCore/hardware/megaavr/2.6.11/libraries/PTC/src/ptc.c:756
        break;
      }
      rawData -= 0x15;
     4ee:	45 97       	sbiw	r24, 0x15	; 21
     4f0:	d1 cf       	rjmp	.-94     	; 0x494 <__LOCK_REGION_LENGTH__+0x94>
/Users/sukraaj.brench/Library/Arduino15/packages/megaTinyCore/hardware/megaavr/2.6.11/libraries/PTC/src/ptc.c:764
      cc_rough += dir;
      if (cc_rough > 0x03) {
        cc_rough -= dir;
        cc_coarse -= dir;
      } else {
        cc_coarse -= dirOvf;
     4f2:	4b 1b       	sub	r20, r27
     4f4:	23 2f       	mov	r18, r19
     4f6:	d8 cf       	rjmp	.-80     	; 0x4a8 <__LOCK_REGION_LENGTH__+0xa8>
/Users/sukraaj.brench/Library/Arduino15/packages/megaTinyCore/hardware/megaavr/2.6.11/libraries/PTC/src/ptc.c:770
      }
    }


    while (rawData > 0x0001) {
      cc_fine += dir;
     4f8:	a5 0f       	add	r26, r21
/Users/sukraaj.brench/Library/Arduino15/packages/megaTinyCore/hardware/megaavr/2.6.11/libraries/PTC/src/ptc.c:771
      if (cc_fine > 0x0F) {
     4fa:	a0 31       	cpi	r26, 0x10	; 16
     4fc:	d0 f6       	brcc	.-76     	; 0x4b2 <__LOCK_REGION_LENGTH__+0xb2>
/Users/sukraaj.brench/Library/Arduino15/packages/megaTinyCore/hardware/megaavr/2.6.11/libraries/PTC/src/ptc.c:774
        break;
      }
      rawData -= 0x02;
     4fe:	02 97       	sbiw	r24, 0x02	; 2
     500:	d3 cf       	rjmp	.-90     	; 0x4a8 <__LOCK_REGION_LENGTH__+0xa8>
/Users/sukraaj.brench/Library/Arduino15/packages/megaTinyCore/hardware/megaavr/2.6.11/libraries/PTC/src/ptc.c:794
          }
        } else {
          cc_coarse -= dirOvf;
        }
      } else {
        cc_fine -= dirOvf;
     502:	ab 1b       	sub	r26, r27
     504:	dd cf       	rjmp	.-70     	; 0x4c0 <__LOCK_REGION_LENGTH__+0xc0>
ptc_process_node_sm():
/Users/sukraaj.brench/Library/Arduino15/packages/megaTinyCore/hardware/megaavr/2.6.11/libraries/PTC/src/ptc.c:560
  int16_t  nodeDelta  = nodeData - reference;

  if (nodeSM == PTC_SM_NOINIT_CAL) {         /* Beginning here */
    uint8_t retVal = ptc_process_calibrate(node);
    if (PTC_LIB_CALIB_DONE == retVal) {
      node->reference = nodeData;
     506:	c7 87       	std	Z+15, r28	; 0x0f
     508:	d0 8b       	std	Z+16, r29	; 0x10
/Users/sukraaj.brench/Library/Arduino15/packages/megaTinyCore/hardware/megaavr/2.6.11/libraries/PTC/src/ptc.c:561
      if (node->state.low_power) {
     50a:	84 85       	ldd	r24, Z+12	; 0x0c
     50c:	82 ff       	sbrs	r24, 2
     50e:	b3 c0       	rjmp	.+358    	; 0x676 <__LOCK_REGION_LENGTH__+0x276>
ptc_process_measurement():
/Users/sukraaj.brench/Library/Arduino15/packages/megaTinyCore/hardware/megaavr/2.6.11/libraries/PTC/src/ptc.c:562
        nodeSM = PTC_SM_LOW_POWER;
     510:	80 e8       	ldi	r24, 0x80	; 128
ptc_process_node_sm():
/Users/sukraaj.brench/Library/Arduino15/packages/megaTinyCore/hardware/megaavr/2.6.11/libraries/PTC/src/ptc.c:675

  }


  if (node->stateMachine != nodeSM) {
    node->lastStateChange = 0;
     512:	16 8a       	std	Z+22, r1	; 0x16
/Users/sukraaj.brench/Library/Arduino15/packages/megaTinyCore/hardware/megaavr/2.6.11/libraries/PTC/src/ptc.c:676
    node->stateMachine = nodeSM;
     514:	85 8b       	std	Z+21, r24	; 0x15
     516:	03 c0       	rjmp	.+6      	; 0x51e <__LOCK_REGION_LENGTH__+0x11e>
/Users/sukraaj.brench/Library/Arduino15/packages/megaTinyCore/hardware/megaavr/2.6.11/libraries/PTC/src/ptc.c:568
      } else {
        nodeSM = PTC_SM_NO_TOUCH;
      }
      ptc_event_cb_calibration(PTC_CB_EVENT_CONV_CALIB, node);
    } else if (PTC_LIB_SUCCESS != retVal || lastChange > 10) {  // if we stay here for over 10 conversions, something didn't went right
      node->state.error = 1;
     518:	84 85       	ldd	r24, Z+12	; 0x0c
     51a:	81 60       	ori	r24, 0x01	; 1
     51c:	84 87       	std	Z+12, r24	; 0x0c
ptc_process_measurement():
/Users/sukraaj.brench/Library/Arduino15/packages/megaTinyCore/hardware/megaavr/2.6.11/libraries/PTC/src/ptc.c:546
  if (node->state.data_ready != 0) {
    node->state.data_ready = 0;
    ptc_process_node_sm(node);
    ptc_event_cb_conversion(PTC_CB_EVENT_CONV_CMPL, node);
  }
}
     51e:	df 91       	pop	r29
     520:	cf 91       	pop	r28
     522:	1f 91       	pop	r17
     524:	08 95       	ret
ptc_process_node_sm():
/Users/sukraaj.brench/Library/Arduino15/packages/megaTinyCore/hardware/megaavr/2.6.11/libraries/PTC/src/ptc.c:554

void ptc_process_node_sm(cap_sensor_t *node) {
  uint16_t nodeData   = node->sensorData;
  uint8_t  nodeSM     = node->stateMachine;
  uint8_t  lastChange = node->lastStateChange;
  uint16_t reference  = node->reference;
     526:	47 85       	ldd	r20, Z+15	; 0x0f
     528:	50 89       	ldd	r21, Z+16	; 0x10
/Users/sukraaj.brench/Library/Arduino15/packages/megaTinyCore/hardware/megaavr/2.6.11/libraries/PTC/src/ptc.c:555
  int16_t  nodeDelta  = nodeData - reference;
     52a:	c4 1b       	sub	r28, r20
     52c:	d5 0b       	sbc	r29, r21
/Users/sukraaj.brench/Library/Arduino15/packages/megaTinyCore/hardware/megaavr/2.6.11/libraries/PTC/src/ptc.c:581
      return;
    } else if (PTC_LIB_SUCCESS == retVal) {
      // calibration didn't finish (yet), but didn't threw an error
    }

  } else if (nodeSM & PTC_SM_RECAL_FLT) {   /* if the delta was really low, we might have to recalibrate the caps */
     52e:	90 ff       	sbrs	r25, 0
     530:	07 c0       	rjmp	.+14     	; 0x540 <__LOCK_REGION_LENGTH__+0x140>
/Users/sukraaj.brench/Library/Arduino15/packages/megaTinyCore/hardware/megaavr/2.6.11/libraries/PTC/src/ptc.c:582
    if (nodeDelta > -150) {
     532:	cb 36       	cpi	r28, 0x6B	; 107
     534:	df 4f       	sbci	r29, 0xFF	; 255
     536:	9c f4       	brge	.+38     	; 0x55e <__LOCK_REGION_LENGTH__+0x15e>
/Users/sukraaj.brench/Library/Arduino15/packages/megaTinyCore/hardware/megaavr/2.6.11/libraries/PTC/src/ptc.c:584
      nodeSM = PTC_SM_NO_TOUCH;
    } else if (lastChange > 3) {
     538:	74 30       	cpi	r23, 0x04	; 4
     53a:	98 f2       	brcs	.-90     	; 0x4e2 <__LOCK_REGION_LENGTH__+0xe2>
ptc_process_measurement():
/Users/sukraaj.brench/Library/Arduino15/packages/megaTinyCore/hardware/megaavr/2.6.11/libraries/PTC/src/ptc.c:585
      nodeSM = PTC_SM_NOINIT_CAL;
     53c:	80 e0       	ldi	r24, 0x00	; 0
     53e:	e9 cf       	rjmp	.-46     	; 0x512 <__LOCK_REGION_LENGTH__+0x112>
ptc_process_node_sm():
/Users/sukraaj.brench/Library/Arduino15/packages/megaTinyCore/hardware/megaavr/2.6.11/libraries/PTC/src/ptc.c:589
    }


  } else if (nodeSM & PTC_SM_NT_LOW_FLT) {   /* no touch, delta below -1, threshold drift */
     540:	91 ff       	sbrs	r25, 1
     542:	0f c0       	rjmp	.+30     	; 0x562 <__LOCK_REGION_LENGTH__+0x162>
/Users/sukraaj.brench/Library/Arduino15/packages/megaTinyCore/hardware/megaavr/2.6.11/libraries/PTC/src/ptc.c:590
    if (nodeDelta > 0) {
     544:	1c 16       	cp	r1, r28
     546:	1d 06       	cpc	r1, r29
     548:	54 f0       	brlt	.+20     	; 0x55e <__LOCK_REGION_LENGTH__+0x15e>
/Users/sukraaj.brench/Library/Arduino15/packages/megaTinyCore/hardware/megaavr/2.6.11/libraries/PTC/src/ptc.c:592
      nodeSM = PTC_SM_NO_TOUCH;
    } else if (nodeDelta < -150) {
     54a:	ca 36       	cpi	r28, 0x6A	; 106
     54c:	df 4f       	sbci	r29, 0xFF	; 255
     54e:	0c f4       	brge	.+2      	; 0x552 <__LOCK_REGION_LENGTH__+0x152>
     550:	8c c0       	rjmp	.+280    	; 0x66a <__LOCK_REGION_LENGTH__+0x26a>
/Users/sukraaj.brench/Library/Arduino15/packages/megaTinyCore/hardware/megaavr/2.6.11/libraries/PTC/src/ptc.c:595
      nodeSM = PTC_SM_RECAL_FLT;
    } else if (lastChange > ptc_sm_settings.drift_down_nom) {  /* By using '>' the drift can be disabled with integer overflow */
      node->reference--;
     552:	41 50       	subi	r20, 0x01	; 1
     554:	51 09       	sbc	r21, r1
/Users/sukraaj.brench/Library/Arduino15/packages/megaTinyCore/hardware/megaavr/2.6.11/libraries/PTC/src/ptc.c:594
  } else if (nodeSM & PTC_SM_NT_LOW_FLT) {   /* no touch, delta below -1, threshold drift */
    if (nodeDelta > 0) {
      nodeSM = PTC_SM_NO_TOUCH;
    } else if (nodeDelta < -150) {
      nodeSM = PTC_SM_RECAL_FLT;
    } else if (lastChange > ptc_sm_settings.drift_down_nom) {  /* By using '>' the drift can be disabled with integer overflow */
     556:	70 31       	cpi	r23, 0x10	; 16
     558:	20 f2       	brcs	.-120    	; 0x4e2 <__LOCK_REGION_LENGTH__+0xe2>
/Users/sukraaj.brench/Library/Arduino15/packages/megaTinyCore/hardware/megaavr/2.6.11/libraries/PTC/src/ptc.c:622
    if (nodeDelta < 0) {
      nodeSM = PTC_SM_NO_TOUCH;
    } else if (nodeDelta >= node->touch_in_th) {
      nodeSM = PTC_SM_TOUCH_IN_FLT;
    } else if (lastChange > ptc_sm_settings.drift_up_nom) {
      node->reference++;
     55a:	47 87       	std	Z+15, r20	; 0x0f
     55c:	50 8b       	std	Z+16, r21	; 0x10
ptc_process_measurement():
/Users/sukraaj.brench/Library/Arduino15/packages/megaTinyCore/hardware/megaavr/2.6.11/libraries/PTC/src/ptc.c:583
      // calibration didn't finish (yet), but didn't threw an error
    }

  } else if (nodeSM & PTC_SM_RECAL_FLT) {   /* if the delta was really low, we might have to recalibrate the caps */
    if (nodeDelta > -150) {
      nodeSM = PTC_SM_NO_TOUCH;
     55e:	84 e0       	ldi	r24, 0x04	; 4
     560:	1b c0       	rjmp	.+54     	; 0x598 <__LOCK_REGION_LENGTH__+0x198>
ptc_process_node_sm():
/Users/sukraaj.brench/Library/Arduino15/packages/megaTinyCore/hardware/megaavr/2.6.11/libraries/PTC/src/ptc.c:600
      node->reference--;
      nodeSM = PTC_SM_NO_TOUCH;
    }


  } else if (nodeSM & PTC_SM_NO_TOUCH) {  /* default State, no touch */
     562:	92 ff       	sbrs	r25, 2
     564:	1c c0       	rjmp	.+56     	; 0x59e <__LOCK_REGION_LENGTH__+0x19e>
/Users/sukraaj.brench/Library/Arduino15/packages/megaTinyCore/hardware/megaavr/2.6.11/libraries/PTC/src/ptc.c:601
    if (nodeDelta < -150) {               /* if the touch value is way too small, something changed with the lines, recalibrate */
     566:	ca 36       	cpi	r28, 0x6A	; 106
     568:	8f ef       	ldi	r24, 0xFF	; 255
     56a:	d8 07       	cpc	r29, r24
     56c:	0c f4       	brge	.+2      	; 0x570 <__LOCK_REGION_LENGTH__+0x170>
     56e:	7d c0       	rjmp	.+250    	; 0x66a <__LOCK_REGION_LENGTH__+0x26a>
/Users/sukraaj.brench/Library/Arduino15/packages/megaTinyCore/hardware/megaavr/2.6.11/libraries/PTC/src/ptc.c:603
      nodeSM = PTC_SM_RECAL_FLT;
    } else if (nodeDelta >= node->touch_in_th) {
     570:	a1 89       	ldd	r26, Z+17	; 0x11
     572:	b2 89       	ldd	r27, Z+18	; 0x12
     574:	ca 17       	cp	r28, r26
     576:	db 07       	cpc	r29, r27
     578:	0c f0       	brlt	.+2      	; 0x57c <__LOCK_REGION_LENGTH__+0x17c>
     57a:	7b c0       	rjmp	.+246    	; 0x672 <__LOCK_REGION_LENGTH__+0x272>
/Users/sukraaj.brench/Library/Arduino15/packages/megaTinyCore/hardware/megaavr/2.6.11/libraries/PTC/src/ptc.c:605
      nodeSM = PTC_SM_TOUCH_IN_FLT;
    } else if (reference <= (512 - ptc_sm_settings.force_recal_delta)) {
     57c:	4b 56       	subi	r20, 0x6B	; 107
     57e:	51 40       	sbci	r21, 0x01	; 1
     580:	4b 32       	cpi	r20, 0x2B	; 43
     582:	51 40       	sbci	r21, 0x01	; 1
     584:	d8 f6       	brcc	.-74     	; 0x53c <__LOCK_REGION_LENGTH__+0x13c>
/Users/sukraaj.brench/Library/Arduino15/packages/megaTinyCore/hardware/megaavr/2.6.11/libraries/PTC/src/ptc.c:609
      nodeSM = PTC_SM_NOINIT_CAL;
    } else if (reference >= (512 + ptc_sm_settings.force_recal_delta)) {
      nodeSM = PTC_SM_NOINIT_CAL;
    } else if (nodeDelta < -1) {
     586:	cf 3f       	cpi	r28, 0xFF	; 255
     588:	8f ef       	ldi	r24, 0xFF	; 255
     58a:	d8 07       	cpc	r29, r24
     58c:	0c f4       	brge	.+2      	; 0x590 <__LOCK_REGION_LENGTH__+0x190>
     58e:	6f c0       	rjmp	.+222    	; 0x66e <__LOCK_REGION_LENGTH__+0x26e>
ptc_process_measurement():
/Users/sukraaj.brench/Library/Arduino15/packages/megaTinyCore/hardware/megaavr/2.6.11/libraries/PTC/src/ptc.c:612
      nodeSM = PTC_SM_NT_LOW_FLT;
    } else if (nodeDelta > 1) {
      nodeSM = PTC_SM_NT_HIGH_FLT;
     590:	88 e0       	ldi	r24, 0x08	; 8
ptc_process_node_sm():
/Users/sukraaj.brench/Library/Arduino15/packages/megaTinyCore/hardware/megaavr/2.6.11/libraries/PTC/src/ptc.c:611
      nodeSM = PTC_SM_NOINIT_CAL;
    } else if (reference >= (512 + ptc_sm_settings.force_recal_delta)) {
      nodeSM = PTC_SM_NOINIT_CAL;
    } else if (nodeDelta < -1) {
      nodeSM = PTC_SM_NT_LOW_FLT;
    } else if (nodeDelta > 1) {
     592:	22 97       	sbiw	r28, 0x02	; 2
     594:	0c f4       	brge	.+2      	; 0x598 <__LOCK_REGION_LENGTH__+0x198>
     596:	a5 cf       	rjmp	.-182    	; 0x4e2 <__LOCK_REGION_LENGTH__+0xe2>
/Users/sukraaj.brench/Library/Arduino15/packages/megaTinyCore/hardware/megaavr/2.6.11/libraries/PTC/src/ptc.c:674


  }


  if (node->stateMachine != nodeSM) {
     598:	98 13       	cpse	r25, r24
     59a:	bb cf       	rjmp	.-138    	; 0x512 <__LOCK_REGION_LENGTH__+0x112>
     59c:	a2 cf       	rjmp	.-188    	; 0x4e2 <__LOCK_REGION_LENGTH__+0xe2>
/Users/sukraaj.brench/Library/Arduino15/packages/megaTinyCore/hardware/megaavr/2.6.11/libraries/PTC/src/ptc.c:616
    } else if (nodeDelta > 1) {
      nodeSM = PTC_SM_NT_HIGH_FLT;
    }


  } else if (nodeSM & PTC_SM_NT_HIGH_FLT) {
     59e:	93 ff       	sbrs	r25, 3
     5a0:	0e c0       	rjmp	.+28     	; 0x5be <__LOCK_REGION_LENGTH__+0x1be>
/Users/sukraaj.brench/Library/Arduino15/packages/megaTinyCore/hardware/megaavr/2.6.11/libraries/PTC/src/ptc.c:617
    if (nodeDelta < 0) {
     5a2:	d7 fd       	sbrc	r29, 7
     5a4:	dc cf       	rjmp	.-72     	; 0x55e <__LOCK_REGION_LENGTH__+0x15e>
/Users/sukraaj.brench/Library/Arduino15/packages/megaTinyCore/hardware/megaavr/2.6.11/libraries/PTC/src/ptc.c:619
      nodeSM = PTC_SM_NO_TOUCH;
    } else if (nodeDelta >= node->touch_in_th) {
     5a6:	a1 89       	ldd	r26, Z+17	; 0x11
     5a8:	b2 89       	ldd	r27, Z+18	; 0x12
     5aa:	ca 17       	cp	r28, r26
     5ac:	db 07       	cpc	r29, r27
     5ae:	0c f0       	brlt	.+2      	; 0x5b2 <__LOCK_REGION_LENGTH__+0x1b2>
     5b0:	60 c0       	rjmp	.+192    	; 0x672 <__LOCK_REGION_LENGTH__+0x272>
/Users/sukraaj.brench/Library/Arduino15/packages/megaTinyCore/hardware/megaavr/2.6.11/libraries/PTC/src/ptc.c:621
      nodeSM = PTC_SM_TOUCH_IN_FLT;
    } else if (lastChange > ptc_sm_settings.drift_up_nom) {
     5b2:	70 31       	cpi	r23, 0x10	; 16
     5b4:	08 f4       	brcc	.+2      	; 0x5b8 <__LOCK_REGION_LENGTH__+0x1b8>
     5b6:	95 cf       	rjmp	.-214    	; 0x4e2 <__LOCK_REGION_LENGTH__+0xe2>
/Users/sukraaj.brench/Library/Arduino15/packages/megaTinyCore/hardware/megaavr/2.6.11/libraries/PTC/src/ptc.c:622
      node->reference++;
     5b8:	4f 5f       	subi	r20, 0xFF	; 255
     5ba:	5f 4f       	sbci	r21, 0xFF	; 255
     5bc:	ce cf       	rjmp	.-100    	; 0x55a <__LOCK_REGION_LENGTH__+0x15a>
/Users/sukraaj.brench/Library/Arduino15/packages/megaTinyCore/hardware/megaavr/2.6.11/libraries/PTC/src/ptc.c:627
      nodeSM = PTC_SM_NO_TOUCH;
    }


  } else if (nodeSM & PTC_SM_TOUCH_IN_FLT) {
     5be:	94 ff       	sbrs	r25, 4
     5c0:	08 c0       	rjmp	.+16     	; 0x5d2 <__LOCK_REGION_LENGTH__+0x1d2>
/Users/sukraaj.brench/Library/Arduino15/packages/megaTinyCore/hardware/megaavr/2.6.11/libraries/PTC/src/ptc.c:628
    if (lastChange >= ptc_sm_settings.touched_detect_nom) {
     5c2:	73 30       	cpi	r23, 0x03	; 3
     5c4:	80 f4       	brcc	.+32     	; 0x5e6 <__LOCK_REGION_LENGTH__+0x1e6>
/Users/sukraaj.brench/Library/Arduino15/packages/megaTinyCore/hardware/megaavr/2.6.11/libraries/PTC/src/ptc.c:631
      nodeSM = PTC_SM_TOUCH_DETECT;
      ptc_event_cb_touch(PTC_CB_EVENT_TOUCH_DETECT, node);
    } else if (nodeDelta < node->touch_in_th) {
     5c6:	41 89       	ldd	r20, Z+17	; 0x11
     5c8:	52 89       	ldd	r21, Z+18	; 0x12
     5ca:	c4 17       	cp	r28, r20
     5cc:	d5 07       	cpc	r29, r21
     5ce:	3c f2       	brlt	.-114    	; 0x55e <__LOCK_REGION_LENGTH__+0x15e>
     5d0:	88 cf       	rjmp	.-240    	; 0x4e2 <__LOCK_REGION_LENGTH__+0xe2>
/Users/sukraaj.brench/Library/Arduino15/packages/megaTinyCore/hardware/megaavr/2.6.11/libraries/PTC/src/ptc.c:636
      nodeSM = PTC_SM_NO_TOUCH;
    }


  } else if (nodeSM & PTC_SM_TOUCH_OUT_FLT) {
     5d2:	95 ff       	sbrs	r25, 5
     5d4:	0a c0       	rjmp	.+20     	; 0x5ea <__LOCK_REGION_LENGTH__+0x1ea>
/Users/sukraaj.brench/Library/Arduino15/packages/megaTinyCore/hardware/megaavr/2.6.11/libraries/PTC/src/ptc.c:637
    if (lastChange >= ptc_sm_settings.untouched_detect_nom) {
     5d6:	73 30       	cpi	r23, 0x03	; 3
     5d8:	10 f6       	brcc	.-124    	; 0x55e <__LOCK_REGION_LENGTH__+0x15e>
/Users/sukraaj.brench/Library/Arduino15/packages/megaTinyCore/hardware/megaavr/2.6.11/libraries/PTC/src/ptc.c:640
      nodeSM = PTC_SM_NO_TOUCH;
      ptc_event_cb_touch(PTC_CB_EVENT_TOUCH_RELEASE, node);
    } else if (nodeDelta > node->touch_in_th) {
     5da:	41 89       	ldd	r20, Z+17	; 0x11
     5dc:	52 89       	ldd	r21, Z+18	; 0x12
     5de:	4c 17       	cp	r20, r28
     5e0:	5d 07       	cpc	r21, r29
     5e2:	0c f0       	brlt	.+2      	; 0x5e6 <__LOCK_REGION_LENGTH__+0x1e6>
     5e4:	7e cf       	rjmp	.-260    	; 0x4e2 <__LOCK_REGION_LENGTH__+0xe2>
ptc_process_measurement():
/Users/sukraaj.brench/Library/Arduino15/packages/megaTinyCore/hardware/megaavr/2.6.11/libraries/PTC/src/ptc.c:629
    }


  } else if (nodeSM & PTC_SM_TOUCH_IN_FLT) {
    if (lastChange >= ptc_sm_settings.touched_detect_nom) {
      nodeSM = PTC_SM_TOUCH_DETECT;
     5e6:	80 e4       	ldi	r24, 0x40	; 64
     5e8:	d7 cf       	rjmp	.-82     	; 0x598 <__LOCK_REGION_LENGTH__+0x198>
ptc_process_node_sm():
/Users/sukraaj.brench/Library/Arduino15/packages/megaTinyCore/hardware/megaavr/2.6.11/libraries/PTC/src/ptc.c:645
    } else if (nodeDelta > node->touch_in_th) {
      nodeSM = PTC_SM_TOUCH_DETECT;
    }


  } else if (nodeSM & PTC_SM_TOUCH_DETECT) {
     5ea:	96 ff       	sbrs	r25, 6
     5ec:	0b c0       	rjmp	.+22     	; 0x604 <__LOCK_REGION_LENGTH__+0x204>
/Users/sukraaj.brench/Library/Arduino15/packages/megaTinyCore/hardware/megaavr/2.6.11/libraries/PTC/src/ptc.c:646
    if (lastChange > ptc_sm_settings.touched_max_nom) {
     5ee:	79 3c       	cpi	r23, 0xC9	; 201
     5f0:	08 f0       	brcs	.+2      	; 0x5f4 <__LOCK_REGION_LENGTH__+0x1f4>
     5f2:	a4 cf       	rjmp	.-184    	; 0x53c <__LOCK_REGION_LENGTH__+0x13c>
/Users/sukraaj.brench/Library/Arduino15/packages/megaTinyCore/hardware/megaavr/2.6.11/libraries/PTC/src/ptc.c:648
      nodeSM = PTC_SM_NOINIT_CAL;
    } else if (nodeDelta < node->touch_out_th) {
     5f4:	43 89       	ldd	r20, Z+19	; 0x13
     5f6:	54 89       	ldd	r21, Z+20	; 0x14
     5f8:	c4 17       	cp	r28, r20
     5fa:	d5 07       	cpc	r29, r21
     5fc:	0c f0       	brlt	.+2      	; 0x600 <__LOCK_REGION_LENGTH__+0x200>
     5fe:	71 cf       	rjmp	.-286    	; 0x4e2 <__LOCK_REGION_LENGTH__+0xe2>
ptc_process_measurement():
/Users/sukraaj.brench/Library/Arduino15/packages/megaTinyCore/hardware/megaavr/2.6.11/libraries/PTC/src/ptc.c:649
      nodeSM = PTC_SM_TOUCH_OUT_FLT;
     600:	80 e2       	ldi	r24, 0x20	; 32
     602:	ca cf       	rjmp	.-108    	; 0x598 <__LOCK_REGION_LENGTH__+0x198>
ptc_process_node_sm():
/Users/sukraaj.brench/Library/Arduino15/packages/megaTinyCore/hardware/megaavr/2.6.11/libraries/PTC/src/ptc.c:653
    }


  } else if (nodeSM & PTC_SM_LOW_POWER) {
     604:	97 ff       	sbrs	r25, 7
     606:	6d cf       	rjmp	.-294    	; 0x4e2 <__LOCK_REGION_LENGTH__+0xe2>
/Users/sukraaj.brench/Library/Arduino15/packages/megaTinyCore/hardware/megaavr/2.6.11/libraries/PTC/src/ptc.c:654
    if (0 == node->state.low_power) {
     608:	84 85       	ldd	r24, Z+12	; 0x0c
     60a:	82 fd       	sbrc	r24, 2
     60c:	1e c0       	rjmp	.+60     	; 0x64a <__LOCK_REGION_LENGTH__+0x24a>
/Users/sukraaj.brench/Library/Arduino15/packages/megaTinyCore/hardware/megaavr/2.6.11/libraries/PTC/src/ptc.c:655
      if (nodeDelta > node->touch_in_th) {
     60e:	a1 89       	ldd	r26, Z+17	; 0x11
     610:	b2 89       	ldd	r27, Z+18	; 0x12
ptc_process_measurement():
/Users/sukraaj.brench/Library/Arduino15/packages/megaTinyCore/hardware/megaavr/2.6.11/libraries/PTC/src/ptc.c:656
        nodeSM = PTC_SM_TOUCH_DETECT;
     612:	80 e4       	ldi	r24, 0x40	; 64
ptc_process_node_sm():
/Users/sukraaj.brench/Library/Arduino15/packages/megaTinyCore/hardware/megaavr/2.6.11/libraries/PTC/src/ptc.c:655
    }


  } else if (nodeSM & PTC_SM_LOW_POWER) {
    if (0 == node->state.low_power) {
      if (nodeDelta > node->touch_in_th) {
     614:	ac 17       	cp	r26, r28
     616:	bd 07       	cpc	r27, r29
     618:	0c f0       	brlt	.+2      	; 0x61c <__LOCK_REGION_LENGTH__+0x21c>
ptc_process_measurement():
/Users/sukraaj.brench/Library/Arduino15/packages/megaTinyCore/hardware/megaavr/2.6.11/libraries/PTC/src/ptc.c:658
        nodeSM = PTC_SM_TOUCH_DETECT;
      } else {
        nodeSM = PTC_SM_NO_TOUCH;
     61a:	84 e0       	ldi	r24, 0x04	; 4
ptc_process_node_sm():
/Users/sukraaj.brench/Library/Arduino15/packages/megaTinyCore/hardware/megaavr/2.6.11/libraries/PTC/src/ptc.c:660
      }
      lowPowerNode = NULL;
     61c:	10 92 3a 3e 	sts	0x3E3A, r1	; 0x803e3a <lowPowerNode>
     620:	10 92 3b 3e 	sts	0x3E3B, r1	; 0x803e3b <lowPowerNode+0x1>
/Users/sukraaj.brench/Library/Arduino15/packages/megaTinyCore/hardware/megaavr/2.6.11/libraries/PTC/src/ptc.c:662
    }
    if (nodeDelta < -1) {
     624:	cf 3f       	cpi	r28, 0xFF	; 255
     626:	2f ef       	ldi	r18, 0xFF	; 255
     628:	d2 07       	cpc	r29, r18
     62a:	8c f4       	brge	.+34     	; 0x64e <__LOCK_REGION_LENGTH__+0x24e>
/Users/sukraaj.brench/Library/Arduino15/packages/megaTinyCore/hardware/megaavr/2.6.11/libraries/PTC/src/ptc.c:663
      node->reference--;
     62c:	41 50       	subi	r20, 0x01	; 1
     62e:	51 09       	sbc	r21, r1
     630:	47 87       	std	Z+15, r20	; 0x0f
     632:	50 8b       	std	Z+16, r21	; 0x10
/Users/sukraaj.brench/Library/Arduino15/packages/megaTinyCore/hardware/megaavr/2.6.11/libraries/PTC/src/ptc.c:664
      PTC.WINHT--;
     634:	20 91 14 06 	lds	r18, 0x0614	; 0x800614 <digital_pin_to_bit_mask+0x7f68ad>
     638:	30 91 15 06 	lds	r19, 0x0615	; 0x800615 <digital_pin_to_bit_mask+0x7f68ae>
     63c:	21 50       	subi	r18, 0x01	; 1
     63e:	31 09       	sbc	r19, r1
/Users/sukraaj.brench/Library/Arduino15/packages/megaTinyCore/hardware/megaavr/2.6.11/libraries/PTC/src/ptc.c:667
    } else if (nodeDelta > 1) {
      node->reference++;
      PTC.WINHT++;
     640:	20 93 14 06 	sts	0x0614, r18	; 0x800614 <digital_pin_to_bit_mask+0x7f68ad>
     644:	30 93 15 06 	sts	0x0615, r19	; 0x800615 <digital_pin_to_bit_mask+0x7f68ae>
     648:	a7 cf       	rjmp	.-178    	; 0x598 <__LOCK_REGION_LENGTH__+0x198>
/Users/sukraaj.brench/Library/Arduino15/packages/megaTinyCore/hardware/megaavr/2.6.11/libraries/PTC/src/ptc.c:654
      nodeSM = PTC_SM_TOUCH_OUT_FLT;
    }


  } else if (nodeSM & PTC_SM_LOW_POWER) {
    if (0 == node->state.low_power) {
     64a:	89 2f       	mov	r24, r25
     64c:	eb cf       	rjmp	.-42     	; 0x624 <__LOCK_REGION_LENGTH__+0x224>
/Users/sukraaj.brench/Library/Arduino15/packages/megaTinyCore/hardware/megaavr/2.6.11/libraries/PTC/src/ptc.c:665
      lowPowerNode = NULL;
    }
    if (nodeDelta < -1) {
      node->reference--;
      PTC.WINHT--;
    } else if (nodeDelta > 1) {
     64e:	22 97       	sbiw	r28, 0x02	; 2
     650:	0c f4       	brge	.+2      	; 0x654 <__LOCK_REGION_LENGTH__+0x254>
     652:	a2 cf       	rjmp	.-188    	; 0x598 <__LOCK_REGION_LENGTH__+0x198>
/Users/sukraaj.brench/Library/Arduino15/packages/megaTinyCore/hardware/megaavr/2.6.11/libraries/PTC/src/ptc.c:666
      node->reference++;
     654:	4f 5f       	subi	r20, 0xFF	; 255
     656:	5f 4f       	sbci	r21, 0xFF	; 255
     658:	47 87       	std	Z+15, r20	; 0x0f
     65a:	50 8b       	std	Z+16, r21	; 0x10
/Users/sukraaj.brench/Library/Arduino15/packages/megaTinyCore/hardware/megaavr/2.6.11/libraries/PTC/src/ptc.c:667
      PTC.WINHT++;
     65c:	20 91 14 06 	lds	r18, 0x0614	; 0x800614 <digital_pin_to_bit_mask+0x7f68ad>
     660:	30 91 15 06 	lds	r19, 0x0615	; 0x800615 <digital_pin_to_bit_mask+0x7f68ae>
     664:	2f 5f       	subi	r18, 0xFF	; 255
     666:	3f 4f       	sbci	r19, 0xFF	; 255
     668:	eb cf       	rjmp	.-42     	; 0x640 <__LOCK_REGION_LENGTH__+0x240>
ptc_process_measurement():
/Users/sukraaj.brench/Library/Arduino15/packages/megaTinyCore/hardware/megaavr/2.6.11/libraries/PTC/src/ptc.c:593

  } else if (nodeSM & PTC_SM_NT_LOW_FLT) {   /* no touch, delta below -1, threshold drift */
    if (nodeDelta > 0) {
      nodeSM = PTC_SM_NO_TOUCH;
    } else if (nodeDelta < -150) {
      nodeSM = PTC_SM_RECAL_FLT;
     66a:	81 e0       	ldi	r24, 0x01	; 1
     66c:	95 cf       	rjmp	.-214    	; 0x598 <__LOCK_REGION_LENGTH__+0x198>
/Users/sukraaj.brench/Library/Arduino15/packages/megaTinyCore/hardware/megaavr/2.6.11/libraries/PTC/src/ptc.c:610
    } else if (reference <= (512 - ptc_sm_settings.force_recal_delta)) {
      nodeSM = PTC_SM_NOINIT_CAL;
    } else if (reference >= (512 + ptc_sm_settings.force_recal_delta)) {
      nodeSM = PTC_SM_NOINIT_CAL;
    } else if (nodeDelta < -1) {
      nodeSM = PTC_SM_NT_LOW_FLT;
     66e:	82 e0       	ldi	r24, 0x02	; 2
     670:	93 cf       	rjmp	.-218    	; 0x598 <__LOCK_REGION_LENGTH__+0x198>
/Users/sukraaj.brench/Library/Arduino15/packages/megaTinyCore/hardware/megaavr/2.6.11/libraries/PTC/src/ptc.c:604

  } else if (nodeSM & PTC_SM_NO_TOUCH) {  /* default State, no touch */
    if (nodeDelta < -150) {               /* if the touch value is way too small, something changed with the lines, recalibrate */
      nodeSM = PTC_SM_RECAL_FLT;
    } else if (nodeDelta >= node->touch_in_th) {
      nodeSM = PTC_SM_TOUCH_IN_FLT;
     672:	80 e1       	ldi	r24, 0x10	; 16
     674:	91 cf       	rjmp	.-222    	; 0x598 <__LOCK_REGION_LENGTH__+0x198>
/Users/sukraaj.brench/Library/Arduino15/packages/megaTinyCore/hardware/megaavr/2.6.11/libraries/PTC/src/ptc.c:564
    if (PTC_LIB_CALIB_DONE == retVal) {
      node->reference = nodeData;
      if (node->state.low_power) {
        nodeSM = PTC_SM_LOW_POWER;
      } else {
        nodeSM = PTC_SM_NO_TOUCH;
     676:	84 e0       	ldi	r24, 0x04	; 4
     678:	4c cf       	rjmp	.-360    	; 0x512 <__LOCK_REGION_LENGTH__+0x112>

0000067a <colorForIndex(unsigned char)>:
_Z13colorForIndexh():
/Users/sukraaj.brench/bside/bsides-leeds-2026-badge/.build/firmware/firmware.ino:402

static const uint8_t MEMORY_START_LEVEL = 3;

RgbColor colorForIndex(uint8_t colorIndex)
{
  switch (colorIndex) {
     67a:	81 30       	cpi	r24, 0x01	; 1
     67c:	41 f0       	breq	.+16     	; 0x68e <colorForIndex(unsigned char)+0x14>
     67e:	20 f0       	brcs	.+8      	; 0x688 <colorForIndex(unsigned char)+0xe>
     680:	82 30       	cpi	r24, 0x02	; 2
     682:	49 f0       	breq	.+18     	; 0x696 <colorForIndex(unsigned char)+0x1c>
     684:	60 e0       	ldi	r22, 0x00	; 0
     686:	01 c0       	rjmp	.+2      	; 0x68a <colorForIndex(unsigned char)+0x10>
/Users/sukraaj.brench/bside/bsides-leeds-2026-badge/.build/firmware/firmware.ino:404
    case 0:
      return COLOR_RED;
     688:	6e e1       	ldi	r22, 0x1E	; 30
     68a:	70 e0       	ldi	r23, 0x00	; 0
     68c:	02 c0       	rjmp	.+4      	; 0x692 <colorForIndex(unsigned char)+0x18>
/Users/sukraaj.brench/bside/bsides-leeds-2026-badge/.build/firmware/firmware.ino:406
    case 1:
      return COLOR_GREEN;
     68e:	60 e0       	ldi	r22, 0x00	; 0
     690:	7e e1       	ldi	r23, 0x1E	; 30
     692:	80 e0       	ldi	r24, 0x00	; 0
/Users/sukraaj.brench/bside/bsides-leeds-2026-badge/.build/firmware/firmware.ino:412
    case 2:
      return COLOR_BLUE;
    default:
      return COLOR_OFF;
  }
}
     694:	08 95       	ret
/Users/sukraaj.brench/bside/bsides-leeds-2026-badge/.build/firmware/firmware.ino:408
    case 0:
      return COLOR_RED;
    case 1:
      return COLOR_GREEN;
    case 2:
      return COLOR_BLUE;
     696:	60 e0       	ldi	r22, 0x00	; 0
     698:	70 e0       	ldi	r23, 0x00	; 0
     69a:	8e e1       	ldi	r24, 0x1E	; 30
     69c:	08 95       	ret

0000069e <setSequenceSlotColor(unsigned char, unsigned char)>:
_Z20setSequenceSlotColorhh():
/Users/sukraaj.brench/bside/bsides-leeds-2026-badge/.build/firmware/firmware.ino:559
      return false;
  }
}

void setSequenceSlotColor(uint8_t slotIndex, uint8_t colorIndex)
{
     69e:	cf 93       	push	r28
     6a0:	c8 2f       	mov	r28, r24
     6a2:	86 2f       	mov	r24, r22
/Users/sukraaj.brench/bside/bsides-leeds-2026-badge/.build/firmware/firmware.ino:560
  const RgbColor color = colorForIndex(colorIndex);
     6a4:	ea df       	rcall	.-44     	; 0x67a <colorForIndex(unsigned char)>
     6a6:	47 2f       	mov	r20, r23
/Users/sukraaj.brench/bside/bsides-leeds-2026-badge/.build/firmware/firmware.ino:561
  ledStrip.setPixelColor(slotIndex, color.red, color.green, color.blue);
     6a8:	28 2f       	mov	r18, r24
     6aa:	8c 2f       	mov	r24, r28
     6ac:	90 e0       	ldi	r25, 0x00	; 0
/Users/sukraaj.brench/bside/bsides-leeds-2026-badge/.build/firmware/firmware.ino:562
}
     6ae:	cf 91       	pop	r28
/Users/sukraaj.brench/bside/bsides-leeds-2026-badge/.build/firmware/firmware.ino:561
}

void setSequenceSlotColor(uint8_t slotIndex, uint8_t colorIndex)
{
  const RgbColor color = colorForIndex(colorIndex);
  ledStrip.setPixelColor(slotIndex, color.red, color.green, color.blue);
     6b0:	f4 cc       	rjmp	.-1560   	; 0x9a <tinyNeoPixel::setPixelColor(unsigned int, unsigned char, unsigned char, unsigned char) [clone .constprop.12]>

000006b2 <setAllLeds(unsigned char, unsigned char, unsigned char, bool)>:
_Z10setAllLedshhhb():
/Users/sukraaj.brench/bside/bsides-leeds-2026-badge/.build/firmware/firmware.ino:139
    ptc_node_set_thresholds(&touchButtons[buttonIndex], 80, 10);
  }
}

void setAllLeds(uint8_t red, uint8_t green, uint8_t blue, bool show = false)
{
     6b2:	ef 92       	push	r14
     6b4:	ff 92       	push	r15
     6b6:	0f 93       	push	r16
     6b8:	1f 93       	push	r17
     6ba:	cf 93       	push	r28
     6bc:	df 93       	push	r29
     6be:	08 2f       	mov	r16, r24
     6c0:	f6 2e       	mov	r15, r22
     6c2:	e4 2e       	mov	r14, r20
     6c4:	12 2f       	mov	r17, r18
     6c6:	d0 e0       	ldi	r29, 0x00	; 0
     6c8:	c0 e0       	ldi	r28, 0x00	; 0
/Users/sukraaj.brench/bside/bsides-leeds-2026-badge/.build/firmware/firmware.ino:141
  for (uint8_t ledIndex = 0; ledIndex < NUM_LEDS; ++ledIndex) {
    ledStrip.setPixelColor(ledIndex, red, green, blue);
     6ca:	2e 2d       	mov	r18, r14
     6cc:	4f 2d       	mov	r20, r15
     6ce:	60 2f       	mov	r22, r16
     6d0:	ce 01       	movw	r24, r28
     6d2:	e3 dc       	rcall	.-1594   	; 0x9a <tinyNeoPixel::setPixelColor(unsigned int, unsigned char, unsigned char, unsigned char) [clone .constprop.12]>
     6d4:	21 96       	adiw	r28, 0x01	; 1
/Users/sukraaj.brench/bside/bsides-leeds-2026-badge/.build/firmware/firmware.ino:140
  }
}

void setAllLeds(uint8_t red, uint8_t green, uint8_t blue, bool show = false)
{
  for (uint8_t ledIndex = 0; ledIndex < NUM_LEDS; ++ledIndex) {
     6d6:	c2 31       	cpi	r28, 0x12	; 18
     6d8:	d1 05       	cpc	r29, r1
     6da:	b9 f7       	brne	.-18     	; 0x6ca <setAllLeds(unsigned char, unsigned char, unsigned char, bool)+0x18>
/Users/sukraaj.brench/bside/bsides-leeds-2026-badge/.build/firmware/firmware.ino:144
    ledStrip.setPixelColor(ledIndex, red, green, blue);
  }

  if (show) {
     6dc:	11 23       	and	r17, r17
     6de:	39 f0       	breq	.+14     	; 0x6ee <setAllLeds(unsigned char, unsigned char, unsigned char, bool)+0x3c>
/Users/sukraaj.brench/bside/bsides-leeds-2026-badge/.build/firmware/firmware.ino:147
    ledStrip.show();
  }
}
     6e0:	df 91       	pop	r29
     6e2:	cf 91       	pop	r28
     6e4:	1f 91       	pop	r17
     6e6:	0f 91       	pop	r16
     6e8:	ff 90       	pop	r15
     6ea:	ef 90       	pop	r14
/Users/sukraaj.brench/bside/bsides-leeds-2026-badge/.build/firmware/firmware.ino:145
  for (uint8_t ledIndex = 0; ledIndex < NUM_LEDS; ++ledIndex) {
    ledStrip.setPixelColor(ledIndex, red, green, blue);
  }

  if (show) {
    ledStrip.show();
     6ec:	92 cd       	rjmp	.-1244   	; 0x212 <tinyNeoPixel::show() [clone .constprop.14]>
/Users/sukraaj.brench/bside/bsides-leeds-2026-badge/.build/firmware/firmware.ino:147
  }
}
     6ee:	df 91       	pop	r29
     6f0:	cf 91       	pop	r28
     6f2:	1f 91       	pop	r17
     6f4:	0f 91       	pop	r16
     6f6:	ff 90       	pop	r15
     6f8:	ef 90       	pop	r14
     6fa:	08 95       	ret

000006fc <setAllLeds(RgbColor, bool)>:
_Z10setAllLeds8RgbColorb():
/Users/sukraaj.brench/bside/bsides-leeds-2026-badge/.build/firmware/firmware.ino:150

void setAllLeds(RgbColor color, bool show = false)
{
     6fc:	96 2f       	mov	r25, r22
     6fe:	67 2f       	mov	r22, r23
     700:	24 2f       	mov	r18, r20
/Users/sukraaj.brench/bside/bsides-leeds-2026-badge/.build/firmware/firmware.ino:151
  setAllLeds(color.red, color.green, color.blue, show);
     702:	48 2f       	mov	r20, r24
     704:	89 2f       	mov	r24, r25
     706:	d5 cf       	rjmp	.-86     	; 0x6b2 <setAllLeds(unsigned char, unsigned char, unsigned char, bool)>

00000708 <showFindSequenceProgress(unsigned char const*, unsigned char)>:
_Z24showFindSequenceProgressPKhh():
/Users/sukraaj.brench/bside/bsides-leeds-2026-badge/.build/firmware/firmware.ino:565
  const RgbColor color = colorForIndex(colorIndex);
  ledStrip.setPixelColor(slotIndex, color.red, color.green, color.blue);
}

void showFindSequenceProgress(const uint8_t sequence[], uint8_t foundLength)
{
     708:	ff 92       	push	r15
     70a:	0f 93       	push	r16
     70c:	1f 93       	push	r17
     70e:	cf 93       	push	r28
     710:	df 93       	push	r29
     712:	f8 2e       	mov	r15, r24
     714:	c9 2f       	mov	r28, r25
     716:	d6 2f       	mov	r29, r22
/Users/sukraaj.brench/bside/bsides-leeds-2026-badge/.build/firmware/firmware.ino:566
  setAllLeds(COLOR_OFF);
     718:	60 91 49 9d 	lds	r22, 0x9D49	; 0x809d49 <__bss_end+0x5e51>
     71c:	70 91 4a 9d 	lds	r23, 0x9D4A	; 0x809d4a <__bss_end+0x5e52>
     720:	80 91 4b 9d 	lds	r24, 0x9D4B	; 0x809d4b <__bss_end+0x5e53>
     724:	40 e0       	ldi	r20, 0x00	; 0
     726:	ea df       	rcall	.-44     	; 0x6fc <setAllLeds(RgbColor, bool)>
     728:	0f 2d       	mov	r16, r15
     72a:	1c 2f       	mov	r17, r28
/Users/sukraaj.brench/bside/bsides-leeds-2026-badge/.build/firmware/firmware.ino:568

  for (uint8_t sequenceIndex = 0; sequenceIndex < foundLength; ++sequenceIndex) {
     72c:	c0 e0       	ldi	r28, 0x00	; 0
     72e:	cd 17       	cp	r28, r29
     730:	39 f0       	breq	.+14     	; 0x740 <showFindSequenceProgress(unsigned char const*, unsigned char)+0x38>
/Users/sukraaj.brench/bside/bsides-leeds-2026-badge/.build/firmware/firmware.ino:569
    setSequenceSlotColor(sequenceIndex, sequence[sequenceIndex]);
     732:	f8 01       	movw	r30, r16
     734:	61 91       	ld	r22, Z+
     736:	8f 01       	movw	r16, r30
     738:	8c 2f       	mov	r24, r28
     73a:	b1 df       	rcall	.-158    	; 0x69e <setSequenceSlotColor(unsigned char, unsigned char)>
/Users/sukraaj.brench/bside/bsides-leeds-2026-badge/.build/firmware/firmware.ino:568

void showFindSequenceProgress(const uint8_t sequence[], uint8_t foundLength)
{
  setAllLeds(COLOR_OFF);

  for (uint8_t sequenceIndex = 0; sequenceIndex < foundLength; ++sequenceIndex) {
     73c:	cf 5f       	subi	r28, 0xFF	; 255
     73e:	f7 cf       	rjmp	.-18     	; 0x72e <showFindSequenceProgress(unsigned char const*, unsigned char)+0x26>
/Users/sukraaj.brench/bside/bsides-leeds-2026-badge/.build/firmware/firmware.ino:573
    setSequenceSlotColor(sequenceIndex, sequence[sequenceIndex]);
  }

  ledStrip.show();
}
     740:	df 91       	pop	r29
     742:	cf 91       	pop	r28
     744:	1f 91       	pop	r17
     746:	0f 91       	pop	r16
     748:	ff 90       	pop	r15
/Users/sukraaj.brench/bside/bsides-leeds-2026-badge/.build/firmware/firmware.ino:572

  for (uint8_t sequenceIndex = 0; sequenceIndex < foundLength; ++sequenceIndex) {
    setSequenceSlotColor(sequenceIndex, sequence[sequenceIndex]);
  }

  ledStrip.show();
     74a:	63 cd       	rjmp	.-1338   	; 0x212 <tinyNeoPixel::show() [clone .constprop.14]>

0000074c <getPressedTouchMask()>:
_Z19getPressedTouchMaskv():
/Users/sukraaj.brench/bside/bsides-leeds-2026-badge/.build/firmware/firmware.ino:106
  return nextRandomByte() & 0x07;
}


uint8_t getPressedTouchMask()
{
     74c:	e4 e4       	ldi	r30, 0x44	; 68
     74e:	fe e3       	ldi	r31, 0x3E	; 62
     750:	30 e0       	ldi	r19, 0x00	; 0
     752:	20 e0       	ldi	r18, 0x00	; 0
/Users/sukraaj.brench/bside/bsides-leeds-2026-badge/.build/firmware/firmware.ino:107
  uint8_t pressedMask = 0;
     754:	80 e0       	ldi	r24, 0x00	; 0
/Users/sukraaj.brench/bside/bsides-leeds-2026-badge/.build/firmware/firmware.ino:111

  for (uint8_t buttonIndex = 0; buttonIndex < NUM_TOUCH_BUTTONS; ++buttonIndex) {
    if (ptc_get_node_touched(&touchButtons[buttonIndex])) {
      pressedMask |= (1 << buttonIndex);
     756:	41 e0       	ldi	r20, 0x01	; 1
     758:	50 e0       	ldi	r21, 0x00	; 0
ptc_get_node_touched():
/Users/sukraaj.brench/Library/Arduino15/packages/megaTinyCore/hardware/megaavr/2.6.11/libraries/PTC/src/ptc.h:252
inline uint8_t ptc_get_node_touched(cap_sensor_t *node) {
  if (node == NULL) {
    return 0x00;
  }

  if (node->stateMachine & (PTC_SM_TOUCH_DETECT | PTC_SM_TOUCH_OUT_FLT)) {
     75a:	95 89       	ldd	r25, Z+21	; 0x15
     75c:	90 76       	andi	r25, 0x60	; 96
     75e:	39 f0       	breq	.+14     	; 0x76e <getPressedTouchMask()+0x22>
_Z19getPressedTouchMaskv():
/Users/sukraaj.brench/bside/bsides-leeds-2026-badge/.build/firmware/firmware.ino:111
     760:	ba 01       	movw	r22, r20
     762:	02 2e       	mov	r0, r18
     764:	01 c0       	rjmp	.+2      	; 0x768 <getPressedTouchMask()+0x1c>
     766:	66 0f       	add	r22, r22
     768:	0a 94       	dec	r0
     76a:	ea f7       	brpl	.-6      	; 0x766 <getPressedTouchMask()+0x1a>
     76c:	86 2b       	or	r24, r22
     76e:	2f 5f       	subi	r18, 0xFF	; 255
     770:	3f 4f       	sbci	r19, 0xFF	; 255
     772:	77 96       	adiw	r30, 0x17	; 23
/Users/sukraaj.brench/bside/bsides-leeds-2026-badge/.build/firmware/firmware.ino:109

uint8_t getPressedTouchMask()
{
  uint8_t pressedMask = 0;

  for (uint8_t buttonIndex = 0; buttonIndex < NUM_TOUCH_BUTTONS; ++buttonIndex) {
     774:	26 30       	cpi	r18, 0x06	; 6
     776:	31 05       	cpc	r19, r1
     778:	81 f7       	brne	.-32     	; 0x75a <getPressedTouchMask()+0xe>
/Users/sukraaj.brench/bside/bsides-leeds-2026-badge/.build/firmware/firmware.ino:116
      pressedMask |= (1 << buttonIndex);
    }
  }

  return pressedMask;
}
     77a:	08 95       	ret

0000077c <showTouchedPads()>:
_Z15showTouchedPadsv():
/Users/sukraaj.brench/bside/bsides-leeds-2026-badge/.build/firmware/firmware.ino:330
{
  ledStrip.setPixelColor(ledIndex == 0 ? 17 : ledIndex + 8, red, green, blue);
}

void showTouchedPads()
{
     77c:	ef 92       	push	r14
     77e:	ff 92       	push	r15
     780:	0f 93       	push	r16
     782:	1f 93       	push	r17
     784:	cf 93       	push	r28
     786:	df 93       	push	r29
/Users/sukraaj.brench/bside/bsides-leeds-2026-badge/.build/firmware/firmware.ino:331
  if (gAnimMode == 0 && artieForced != 0) return;
     788:	80 91 d8 3e 	lds	r24, 0x3ED8	; 0x803ed8 <gAnimMode>
     78c:	81 11       	cpse	r24, r1
     78e:	04 c0       	rjmp	.+8      	; 0x798 <showTouchedPads()+0x1c>
     790:	80 91 d7 3e 	lds	r24, 0x3ED7	; 0x803ed7 <artieForced>
     794:	81 11       	cpse	r24, r1
     796:	3d c0       	rjmp	.+122    	; 0x812 <showTouchedPads()+0x96>
/Users/sukraaj.brench/bside/bsides-leeds-2026-badge/.build/firmware/firmware.ino:332
  const uint8_t pressedMask = getPressedTouchMask();
     798:	d9 df       	rcall	.-78     	; 0x74c <getPressedTouchMask()>
     79a:	c8 2f       	mov	r28, r24
/Users/sukraaj.brench/bside/bsides-leeds-2026-badge/.build/firmware/firmware.ino:334

  if (pressedMask & (LEFT_BLUE_MASK | LEFT_RED_MASK | LEFT_GREEN_MASK)) {
     79c:	87 70       	andi	r24, 0x07	; 7
     79e:	c9 f0       	breq	.+50     	; 0x7d2 <showTouchedPads()+0x56>
/Users/sukraaj.brench/bside/bsides-leeds-2026-badge/.build/firmware/firmware.ino:335
    setLeftEye(
     7a0:	e1 2c       	mov	r14, r1
     7a2:	c0 ff       	sbrs	r28, 0
     7a4:	02 c0       	rjmp	.+4      	; 0x7aa <showTouchedPads()+0x2e>
     7a6:	24 e1       	ldi	r18, 0x14	; 20
     7a8:	e2 2e       	mov	r14, r18
     7aa:	f1 2c       	mov	r15, r1
     7ac:	c2 ff       	sbrs	r28, 2
     7ae:	02 c0       	rjmp	.+4      	; 0x7b4 <showTouchedPads()+0x38>
     7b0:	94 e1       	ldi	r25, 0x14	; 20
     7b2:	f9 2e       	mov	r15, r25
     7b4:	d0 e0       	ldi	r29, 0x00	; 0
     7b6:	c1 fd       	sbrc	r28, 1
     7b8:	d4 e1       	ldi	r29, 0x14	; 20
     7ba:	10 e0       	ldi	r17, 0x00	; 0
     7bc:	00 e0       	ldi	r16, 0x00	; 0
setLeftEye():
/Users/sukraaj.brench/bside/bsides-leeds-2026-badge/.build/firmware/firmware.ino:315
}

void setLeftEye(uint8_t red, uint8_t green, uint8_t blue, uint8_t offset = 0)
{
  for (uint8_t ledIndex = offset; ledIndex < 9 + offset; ++ledIndex) {
    ledStrip.setPixelColor(ledIndex, red, green, blue);
     7be:	2e 2d       	mov	r18, r14
     7c0:	4f 2d       	mov	r20, r15
     7c2:	6d 2f       	mov	r22, r29
     7c4:	c8 01       	movw	r24, r16
     7c6:	69 dc       	rcall	.-1838   	; 0x9a <tinyNeoPixel::setPixelColor(unsigned int, unsigned char, unsigned char, unsigned char) [clone .constprop.12]>
     7c8:	0f 5f       	subi	r16, 0xFF	; 255
     7ca:	1f 4f       	sbci	r17, 0xFF	; 255
/Users/sukraaj.brench/bside/bsides-leeds-2026-badge/.build/firmware/firmware.ino:314
  return 100;
}

void setLeftEye(uint8_t red, uint8_t green, uint8_t blue, uint8_t offset = 0)
{
  for (uint8_t ledIndex = offset; ledIndex < 9 + offset; ++ledIndex) {
     7cc:	09 30       	cpi	r16, 0x09	; 9
     7ce:	11 05       	cpc	r17, r1
     7d0:	b1 f7       	brne	.-20     	; 0x7be <showTouchedPads()+0x42>
_Z15showTouchedPadsv():
/Users/sukraaj.brench/bside/bsides-leeds-2026-badge/.build/firmware/firmware.ino:342
      (pressedMask & LEFT_GREEN_MASK) ? 20 : 0,
      (pressedMask & LEFT_BLUE_MASK) ? 20 : 0
    );
  }

  if (pressedMask & (RIGHT_BLUE_MASK | RIGHT_RED_MASK | RIGHT_GREEN_MASK)) {
     7d2:	8c 2f       	mov	r24, r28
     7d4:	88 73       	andi	r24, 0x38	; 56
     7d6:	b1 f0       	breq	.+44     	; 0x804 <showTouchedPads()+0x88>
/Users/sukraaj.brench/bside/bsides-leeds-2026-badge/.build/firmware/firmware.ino:343
    setRightEye(
     7d8:	f1 2c       	mov	r15, r1
     7da:	c5 ff       	sbrs	r28, 5
     7dc:	02 c0       	rjmp	.+4      	; 0x7e2 <showTouchedPads()+0x66>
     7de:	84 e1       	ldi	r24, 0x14	; 20
     7e0:	f8 2e       	mov	r15, r24
     7e2:	04 e1       	ldi	r16, 0x14	; 20
     7e4:	c3 ff       	sbrs	r28, 3
     7e6:	00 e0       	ldi	r16, 0x00	; 0
     7e8:	10 e0       	ldi	r17, 0x00	; 0
     7ea:	c4 fd       	sbrc	r28, 4
     7ec:	14 e1       	ldi	r17, 0x14	; 20
     7ee:	c9 e0       	ldi	r28, 0x09	; 9
     7f0:	d0 e0       	ldi	r29, 0x00	; 0
setLeftEye():
/Users/sukraaj.brench/bside/bsides-leeds-2026-badge/.build/firmware/firmware.ino:315
}

void setLeftEye(uint8_t red, uint8_t green, uint8_t blue, uint8_t offset = 0)
{
  for (uint8_t ledIndex = offset; ledIndex < 9 + offset; ++ledIndex) {
    ledStrip.setPixelColor(ledIndex, red, green, blue);
     7f2:	2f 2d       	mov	r18, r15
     7f4:	40 2f       	mov	r20, r16
     7f6:	61 2f       	mov	r22, r17
     7f8:	ce 01       	movw	r24, r28
     7fa:	4f dc       	rcall	.-1890   	; 0x9a <tinyNeoPixel::setPixelColor(unsigned int, unsigned char, unsigned char, unsigned char) [clone .constprop.12]>
     7fc:	21 96       	adiw	r28, 0x01	; 1
/Users/sukraaj.brench/bside/bsides-leeds-2026-badge/.build/firmware/firmware.ino:314
  return 100;
}

void setLeftEye(uint8_t red, uint8_t green, uint8_t blue, uint8_t offset = 0)
{
  for (uint8_t ledIndex = offset; ledIndex < 9 + offset; ++ledIndex) {
     7fe:	c2 31       	cpi	r28, 0x12	; 18
     800:	d1 05       	cpc	r29, r1
     802:	b9 f7       	brne	.-18     	; 0x7f2 <showTouchedPads()+0x76>
_Z15showTouchedPadsv():
/Users/sukraaj.brench/bside/bsides-leeds-2026-badge/.build/firmware/firmware.ino:351
      (pressedMask & RIGHT_BLUE_MASK) ? 20 : 0
    );
  }

  ledStrip.show();
}
     804:	df 91       	pop	r29
     806:	cf 91       	pop	r28
     808:	1f 91       	pop	r17
     80a:	0f 91       	pop	r16
     80c:	ff 90       	pop	r15
     80e:	ef 90       	pop	r14
/Users/sukraaj.brench/bside/bsides-leeds-2026-badge/.build/firmware/firmware.ino:350
      (pressedMask & RIGHT_GREEN_MASK) ? 20 : 0,
      (pressedMask & RIGHT_BLUE_MASK) ? 20 : 0
    );
  }

  ledStrip.show();
     810:	00 cd       	rjmp	.-1536   	; 0x212 <tinyNeoPixel::show() [clone .constprop.14]>
/Users/sukraaj.brench/bside/bsides-leeds-2026-badge/.build/firmware/firmware.ino:351
}
     812:	df 91       	pop	r29
     814:	cf 91       	pop	r28
     816:	1f 91       	pop	r17
     818:	0f 91       	pop	r16
     81a:	ff 90       	pop	r15
     81c:	ef 90       	pop	r14
     81e:	08 95       	ret

00000820 <nextRandomByte()>:
_Z14nextRandomBytev():
/Users/sukraaj.brench/bside/bsides-leeds-2026-badge/.build/firmware/firmware.ino:79
  }
}

uint8_t nextRandomByte()
{
  const bool bit = randomState & 1;
     820:	20 91 00 3e 	lds	r18, 0x3E00	; 0x803e00 <__DATA_REGION_ORIGIN__>
     824:	30 91 01 3e 	lds	r19, 0x3E01	; 0x803e01 <__DATA_REGION_ORIGIN__+0x1>
/Users/sukraaj.brench/bside/bsides-leeds-2026-badge/.build/firmware/firmware.ino:80
  randomState >>= 1;
     828:	c9 01       	movw	r24, r18
     82a:	96 95       	lsr	r25
     82c:	87 95       	ror	r24
/Users/sukraaj.brench/bside/bsides-leeds-2026-badge/.build/firmware/firmware.ino:82

  if (bit) {
     82e:	20 fd       	sbrc	r18, 0
     830:	07 c0       	rjmp	.+14     	; 0x840 <nextRandomByte()+0x20>
/Users/sukraaj.brench/bside/bsides-leeds-2026-badge/.build/firmware/firmware.ino:83
    randomState ^= 0xB400u;
     832:	80 93 00 3e 	sts	0x3E00, r24	; 0x803e00 <__DATA_REGION_ORIGIN__>
     836:	90 93 01 3e 	sts	0x3E01, r25	; 0x803e01 <__DATA_REGION_ORIGIN__+0x1>
/Users/sukraaj.brench/bside/bsides-leeds-2026-badge/.build/firmware/firmware.ino:87
  }

  return (uint8_t)randomState;
}
     83a:	80 91 00 3e 	lds	r24, 0x3E00	; 0x803e00 <__DATA_REGION_ORIGIN__>
     83e:	08 95       	ret
/Users/sukraaj.brench/bside/bsides-leeds-2026-badge/.build/firmware/firmware.ino:83
{
  const bool bit = randomState & 1;
  randomState >>= 1;

  if (bit) {
    randomState ^= 0xB400u;
     840:	24 eb       	ldi	r18, 0xB4	; 180
     842:	92 27       	eor	r25, r18
     844:	f6 cf       	rjmp	.-20     	; 0x832 <nextRandomByte()+0x12>

00000846 <createRandomSequence(unsigned char*, unsigned char)>:
_Z20createRandomSequencePhh():
/Users/sukraaj.brench/bside/bsides-leeds-2026-badge/.build/firmware/firmware.ino:486
}

static const uint8_t NUM_SEQUENCE_LEVELS = 10;

void createRandomSequence(uint8_t sequence[], uint8_t sequenceLength)
{
     846:	0f 93       	push	r16
     848:	1f 93       	push	r17
     84a:	cf 93       	push	r28
     84c:	df 93       	push	r29
     84e:	16 2f       	mov	r17, r22
     850:	08 2f       	mov	r16, r24
     852:	ec 01       	movw	r28, r24
randomColorIndex():
/Users/sukraaj.brench/bside/bsides-leeds-2026-badge/.build/firmware/firmware.ino:93

uint8_t randomColorIndex()
{
  uint8_t value;
  do {
    value = nextRandomByte() & 0x03;
     854:	e5 df       	rcall	.-54     	; 0x820 <nextRandomByte()>
     856:	83 70       	andi	r24, 0x03	; 3
/Users/sukraaj.brench/bside/bsides-leeds-2026-badge/.build/firmware/firmware.ino:94
  } while (value > 2);
     858:	83 30       	cpi	r24, 0x03	; 3
     85a:	e1 f3       	breq	.-8      	; 0x854 <createRandomSequence(unsigned char*, unsigned char)+0xe>
_Z20createRandomSequencePhh():
/Users/sukraaj.brench/bside/bsides-leeds-2026-badge/.build/firmware/firmware.ino:488
static const uint8_t NUM_SEQUENCE_LEVELS = 10;

void createRandomSequence(uint8_t sequence[], uint8_t sequenceLength)
{
  for (uint8_t sequenceIndex = 0; sequenceIndex < sequenceLength; ++sequenceIndex) {
    sequence[sequenceIndex] = randomColorIndex();
     85c:	89 93       	st	Y+, r24
/Users/sukraaj.brench/bside/bsides-leeds-2026-badge/.build/firmware/firmware.ino:487

static const uint8_t NUM_SEQUENCE_LEVELS = 10;

void createRandomSequence(uint8_t sequence[], uint8_t sequenceLength)
{
  for (uint8_t sequenceIndex = 0; sequenceIndex < sequenceLength; ++sequenceIndex) {
     85e:	8c 2f       	mov	r24, r28
     860:	80 1b       	sub	r24, r16
     862:	81 17       	cp	r24, r17
     864:	b8 f3       	brcs	.-18     	; 0x854 <createRandomSequence(unsigned char*, unsigned char)+0xe>
/Users/sukraaj.brench/bside/bsides-leeds-2026-badge/.build/firmware/firmware.ino:490
    sequence[sequenceIndex] = randomColorIndex();
  }
}
     866:	df 91       	pop	r29
     868:	cf 91       	pop	r28
     86a:	1f 91       	pop	r17
     86c:	0f 91       	pop	r16
     86e:	08 95       	ret

00000870 <digitalRead.constprop.30>:
digitalRead.constprop.30():
/Users/sukraaj.brench/Library/Arduino15/packages/megaTinyCore/hardware/megaavr/2.6.11/cores/megatinycore/wiring_digital.c:363

  /* Get port and check valid port */
  PORT_t *port = digitalPinToPortStruct(pin);

  /* Read pin value from PORTx.IN register */
  if (port->IN & bit_mask) {
     870:	80 91 08 04 	lds	r24, 0x0408	; 0x800408 <digital_pin_to_bit_mask+0x7f66a1>
/Users/sukraaj.brench/Library/Arduino15/packages/megaTinyCore/hardware/megaavr/2.6.11/cores/megatinycore/wiring_digital.c:368
    return HIGH;
  } else {
    return LOW;
  }
}
     874:	83 fb       	bst	r24, 3
     876:	88 27       	eor	r24, r24
     878:	80 f9       	bld	r24, 0
     87a:	08 95       	ret

0000087c <digitalWrite.constprop.7>:
digitalWrite.constprop.7():
/Users/sukraaj.brench/Library/Arduino15/packages/megaTinyCore/hardware/megaavr/2.6.11/cores/megatinycore/wiring_digital.c:256
  /* Set output to value
  This runs regardless of whether the pin is an output,
  allowing the pin to be staged with
  changed to an output. Code in the wild relies on this behavior. */
  if (val == LOW) { /* If LOW */
    port->OUTCLR = bit_mask;
     87c:	94 e0       	ldi	r25, 0x04	; 4
/Users/sukraaj.brench/Library/Arduino15/packages/megaTinyCore/hardware/megaavr/2.6.11/cores/megatinycore/wiring_digital.c:255
  PORT_t *port = digitalPinToPortStruct(pin);
  /* Set output to value
  This runs regardless of whether the pin is an output,
  allowing the pin to be staged with
  changed to an output. Code in the wild relies on this behavior. */
  if (val == LOW) { /* If LOW */
     87e:	81 11       	cpse	r24, r1
     880:	16 c0       	rjmp	.+44     	; 0x8ae <digitalWrite.constprop.7+0x32>
/Users/sukraaj.brench/Library/Arduino15/packages/megaTinyCore/hardware/megaavr/2.6.11/cores/megatinycore/wiring_digital.c:256
    port->OUTCLR = bit_mask;
     882:	90 93 26 04 	sts	0x0426, r25	; 0x800426 <digital_pin_to_bit_mask+0x7f66bf>
/Users/sukraaj.brench/Library/Arduino15/packages/megaTinyCore/hardware/megaavr/2.6.11/cores/megatinycore/wiring_digital.c:280
  } else {
    port->OUTSET = bit_mask;
  }

  /* Input direction */
  if (!(port->DIR & bit_mask)) {
     886:	90 91 20 04 	lds	r25, 0x0420	; 0x800420 <digital_pin_to_bit_mask+0x7f66b9>
     88a:	92 fd       	sbrc	r25, 2
     88c:	0a c0       	rjmp	.+20     	; 0x8a2 <digitalWrite.constprop.7+0x26>
/Users/sukraaj.brench/Library/Arduino15/packages/megaTinyCore/hardware/megaavr/2.6.11/cores/megatinycore/wiring_digital.c:287
    uint8_t bit_pos = digitalPinToBitPosition(pin);
    /* Calculate where pin control register is */
    volatile uint8_t *pin_ctrl_reg = getPINnCTRLregister(port, bit_pos);

    /* Save system status and disable interrupts */
    uint8_t status = SREG;
     88e:	9f b7       	in	r25, 0x3f	; 63
/Users/sukraaj.brench/Library/Arduino15/packages/megaTinyCore/hardware/megaavr/2.6.11/cores/megatinycore/wiring_digital.c:288
    cli();
     890:	f8 94       	cli
/Users/sukraaj.brench/Library/Arduino15/packages/megaTinyCore/hardware/megaavr/2.6.11/cores/megatinycore/wiring_digital.c:290

    if (val == LOW) {
     892:	81 11       	cpse	r24, r1
     894:	0f c0       	rjmp	.+30     	; 0x8b4 <digitalWrite.constprop.7+0x38>
/Users/sukraaj.brench/Library/Arduino15/packages/megaTinyCore/hardware/megaavr/2.6.11/cores/megatinycore/wiring_digital.c:292
      /* Disable pullup */
      *pin_ctrl_reg &= ~PORT_PULLUPEN_bm;
     896:	80 91 32 04 	lds	r24, 0x0432	; 0x800432 <digital_pin_to_bit_mask+0x7f66cb>
     89a:	87 7f       	andi	r24, 0xF7	; 247
/Users/sukraaj.brench/Library/Arduino15/packages/megaTinyCore/hardware/megaavr/2.6.11/cores/megatinycore/wiring_digital.c:295
    } else {
      /* Enable pull-up */
      *pin_ctrl_reg |= PORT_PULLUPEN_bm;
     89c:	80 93 32 04 	sts	0x0432, r24	; 0x800432 <digital_pin_to_bit_mask+0x7f66cb>
/Users/sukraaj.brench/Library/Arduino15/packages/megaTinyCore/hardware/megaavr/2.6.11/cores/megatinycore/wiring_digital.c:299
    }

    /* Restore system status */
    SREG = status;
     8a0:	9f bf       	out	0x3f, r25	; 63
turnOffPWM():
/Users/sukraaj.brench/Library/Arduino15/packages/megaTinyCore/hardware/megaavr/2.6.11/cores/megatinycore/wiring_digital.c:142
          } else {
            // Otherwise, it's WO3-5. These will always be on 0b00hhh000,. Here since we ARE working with a high half timer, we need to just leftshift it once.
            bit_mask <<= 1;
          }
        #endif // End if 8 vs normal parts
        TCA0.SPLIT.CTRLB &= ~bit_mask;
     8a2:	80 91 01 0a 	lds	r24, 0x0A01	; 0x800a01 <digital_pin_to_bit_mask+0x7f6c9a>
     8a6:	8b 7f       	andi	r24, 0xFB	; 251
     8a8:	80 93 01 0a 	sts	0x0A01, r24	; 0x800a01 <digital_pin_to_bit_mask+0x7f6c9a>
digitalWrite.constprop.7():
/Users/sukraaj.brench/Library/Arduino15/packages/megaTinyCore/hardware/megaavr/2.6.11/cores/megatinycore/wiring_digital.c:312
   * analogWritten() 255, then digitallyWritten() to HIGH, which
   * would turn it off for the time between turnOffPWM() and
   * PORT->OUTCLR)
   * Since there's no penalty, why make a glitch we don't have to? */
  turnOffPWM(pin);
}
     8ac:	08 95       	ret
/Users/sukraaj.brench/Library/Arduino15/packages/megaTinyCore/hardware/megaavr/2.6.11/cores/megatinycore/wiring_digital.c:276
    // val will now be 0 (LOW) if the toggling made it LOW
    // or bit_mask if not. And further down, we only need to
    // know if it's
  /* If HIGH OR  > TOGGLE  */
  } else {
    port->OUTSET = bit_mask;
     8ae:	90 93 25 04 	sts	0x0425, r25	; 0x800425 <digital_pin_to_bit_mask+0x7f66be>
     8b2:	e9 cf       	rjmp	.-46     	; 0x886 <digitalWrite.constprop.7+0xa>
/Users/sukraaj.brench/Library/Arduino15/packages/megaTinyCore/hardware/megaavr/2.6.11/cores/megatinycore/wiring_digital.c:295
    if (val == LOW) {
      /* Disable pullup */
      *pin_ctrl_reg &= ~PORT_PULLUPEN_bm;
    } else {
      /* Enable pull-up */
      *pin_ctrl_reg |= PORT_PULLUPEN_bm;
     8b4:	80 91 32 04 	lds	r24, 0x0432	; 0x800432 <digital_pin_to_bit_mask+0x7f66cb>
     8b8:	88 60       	ori	r24, 0x08	; 8
     8ba:	f0 cf       	rjmp	.-32     	; 0x89c <digitalWrite.constprop.7+0x20>

000008bc <pinMode>:
pinMode():
/Users/sukraaj.brench/Library/Arduino15/packages/megaTinyCore/hardware/megaavr/2.6.11/cores/megatinycore/wiring_digital.c:44
}

void pinMode(uint8_t pin, uint8_t mode) {
  check_valid_digital_pin(pin);         /* generate compile error if a constant that is not a valid pin is used as the pin */
  check_valid_pin_mode(mode);           /* generate compile error if a constant that is not a valid pin mode is used as the mode */
  uint8_t bit_mask = digitalPinToBitMask(pin);
     8bc:	8c 30       	cpi	r24, 0x0C	; 12
     8be:	f0 f4       	brcc	.+60     	; 0x8fc <pinMode+0x40>
check_valid_digital_pin():
/Users/sukraaj.brench/Library/Arduino15/packages/megaTinyCore/hardware/megaavr/2.6.11/cores/megatinycore/Arduino.h:888
#if !defined(NUM_TOTAL_PINS)
  #define NUM_TOTAL_PINS                (NUM_DIGITAL_PINS) /* Used the same way as NUM_DIGITAL_PINS. so it doesn't mean what it's named  - I didn't make the convention*/
#endif

inline __attribute__((always_inline)) void check_valid_digital_pin(pin_size_t pin) {
  if (__builtin_constant_p(pin)) {
     8c0:	90 e0       	ldi	r25, 0x00	; 0
pinMode():
/Users/sukraaj.brench/Library/Arduino15/packages/megaTinyCore/hardware/megaavr/2.6.11/cores/megatinycore/wiring_digital.c:44
     8c2:	fc 01       	movw	r30, r24
     8c4:	e9 59       	subi	r30, 0x99	; 153
     8c6:	f2 46       	sbci	r31, 0x62	; 98
     8c8:	20 81       	ld	r18, Z
/Users/sukraaj.brench/Library/Arduino15/packages/megaTinyCore/hardware/megaavr/2.6.11/cores/megatinycore/wiring_digital.c:45
  if ((bit_mask == NOT_A_PIN) || (mode > INPUT_PULLUP)) {
     8ca:	2f 3f       	cpi	r18, 0xFF	; 255
     8cc:	b9 f0       	breq	.+46     	; 0x8fc <pinMode+0x40>
/Users/sukraaj.brench/Library/Arduino15/packages/megaTinyCore/hardware/megaavr/2.6.11/cores/megatinycore/wiring_digital.c:48
    return;                             /* ignore invalid pins passed at runtime */
  }
  volatile uint8_t * port_base = (volatile uint8_t *) (uint16_t) ((&PORTA) + digitalPinToPort(pin));
     8ce:	fc 01       	movw	r30, r24
     8d0:	e5 5a       	subi	r30, 0xA5	; 165
     8d2:	f2 46       	sbci	r31, 0x62	; 98
     8d4:	e0 81       	ld	r30, Z
     8d6:	30 e2       	ldi	r19, 0x20	; 32
     8d8:	e3 9f       	mul	r30, r19
     8da:	f0 01       	movw	r30, r0
     8dc:	11 24       	eor	r1, r1
     8de:	fc 5f       	subi	r31, 0xFC	; 252
/Users/sukraaj.brench/Library/Arduino15/packages/megaTinyCore/hardware/megaavr/2.6.11/cores/megatinycore/wiring_digital.c:49
  if (mode & 0x01) {
     8e0:	61 30       	cpi	r22, 0x01	; 1
     8e2:	69 f4       	brne	.+26     	; 0x8fe <pinMode+0x42>
/Users/sukraaj.brench/Library/Arduino15/packages/megaTinyCore/hardware/megaavr/2.6.11/cores/megatinycore/wiring_digital.c:51
    // OUTPUT mode, so write DIRSET with the mask.
    *(port_base + 1) = bit_mask;
     8e4:	21 83       	std	Z+1, r18	; 0x01
/Users/sukraaj.brench/Library/Arduino15/packages/megaTinyCore/hardware/megaavr/2.6.11/cores/megatinycore/wiring_digital.c:77
  // then load with displacement 2 clocks. IFF the compiler puts this pointer into Y or Z, it is faster and smaller
  // by 2 bytes and one clock. And let's hope it is, because the code above would suck too if it was in X.
  // Handwritten assembly that exploited the knowledge that there will never be a carry would save 1 word and 1 clock.
  // and could probably save at least several times that in initializing the port_base pointer. But if you're using
  // pinMode you probably don't care.
  port_base += (uint8_t) digitalPinToBitPosition(pin);
     8e6:	81 5b       	subi	r24, 0xB1	; 177
     8e8:	92 46       	sbci	r25, 0x62	; 98
     8ea:	dc 01       	movw	r26, r24
     8ec:	8c 91       	ld	r24, X
     8ee:	e8 0f       	add	r30, r24
     8f0:	f1 1d       	adc	r31, r1
/Users/sukraaj.brench/Library/Arduino15/packages/megaTinyCore/hardware/megaavr/2.6.11/cores/megatinycore/wiring_digital.c:78
  bit_mask = *(port_base + 0x10);
     8f2:	80 89       	ldd	r24, Z+16	; 0x10
/Users/sukraaj.brench/Library/Arduino15/packages/megaTinyCore/hardware/megaavr/2.6.11/cores/megatinycore/wiring_digital.c:79
  if (mode & 2) {
     8f4:	61 30       	cpi	r22, 0x01	; 1
     8f6:	29 f0       	breq	.+10     	; 0x902 <pinMode+0x46>
/Users/sukraaj.brench/Library/Arduino15/packages/megaTinyCore/hardware/megaavr/2.6.11/cores/megatinycore/wiring_digital.c:80
    bit_mask |= 0x08;
     8f8:	88 60       	ori	r24, 0x08	; 8
/Users/sukraaj.brench/Library/Arduino15/packages/megaTinyCore/hardware/megaavr/2.6.11/cores/megatinycore/wiring_digital.c:84
  } else {
    bit_mask &= 0xF7;
  }
  *(port_base + 0x10) = bit_mask;
     8fa:	80 8b       	std	Z+16, r24	; 0x10
/Users/sukraaj.brench/Library/Arduino15/packages/megaTinyCore/hardware/megaavr/2.6.11/cores/megatinycore/wiring_digital.c:85
}
     8fc:	08 95       	ret
/Users/sukraaj.brench/Library/Arduino15/packages/megaTinyCore/hardware/megaavr/2.6.11/cores/megatinycore/wiring_digital.c:53
  volatile uint8_t * port_base = (volatile uint8_t *) (uint16_t) ((&PORTA) + digitalPinToPort(pin));
  if (mode & 0x01) {
    // OUTPUT mode, so write DIRSET with the mask.
    *(port_base + 1) = bit_mask;
  } else { // otherwise it's input so we write DIRCLR
    *(port_base + 2) = bit_mask;
     8fe:	22 83       	std	Z+2, r18	; 0x02
     900:	f2 cf       	rjmp	.-28     	; 0x8e6 <pinMode+0x2a>
/Users/sukraaj.brench/Library/Arduino15/packages/megaTinyCore/hardware/megaavr/2.6.11/cores/megatinycore/wiring_digital.c:82
  port_base += (uint8_t) digitalPinToBitPosition(pin);
  bit_mask = *(port_base + 0x10);
  if (mode & 2) {
    bit_mask |= 0x08;
  } else {
    bit_mask &= 0xF7;
     902:	87 7f       	andi	r24, 0xF7	; 247
     904:	fa cf       	rjmp	.-12     	; 0x8fa <pinMode+0x3e>

00000906 <flashNotification(RgbColor)>:
_Z17flashNotification8RgbColor():
/Users/sukraaj.brench/bside/bsides-leeds-2026-badge/.build/firmware/firmware.ino:354

  ledStrip.show();
}

void flashNotification(RgbColor color)
{
     906:	6f 92       	push	r6
     908:	7f 92       	push	r7
     90a:	8f 92       	push	r8
     90c:	cf 92       	push	r12
     90e:	df 92       	push	r13
     910:	ef 92       	push	r14
     912:	3b 01       	movw	r6, r22
     914:	88 2e       	mov	r8, r24
/Users/sukraaj.brench/bside/bsides-leeds-2026-badge/.build/firmware/firmware.ino:355
  setAllLeds(color, true);
     916:	41 e0       	ldi	r20, 0x01	; 1
     918:	f1 de       	rcall	.-542    	; 0x6fc <setAllLeds(RgbColor, bool)>
delay():
     91a:	62 e3       	ldi	r22, 0x32	; 50
     91c:	70 e0       	ldi	r23, 0x00	; 0
     91e:	80 e0       	ldi	r24, 0x00	; 0
     920:	90 e0       	ldi	r25, 0x00	; 0
     922:	01 dc       	rcall	.-2046   	; 0x126 <delay.part.0>
_Z17flashNotification8RgbColor():
/Users/sukraaj.brench/bside/bsides-leeds-2026-badge/.build/firmware/firmware.ino:357
  delay(50);
  setAllLeds(COLOR_OFF, true);
     924:	c0 90 49 9d 	lds	r12, 0x9D49	; 0x809d49 <__bss_end+0x5e51>
     928:	d0 90 4a 9d 	lds	r13, 0x9D4A	; 0x809d4a <__bss_end+0x5e52>
     92c:	e0 90 4b 9d 	lds	r14, 0x9D4B	; 0x809d4b <__bss_end+0x5e53>
     930:	41 e0       	ldi	r20, 0x01	; 1
     932:	8e 2d       	mov	r24, r14
     934:	b6 01       	movw	r22, r12
     936:	e2 de       	rcall	.-572    	; 0x6fc <setAllLeds(RgbColor, bool)>
delay():
     938:	62 e3       	ldi	r22, 0x32	; 50
     93a:	70 e0       	ldi	r23, 0x00	; 0
     93c:	80 e0       	ldi	r24, 0x00	; 0
     93e:	90 e0       	ldi	r25, 0x00	; 0
     940:	f2 db       	rcall	.-2076   	; 0x126 <delay.part.0>
_Z17flashNotification8RgbColor():
/Users/sukraaj.brench/bside/bsides-leeds-2026-badge/.build/firmware/firmware.ino:359
  delay(50);
  setAllLeds(color, true);
     942:	41 e0       	ldi	r20, 0x01	; 1
     944:	88 2d       	mov	r24, r8
     946:	b3 01       	movw	r22, r6
     948:	d9 de       	rcall	.-590    	; 0x6fc <setAllLeds(RgbColor, bool)>
delay():
     94a:	62 e3       	ldi	r22, 0x32	; 50
     94c:	70 e0       	ldi	r23, 0x00	; 0
     94e:	80 e0       	ldi	r24, 0x00	; 0
     950:	90 e0       	ldi	r25, 0x00	; 0
     952:	e9 db       	rcall	.-2094   	; 0x126 <delay.part.0>
_Z17flashNotification8RgbColor():
/Users/sukraaj.brench/bside/bsides-leeds-2026-badge/.build/firmware/firmware.ino:361
  delay(50);
  setAllLeds(COLOR_OFF, true);
     954:	41 e0       	ldi	r20, 0x01	; 1
     956:	8e 2d       	mov	r24, r14
     958:	b6 01       	movw	r22, r12
     95a:	d0 de       	rcall	.-608    	; 0x6fc <setAllLeds(RgbColor, bool)>
delay():
     95c:	62 e3       	ldi	r22, 0x32	; 50
     95e:	70 e0       	ldi	r23, 0x00	; 0
     960:	80 e0       	ldi	r24, 0x00	; 0
     962:	90 e0       	ldi	r25, 0x00	; 0
_Z17flashNotification8RgbColor():
/Users/sukraaj.brench/bside/bsides-leeds-2026-badge/.build/firmware/firmware.ino:363
  delay(50);
}
     964:	ef 90       	pop	r14
     966:	df 90       	pop	r13
     968:	cf 90       	pop	r12
     96a:	8f 90       	pop	r8
     96c:	7f 90       	pop	r7
     96e:	6f 90       	pop	r6
delay():
     970:	da cb       	rjmp	.-2124   	; 0x126 <delay.part.0>

00000972 <showSuccess()>:
_Z11showSuccessv():
/Users/sukraaj.brench/bside/bsides-leeds-2026-badge/.build/firmware/firmware.ino:371
{
  flashNotification(COLOR_RED);
}

void showSuccess()
{
     972:	cf 92       	push	r12
     974:	df 92       	push	r13
     976:	ef 92       	push	r14
     978:	cf 93       	push	r28
/Users/sukraaj.brench/bside/bsides-leeds-2026-badge/.build/firmware/firmware.ino:373
  
  EEPROM.update(0, state);
     97a:	80 91 d0 3e 	lds	r24, 0x3ED0	; 0x803ed0 <state>
update():
/Users/sukraaj.brench/Library/Arduino15/packages/megaTinyCore/hardware/megaavr/2.6.11/libraries/EEPROM/src/EEPROM.h:149
  EERef &operator >>= (uint8_t in)    {
    return *this = **this >> in;
  }

  EERef &update(uint8_t in)          {
    return  in != *this ? *this = in : *this;
     97e:	90 91 00 14 	lds	r25, 0x1400	; 0x801400 <digital_pin_to_bit_mask+0x7f7699>
     982:	89 17       	cp	r24, r25
     984:	79 f0       	breq	.+30     	; 0x9a4 <showSuccess()+0x32>
operator=():
/Users/sukraaj.brench/Library/Arduino15/packages/megaTinyCore/hardware/megaavr/2.6.11/libraries/EEPROM/src/EEPROM.h:95
      "ldi %0, 0x03"      "\n\t" // command loaded: page erase-write.
      "st Z, %0"          "\n\t" // write the page erase-write command to nvmctrl.ctrla
      "out 0x3f, r0"      "\n"   // restore SREG
      :"+d"(in)           // take the value we are writing in any upper register as read/write,
      : "x"(adr)          // and the address (not the index) in X
      : "r30", "r31", "r18");      // clobber Z and r18. We needed an upper register for the temporary value to andi it. I wonder if this will fix the eeprom bugs too?
     986:	a0 e0       	ldi	r26, 0x00	; 0
     988:	b4 e1       	ldi	r27, 0x14	; 20
     98a:	e0 e0       	ldi	r30, 0x00	; 0
     98c:	f0 e1       	ldi	r31, 0x10	; 16
     98e:	0f b6       	in	r0, 0x3f	; 63
     990:	22 81       	ldd	r18, Z+2	; 0x02
     992:	23 70       	andi	r18, 0x03	; 3
     994:	e9 f7       	brne	.-6      	; 0x990 <showSuccess()+0x1e>
     996:	f8 94       	cli
     998:	8c 93       	st	X, r24
     99a:	8d e9       	ldi	r24, 0x9D	; 157
     99c:	84 bf       	out	0x34, r24	; 52
     99e:	83 e0       	ldi	r24, 0x03	; 3
     9a0:	80 83       	st	Z, r24
     9a2:	0f be       	out	0x3f, r0	; 63
_Z11showSuccessv():
/Users/sukraaj.brench/bside/bsides-leeds-2026-badge/.build/firmware/firmware.ino:371
{
  flashNotification(COLOR_RED);
}

void showSuccess()
{
     9a4:	c6 e0       	ldi	r28, 0x06	; 6
/Users/sukraaj.brench/bside/bsides-leeds-2026-badge/.build/firmware/firmware.ino:375
  
  EEPROM.update(0, state);
  for (uint8_t flashIndex = 0; flashIndex < 6; ++flashIndex) {
    flashNotification(COLOR_GREEN);
     9a6:	c0 90 28 9d 	lds	r12, 0x9D28	; 0x809d28 <__bss_end+0x5e30>
     9aa:	d0 90 29 9d 	lds	r13, 0x9D29	; 0x809d29 <__bss_end+0x5e31>
     9ae:	e0 90 2a 9d 	lds	r14, 0x9D2A	; 0x809d2a <__bss_end+0x5e32>
     9b2:	8e 2d       	mov	r24, r14
     9b4:	b6 01       	movw	r22, r12
     9b6:	a7 df       	rcall	.-178    	; 0x906 <flashNotification(RgbColor)>
     9b8:	c1 50       	subi	r28, 0x01	; 1
/Users/sukraaj.brench/bside/bsides-leeds-2026-badge/.build/firmware/firmware.ino:374

void showSuccess()
{
  
  EEPROM.update(0, state);
  for (uint8_t flashIndex = 0; flashIndex < 6; ++flashIndex) {
     9ba:	d9 f7       	brne	.-10     	; 0x9b2 <showSuccess()+0x40>
/Users/sukraaj.brench/bside/bsides-leeds-2026-badge/.build/firmware/firmware.ino:377
    flashNotification(COLOR_GREEN);
  }
}
     9bc:	cf 91       	pop	r28
     9be:	ef 90       	pop	r14
     9c0:	df 90       	pop	r13
     9c2:	cf 90       	pop	r12
     9c4:	08 95       	ret

000009c6 <enterSleep()>:
_Z10enterSleepv():
/Users/sukraaj.brench/bside/bsides-leeds-2026-badge/.build/firmware/firmware.ino:240
  }
}

void enterSleep()
{
  if (gAnimMode == 0) {
     9c6:	80 91 d8 3e 	lds	r24, 0x3ED8	; 0x803ed8 <gAnimMode>
     9ca:	81 11       	cpse	r24, r1
     9cc:	27 c0       	rjmp	.+78     	; 0xa1c <enterSleep()+0x56>
     9ce:	d1 ef       	ldi	r29, 0xF1	; 241
artieCloseEyes():
/Users/sukraaj.brench/bside/bsides-leeds-2026-badge/.build/firmware/firmware.ino:210
}

void artieCloseEyes()
{
  for (uint8_t f = 0; f < 70; f++) {
    setAllLeds(COLOR_OFF);
     9d0:	60 90 49 9d 	lds	r6, 0x9D49	; 0x809d49 <__bss_end+0x5e51>
     9d4:	70 90 4a 9d 	lds	r7, 0x9D4A	; 0x809d4a <__bss_end+0x5e52>
     9d8:	80 90 4b 9d 	lds	r8, 0x9D4B	; 0x809d4b <__bss_end+0x5e53>
/Users/sukraaj.brench/bside/bsides-leeds-2026-badge/.build/firmware/firmware.ino:217
      // full teal (still awake) — hardcoded because ARTIE_CALM_COL defined later
      setAllLeds(0, 18, 16);
    } else if (f >= 15 && f < 51) {
      // lower arc blue pulse with decaying envelope
      uint8_t local = f - 15;
      uint8_t base = 30 - (local * 5) / 6;
     9dc:	36 e0       	ldi	r19, 0x06	; 6
     9de:	e3 2e       	mov	r14, r19
     9e0:	f1 2c       	mov	r15, r1
/Users/sukraaj.brench/bside/bsides-leeds-2026-badge/.build/firmware/firmware.ino:218
      uint8_t wave = local % 18;
     9e2:	42 e1       	ldi	r20, 0x12	; 18
     9e4:	94 2e       	mov	r9, r20
/Users/sukraaj.brench/bside/bsides-leeds-2026-badge/.build/firmware/firmware.ino:223
      uint8_t mod;
      if (wave <= 9) {
        mod = (wave * 8) / 9;
      } else {
        mod = ((17 - wave) * 8) / 9;
     9e6:	51 e1       	ldi	r21, 0x11	; 17
     9e8:	c5 2e       	mov	r12, r21
     9ea:	d1 2c       	mov	r13, r1
     9ec:	09 e0       	ldi	r16, 0x09	; 9
     9ee:	10 e0       	ldi	r17, 0x00	; 0
/Users/sukraaj.brench/bside/bsides-leeds-2026-badge/.build/firmware/firmware.ino:210
}

void artieCloseEyes()
{
  for (uint8_t f = 0; f < 70; f++) {
    setAllLeds(COLOR_OFF);
     9f0:	40 e0       	ldi	r20, 0x00	; 0
     9f2:	88 2d       	mov	r24, r8
     9f4:	b3 01       	movw	r22, r6
     9f6:	82 de       	rcall	.-764    	; 0x6fc <setAllLeds(RgbColor, bool)>
/Users/sukraaj.brench/bside/bsides-leeds-2026-badge/.build/firmware/firmware.ino:211
    if (f < 11) {
     9f8:	8f e0       	ldi	r24, 0x0F	; 15
     9fa:	8d 0f       	add	r24, r29
     9fc:	8b 30       	cpi	r24, 0x0B	; 11
     9fe:	c0 f5       	brcc	.+112    	; 0xa70 <enterSleep()+0xaa>
/Users/sukraaj.brench/bside/bsides-leeds-2026-badge/.build/firmware/firmware.ino:213
      // full teal (still awake) — hardcoded because ARTIE_CALM_COL defined later
      setAllLeds(0, 18, 16);
     a00:	20 e0       	ldi	r18, 0x00	; 0
     a02:	40 e1       	ldi	r20, 0x10	; 16
     a04:	62 e1       	ldi	r22, 0x12	; 18
     a06:	80 e0       	ldi	r24, 0x00	; 0
     a08:	54 de       	rcall	.-856    	; 0x6b2 <setAllLeds(unsigned char, unsigned char, unsigned char, bool)>
/Users/sukraaj.brench/bside/bsides-leeds-2026-badge/.build/firmware/firmware.ino:233
        ledStrip.setPixelColor(i, 0, 0, bright);
        ledStrip.setPixelColor(i + 9, 0, 0, bright);
      }
    }
    // frames 11-14: off (blink), frames 51-54: off (blink), frames 55-69: off (asleep)
    ledStrip.show();
     a0a:	03 dc       	rcall	.-2042   	; 0x212 <tinyNeoPixel::show() [clone .constprop.14]>
delay():
     a0c:	60 e5       	ldi	r22, 0x50	; 80
     a0e:	70 e0       	ldi	r23, 0x00	; 0
     a10:	80 e0       	ldi	r24, 0x00	; 0
     a12:	90 e0       	ldi	r25, 0x00	; 0
     a14:	88 db       	rcall	.-2288   	; 0x126 <delay.part.0>
     a16:	df 5f       	subi	r29, 0xFF	; 255
artieCloseEyes():
/Users/sukraaj.brench/bside/bsides-leeds-2026-badge/.build/firmware/firmware.ino:209
  RTC.PITINTCTRL = ~(RTC_PI_bm);
}

void artieCloseEyes()
{
  for (uint8_t f = 0; f < 70; f++) {
     a18:	d7 33       	cpi	r29, 0x37	; 55
     a1a:	51 f7       	brne	.-44     	; 0x9f0 <enterSleep()+0x2a>
disableRtc():
/Users/sukraaj.brench/bside/bsides-leeds-2026-badge/.build/firmware/firmware.ino:163
  }
}

void disableRtc()
{
  RTC.PITINTCTRL = ~(RTC_PI_bm);
     a1c:	8e ef       	ldi	r24, 0xFE	; 254
     a1e:	80 93 52 01 	sts	0x0152, r24	; 0x800152 <digital_pin_to_bit_mask+0x7f63eb>
/Users/sukraaj.brench/bside/bsides-leeds-2026-badge/.build/firmware/firmware.ino:164
  shouldProcessPtc = false;
     a22:	10 92 ce 3e 	sts	0x3ECE, r1	; 0x803ece <shouldProcessPtc>
_Z10enterSleepv():
/Users/sukraaj.brench/bside/bsides-leeds-2026-badge/.build/firmware/firmware.ino:245
  if (gAnimMode == 0) {
    artieCloseEyes();
  }

  disableRtc();
  set_sleep_mode(SLEEP_MODE_PWR_DOWN);
     a26:	80 91 50 00 	lds	r24, 0x0050	; 0x800050 <digital_pin_to_bit_mask+0x7f62e9>
     a2a:	89 7f       	andi	r24, 0xF9	; 249
     a2c:	84 60       	ori	r24, 0x04	; 4
     a2e:	80 93 50 00 	sts	0x0050, r24	; 0x800050 <digital_pin_to_bit_mask+0x7f62e9>
/Users/sukraaj.brench/bside/bsides-leeds-2026-badge/.build/firmware/firmware.ino:247

  PORTA.PIN3CTRL = PORT_PULLUPEN_bm | PORT_ISC_LEVEL_gc;
     a32:	8d e0       	ldi	r24, 0x0D	; 13
     a34:	80 93 13 04 	sts	0x0413, r24	; 0x800413 <digital_pin_to_bit_mask+0x7f66ac>
/Users/sukraaj.brench/bside/bsides-leeds-2026-badge/.build/firmware/firmware.ino:248
  digitalWrite(LED_POWER_PIN, LOW);
     a38:	80 e0       	ldi	r24, 0x00	; 0
     a3a:	20 df       	rcall	.-448    	; 0x87c <digitalWrite.constprop.7>
/Users/sukraaj.brench/bside/bsides-leeds-2026-badge/.build/firmware/firmware.ino:249
  ADC0.CTRLA &= ~ADC_ENABLE_bm;
     a3c:	80 91 00 06 	lds	r24, 0x0600	; 0x800600 <digital_pin_to_bit_mask+0x7f6899>
     a40:	8e 7f       	andi	r24, 0xFE	; 254
     a42:	80 93 00 06 	sts	0x0600, r24	; 0x800600 <digital_pin_to_bit_mask+0x7f6899>
     a46:	cd e3       	ldi	r28, 0x3D	; 61
     a48:	dd e9       	ldi	r29, 0x9D	; 157
setTouchButtonPins():
/Users/sukraaj.brench/bside/bsides-leeds-2026-badge/.build/firmware/firmware.ino:157
}

void setTouchButtonPins(uint8_t mode)
{
  for (uint8_t buttonIndex = 0; buttonIndex < NUM_TOUCH_BUTTONS; ++buttonIndex) {
    pinMode(TOUCH_BUTTON_PINS[buttonIndex], mode);
     a4a:	61 e0       	ldi	r22, 0x01	; 1
     a4c:	89 91       	ld	r24, Y+
     a4e:	36 df       	rcall	.-404    	; 0x8bc <pinMode>
/Users/sukraaj.brench/bside/bsides-leeds-2026-badge/.build/firmware/firmware.ino:156
  setAllLeds(color.red, color.green, color.blue, show);
}

void setTouchButtonPins(uint8_t mode)
{
  for (uint8_t buttonIndex = 0; buttonIndex < NUM_TOUCH_BUTTONS; ++buttonIndex) {
     a50:	2d e9       	ldi	r18, 0x9D	; 157
     a52:	c3 34       	cpi	r28, 0x43	; 67
     a54:	d2 07       	cpc	r29, r18
     a56:	c9 f7       	brne	.-14     	; 0xa4a <enterSleep()+0x84>
_Z10enterSleepv():
/Users/sukraaj.brench/bside/bsides-leeds-2026-badge/.build/firmware/firmware.ino:252
  PORTA.PIN3CTRL = PORT_PULLUPEN_bm | PORT_ISC_LEVEL_gc;
  digitalWrite(LED_POWER_PIN, LOW);
  ADC0.CTRLA &= ~ADC_ENABLE_bm;
  setTouchButtonPins(OUTPUT);

  sleep_enable();
     a58:	80 91 50 00 	lds	r24, 0x0050	; 0x800050 <digital_pin_to_bit_mask+0x7f62e9>
     a5c:	81 60       	ori	r24, 0x01	; 1
     a5e:	80 93 50 00 	sts	0x0050, r24	; 0x800050 <digital_pin_to_bit_mask+0x7f62e9>
/Users/sukraaj.brench/bside/bsides-leeds-2026-badge/.build/firmware/firmware.ino:253
  sleep_cpu();
     a62:	88 95       	sleep
/Users/sukraaj.brench/bside/bsides-leeds-2026-badge/.build/firmware/firmware.ino:256

  // Wake is handled by rebooting through the watchdog, as in the original code.
  _PROTECTED_WRITE(WDT.CTRLA, WDT_PERIOD_8CLK_gc);
     a64:	88 ed       	ldi	r24, 0xD8	; 216
     a66:	91 e0       	ldi	r25, 0x01	; 1
     a68:	84 bf       	out	0x34, r24	; 52
     a6a:	90 93 00 01 	sts	0x0100, r25	; 0x800100 <digital_pin_to_bit_mask+0x7f6399>
     a6e:	ff cf       	rjmp	.-2      	; 0xa6e <enterSleep()+0xa8>
artieCloseEyes():
/Users/sukraaj.brench/bside/bsides-leeds-2026-badge/.build/firmware/firmware.ino:214
  for (uint8_t f = 0; f < 70; f++) {
    setAllLeds(COLOR_OFF);
    if (f < 11) {
      // full teal (still awake) — hardcoded because ARTIE_CALM_COL defined later
      setAllLeds(0, 18, 16);
    } else if (f >= 15 && f < 51) {
     a70:	d4 32       	cpi	r29, 0x24	; 36
     a72:	58 f6       	brcc	.-106    	; 0xa0a <enterSleep()+0x44>
/Users/sukraaj.brench/bside/bsides-leeds-2026-badge/.build/firmware/firmware.ino:217
      // lower arc blue pulse with decaying envelope
      uint8_t local = f - 15;
      uint8_t base = 30 - (local * 5) / 6;
     a74:	2b ef       	ldi	r18, 0xFB	; 251
     a76:	3d 2f       	mov	r19, r29
     a78:	23 03       	mulsu	r18, r19
     a7a:	c0 01       	movw	r24, r0
     a7c:	11 24       	eor	r1, r1
     a7e:	b7 01       	movw	r22, r14
     a80:	22 d9       	rcall	.-3516   	; 0xfffffcc6 <__eeprom_end+0xff7efcc6>
     a82:	c6 2f       	mov	r28, r22
/Users/sukraaj.brench/bside/bsides-leeds-2026-badge/.build/firmware/firmware.ino:218
      uint8_t wave = local % 18;
     a84:	8d 2f       	mov	r24, r29
     a86:	69 2d       	mov	r22, r9
     a88:	fe d8       	rcall	.-3588   	; 0xfffffc86 <__eeprom_end+0xff7efc86>
     a8a:	39 2f       	mov	r19, r25
     a8c:	89 2f       	mov	r24, r25
     a8e:	90 e0       	ldi	r25, 0x00	; 0
/Users/sukraaj.brench/bside/bsides-leeds-2026-badge/.build/firmware/firmware.ino:220
      uint8_t mod;
      if (wave <= 9) {
     a90:	3a 30       	cpi	r19, 0x0A	; 10
     a92:	20 f5       	brcc	.+72     	; 0xadc <enterSleep()+0x116>
/Users/sukraaj.brench/bside/bsides-leeds-2026-badge/.build/firmware/firmware.ino:223
        mod = (wave * 8) / 9;
      } else {
        mod = ((17 - wave) * 8) / 9;
     a94:	23 e0       	ldi	r18, 0x03	; 3
     a96:	88 0f       	add	r24, r24
     a98:	99 1f       	adc	r25, r25
     a9a:	2a 95       	dec	r18
     a9c:	e1 f7       	brne	.-8      	; 0xa96 <enterSleep()+0xd0>
     a9e:	b8 01       	movw	r22, r16
     aa0:	12 d9       	rcall	.-3548   	; 0xfffffcc6 <__eeprom_end+0xff7efcc6>
/Users/sukraaj.brench/bside/bsides-leeds-2026-badge/.build/firmware/firmware.ino:225
      }
      int8_t val = (int8_t)base - 4 + (int8_t)mod;
     aa2:	c6 5e       	subi	r28, 0xE6	; 230
     aa4:	c6 0f       	add	r28, r22
/Users/sukraaj.brench/bside/bsides-leeds-2026-badge/.build/firmware/firmware.ino:226
      uint8_t bright = val < 0 ? 0 : (val > 30 ? 30 : (uint8_t)val);
     aa6:	c7 fd       	sbrc	r28, 7
     aa8:	1e c0       	rjmp	.+60     	; 0xae6 <enterSleep()+0x120>
     aaa:	cf 31       	cpi	r28, 0x1F	; 31
     aac:	0c f0       	brlt	.+2      	; 0xab0 <enterSleep()+0xea>
     aae:	ce e1       	ldi	r28, 0x1E	; 30
_Z10enterSleepv():
     ab0:	83 e0       	ldi	r24, 0x03	; 3
     ab2:	a8 2e       	mov	r10, r24
     ab4:	b1 2c       	mov	r11, r1
artieCloseEyes():
/Users/sukraaj.brench/bside/bsides-leeds-2026-badge/.build/firmware/firmware.ino:228
      for (uint8_t i = 3; i <= 6; i++) {
        ledStrip.setPixelColor(i, 0, 0, bright);
     ab6:	2c 2f       	mov	r18, r28
     ab8:	40 e0       	ldi	r20, 0x00	; 0
     aba:	60 e0       	ldi	r22, 0x00	; 0
     abc:	c5 01       	movw	r24, r10
     abe:	ed da       	rcall	.-2598   	; 0x9a <tinyNeoPixel::setPixelColor(unsigned int, unsigned char, unsigned char, unsigned char) [clone .constprop.12]>
/Users/sukraaj.brench/bside/bsides-leeds-2026-badge/.build/firmware/firmware.ino:229
        ledStrip.setPixelColor(i + 9, 0, 0, bright);
     ac0:	2c 2f       	mov	r18, r28
     ac2:	40 e0       	ldi	r20, 0x00	; 0
     ac4:	60 e0       	ldi	r22, 0x00	; 0
     ac6:	c5 01       	movw	r24, r10
     ac8:	09 96       	adiw	r24, 0x09	; 9
     aca:	e7 da       	rcall	.-2610   	; 0x9a <tinyNeoPixel::setPixelColor(unsigned int, unsigned char, unsigned char, unsigned char) [clone .constprop.12]>
     acc:	3f ef       	ldi	r19, 0xFF	; 255
     ace:	a3 1a       	sub	r10, r19
     ad0:	b3 0a       	sbc	r11, r19
/Users/sukraaj.brench/bside/bsides-leeds-2026-badge/.build/firmware/firmware.ino:227
      } else {
        mod = ((17 - wave) * 8) / 9;
      }
      int8_t val = (int8_t)base - 4 + (int8_t)mod;
      uint8_t bright = val < 0 ? 0 : (val > 30 ? 30 : (uint8_t)val);
      for (uint8_t i = 3; i <= 6; i++) {
     ad2:	87 e0       	ldi	r24, 0x07	; 7
     ad4:	a8 16       	cp	r10, r24
     ad6:	b1 04       	cpc	r11, r1
     ad8:	71 f7       	brne	.-36     	; 0xab6 <enterSleep()+0xf0>
     ada:	97 cf       	rjmp	.-210    	; 0xa0a <enterSleep()+0x44>
/Users/sukraaj.brench/bside/bsides-leeds-2026-badge/.build/firmware/firmware.ino:223
      uint8_t wave = local % 18;
      uint8_t mod;
      if (wave <= 9) {
        mod = (wave * 8) / 9;
      } else {
        mod = ((17 - wave) * 8) / 9;
     adc:	96 01       	movw	r18, r12
     ade:	28 1b       	sub	r18, r24
     ae0:	39 0b       	sbc	r19, r25
     ae2:	c9 01       	movw	r24, r18
     ae4:	d7 cf       	rjmp	.-82     	; 0xa94 <enterSleep()+0xce>
_Z10enterSleepv():
/Users/sukraaj.brench/bside/bsides-leeds-2026-badge/.build/firmware/firmware.ino:226
      }
      int8_t val = (int8_t)base - 4 + (int8_t)mod;
      uint8_t bright = val < 0 ? 0 : (val > 30 ? 30 : (uint8_t)val);
     ae6:	c0 e0       	ldi	r28, 0x00	; 0
     ae8:	e3 cf       	rjmp	.-58     	; 0xab0 <enterSleep()+0xea>

00000aea <__vector_14>:
__vector_14():
/Users/sukraaj.brench/Library/Arduino15/packages/megaTinyCore/hardware/megaavr/2.6.11/cores/megatinycore/wiring_micros_ISR.h:839
  #else
    ISR(MILLIS_TIMER_VECTOR, ISR_NAKED) {
      // Common Interrupt header for TCB, TCA and TCD;
      // Clears the Timer Interrupt flag and pushes the CPU Registers
      // 7 words / 7 clocks
      __asm__ __volatile__(
     aea:	8f 93       	push	r24
     aec:	81 e0       	ldi	r24, 0x01	; 1
     aee:	80 93 8d 0a 	sts	0x0A8D, r24	; 0x800a8d <digital_pin_to_bit_mask+0x7f6d26>
     af2:	8f b7       	in	r24, 0x3f	; 63
     af4:	8f 93       	push	r24
     af6:	ef 93       	push	r30
     af8:	ff 93       	push	r31
/Users/sukraaj.brench/Library/Arduino15/packages/megaTinyCore/hardware/megaavr/2.6.11/cores/megatinycore/wiring_micros_ISR.h:950
        [MIINC]  "M" ((0x0000 - MILLIS_INC) & 0xFF),
        [MINCD]  "M" ((0xFFFF - MILLIS_INC) & 0xFF)
      );
  */

      __asm__ __volatile__(
     afa:	e9 ed       	ldi	r30, 0xD9	; 217
     afc:	fe e3       	ldi	r31, 0x3E	; 62
     afe:	9f 93       	push	r25
     b00:	68 94       	set
     b02:	8f ef       	ldi	r24, 0xFF	; 255
     b04:	0d c0       	rjmp	.+26     	; 0xb20 <sub4>

00000b06 <ovf_end>:
     b06:	e8 94       	clt
     b08:	84 81       	ldd	r24, Z+4	; 0x04
     b0a:	95 81       	ldd	r25, Z+5	; 0x05
     b0c:	80 5d       	subi	r24, 0xD0	; 208
     b0e:	9c 4f       	sbci	r25, 0xFC	; 252
     b10:	84 83       	std	Z+4, r24	; 0x04
     b12:	95 83       	std	Z+5, r25	; 0x05
     b14:	88 5e       	subi	r24, 0xE8	; 232
     b16:	93 40       	sbci	r25, 0x03	; 3
     b18:	80 f0       	brcs	.+32     	; 0xb3a <sub_end>
     b1a:	84 83       	std	Z+4, r24	; 0x04
     b1c:	95 83       	std	Z+5, r25	; 0x05
     b1e:	8f ef       	ldi	r24, 0xFF	; 255

00000b20 <sub4>:
     b20:	90 81       	ld	r25, Z
     b22:	98 1b       	sub	r25, r24
     b24:	91 93       	st	Z+, r25
     b26:	90 81       	ld	r25, Z
     b28:	9f 4f       	sbci	r25, 0xFF	; 255
     b2a:	91 93       	st	Z+, r25
     b2c:	90 81       	ld	r25, Z
     b2e:	9f 4f       	sbci	r25, 0xFF	; 255
     b30:	91 93       	st	Z+, r25
     b32:	90 81       	ld	r25, Z
     b34:	9f 4f       	sbci	r25, 0xFF	; 255
     b36:	91 93       	st	Z+, r25
     b38:	36 f3       	brts	.-52     	; 0xb06 <ovf_end>

00000b3a <sub_end>:
     b3a:	9f 91       	pop	r25
/Users/sukraaj.brench/Library/Arduino15/packages/megaTinyCore/hardware/megaavr/2.6.11/cores/megatinycore/wiring_micros_ISR.h:1012
        [MINCD]  "M" ((0xFFFF - MILLIS_INC) & 0xFF)
      );
    #endif /* (defined(MILLIS_USE_TIMERB0) || defined(MILLIS_USE_TIMERB1) || defined(MILLIS_USE_TIMERB2) || defined(MILLIS_USE_TIMERB3) || defined(MILLIS_USE_TIMERB4)) */
    // Common ISR Epilogue for TCA, TCB and TCD, popping register in reverse Order
    // 6 words, 14 clocks
    __asm__ __volatile__(
     b3c:	ff 91       	pop	r31
     b3e:	ef 91       	pop	r30
     b40:	8f 91       	pop	r24
     b42:	8f bf       	out	0x3f, r24	; 63
     b44:	8f 91       	pop	r24
     b46:	18 95       	reti

00000b48 <__vector_17>:
__vector_17():
/Users/sukraaj.brench/Library/Arduino15/packages/megaTinyCore/hardware/megaavr/2.6.11/libraries/PTC/src/ptc.c:1110
  }
}


#if defined(__PTC_Tiny__)
ISR(ADC0_RESRDY_vect) {
     b48:	1f 92       	push	r1
     b4a:	0f 92       	push	r0
     b4c:	0f b6       	in	r0, 0x3f	; 63
     b4e:	0f 92       	push	r0
     b50:	11 24       	eor	r1, r1
     b52:	2f 93       	push	r18
     b54:	3f 93       	push	r19
     b56:	4f 93       	push	r20
     b58:	5f 93       	push	r21
     b5a:	6f 93       	push	r22
     b5c:	7f 93       	push	r23
     b5e:	8f 93       	push	r24
     b60:	9f 93       	push	r25
     b62:	af 93       	push	r26
     b64:	bf 93       	push	r27
     b66:	cf 93       	push	r28
     b68:	df 93       	push	r29
     b6a:	ef 93       	push	r30
     b6c:	ff 93       	push	r31
ptc_eoc():
/Users/sukraaj.brench/Library/Arduino15/packages/megaTinyCore/hardware/megaavr/2.6.11/libraries/PTC/src/ptc.c:1078
}

void ptc_eoc(void) {
  PTC_t *pPTC;
  volatile cap_sensor_t *pCurrentNode;  // volatile needed to pass type check
  _fastPtr_d(pPTC, &PTC);
     b6e:	c0 e0       	ldi	r28, 0x00	; 0
     b70:	d6 e0       	ldi	r29, 0x06	; 6
/Users/sukraaj.brench/Library/Arduino15/packages/megaTinyCore/hardware/megaavr/2.6.11/libraries/PTC/src/ptc.c:1079
  _fastPtr_d(pCurrentNode, currConvNode);
     b72:	e0 91 40 3e 	lds	r30, 0x3E40	; 0x803e40 <currConvNode>
     b76:	f0 91 41 3e 	lds	r31, 0x3E41	; 0x803e41 <currConvNode+0x1>
/Users/sukraaj.brench/Library/Arduino15/packages/megaTinyCore/hardware/megaavr/2.6.11/libraries/PTC/src/ptc.c:1081

  if (NULL == pCurrentNode) {
     b7a:	30 97       	sbiw	r30, 0x00	; 0
     b7c:	f1 f0       	breq	.+60     	; 0xbba <__vector_17+0x72>
/Users/sukraaj.brench/Library/Arduino15/packages/megaTinyCore/hardware/megaavr/2.6.11/libraries/PTC/src/ptc.c:1085
    return;
  }

  pPTC->CTRLA = 0x00;
     b7e:	18 82       	st	Y, r1
/Users/sukraaj.brench/Library/Arduino15/packages/megaTinyCore/hardware/megaavr/2.6.11/libraries/PTC/src/ptc.c:1086
  uint8_t flags = pPTC->INTFLAGS; // save the flags before they get cleared by RES read
     b80:	3b 85       	ldd	r19, Y+11	; 0x0b
/Users/sukraaj.brench/Library/Arduino15/packages/megaTinyCore/hardware/megaavr/2.6.11/libraries/PTC/src/ptc.c:1087
  uint16_t rawVal =  pPTC->RES;   // clears ISR flags
     b82:	88 89       	ldd	r24, Y+16	; 0x10
     b84:	99 89       	ldd	r25, Y+17	; 0x11
/Users/sukraaj.brench/Library/Arduino15/packages/megaTinyCore/hardware/megaavr/2.6.11/libraries/PTC/src/ptc.c:1088
  uint8_t oversampling = pCurrentNode->hw_gain_ovs  & 0x0F;
     b86:	22 85       	ldd	r18, Z+10	; 0x0a
     b88:	2f 70       	andi	r18, 0x0F	; 15
/Users/sukraaj.brench/Library/Arduino15/packages/megaTinyCore/hardware/megaavr/2.6.11/libraries/PTC/src/ptc.c:1089
  pCurrentNode->sensorData = rawVal >> oversampling;
     b8a:	02 c0       	rjmp	.+4      	; 0xb90 <__vector_17+0x48>
     b8c:	96 95       	lsr	r25
     b8e:	87 95       	ror	r24
     b90:	2a 95       	dec	r18
     b92:	e2 f7       	brpl	.-8      	; 0xb8c <__vector_17+0x44>
     b94:	85 87       	std	Z+13, r24	; 0x0d
     b96:	96 87       	std	Z+14, r25	; 0x0e
/Users/sukraaj.brench/Library/Arduino15/packages/megaTinyCore/hardware/megaavr/2.6.11/libraries/PTC/src/ptc.c:1092

  //currConvNode->sensorData = pPTC->RES_TRUE;
  pCurrentNode->state.data_ready = 1;
     b98:	84 85       	ldd	r24, Z+12	; 0x0c
     b9a:	88 60       	ori	r24, 0x08	; 8
     b9c:	84 87       	std	Z+12, r24	; 0x0c
/Users/sukraaj.brench/Library/Arduino15/packages/megaTinyCore/hardware/megaavr/2.6.11/libraries/PTC/src/ptc.c:1094

  if (pCurrentNode->state.low_power) {
     b9e:	84 85       	ldd	r24, Z+12	; 0x0c
     ba0:	82 ff       	sbrs	r24, 2
     ba2:	23 c0       	rjmp	.+70     	; 0xbea <__vector_17+0xa2>
/Users/sukraaj.brench/Library/Arduino15/packages/megaTinyCore/hardware/megaavr/2.6.11/libraries/PTC/src/ptc.c:1096
    if (flags & ADC_WCMP_bm) {
      pCurrentNode->state.win_comp = 1;
     ba4:	84 85       	ldd	r24, Z+12	; 0x0c
/Users/sukraaj.brench/Library/Arduino15/packages/megaTinyCore/hardware/megaavr/2.6.11/libraries/PTC/src/ptc.c:1095

  //currConvNode->sensorData = pPTC->RES_TRUE;
  pCurrentNode->state.data_ready = 1;

  if (pCurrentNode->state.low_power) {
    if (flags & ADC_WCMP_bm) {
     ba6:	31 ff       	sbrs	r19, 1
     ba8:	1b c0       	rjmp	.+54     	; 0xbe0 <__vector_17+0x98>
/Users/sukraaj.brench/Library/Arduino15/packages/megaTinyCore/hardware/megaavr/2.6.11/libraries/PTC/src/ptc.c:1096
      pCurrentNode->state.win_comp = 1;
     baa:	82 60       	ori	r24, 0x02	; 2
     bac:	84 87       	std	Z+12, r24	; 0x0c
/Users/sukraaj.brench/Library/Arduino15/packages/megaTinyCore/hardware/megaavr/2.6.11/libraries/PTC/src/ptc.c:1097
      ptc_lib_state = PTC_LIB_CONV_WCMP;
     bae:	80 e1       	ldi	r24, 0x10	; 16
     bb0:	90 e0       	ldi	r25, 0x00	; 0
/Users/sukraaj.brench/Library/Arduino15/packages/megaTinyCore/hardware/megaavr/2.6.11/libraries/PTC/src/ptc.c:1100
    } else {
      pCurrentNode->state.win_comp = 0;
      ptc_lib_state = PTC_LIB_CONV_LP;
     bb2:	80 93 3e 3e 	sts	0x3E3E, r24	; 0x803e3e <ptc_lib_state>
     bb6:	90 93 3f 3e 	sts	0x3E3F, r25	; 0x803e3f <ptc_lib_state+0x1>
__vector_17():
/Users/sukraaj.brench/Library/Arduino15/packages/megaTinyCore/hardware/megaavr/2.6.11/libraries/PTC/src/ptc.c:1112


#if defined(__PTC_Tiny__)
ISR(ADC0_RESRDY_vect) {
  ptc_eoc();
}
     bba:	ff 91       	pop	r31
     bbc:	ef 91       	pop	r30
     bbe:	df 91       	pop	r29
     bc0:	cf 91       	pop	r28
     bc2:	bf 91       	pop	r27
     bc4:	af 91       	pop	r26
     bc6:	9f 91       	pop	r25
     bc8:	8f 91       	pop	r24
     bca:	7f 91       	pop	r23
     bcc:	6f 91       	pop	r22
     bce:	5f 91       	pop	r21
     bd0:	4f 91       	pop	r20
     bd2:	3f 91       	pop	r19
     bd4:	2f 91       	pop	r18
     bd6:	0f 90       	pop	r0
     bd8:	0f be       	out	0x3f, r0	; 63
     bda:	0f 90       	pop	r0
     bdc:	1f 90       	pop	r1
     bde:	18 95       	reti
ptc_eoc():
/Users/sukraaj.brench/Library/Arduino15/packages/megaTinyCore/hardware/megaavr/2.6.11/libraries/PTC/src/ptc.c:1099
  if (pCurrentNode->state.low_power) {
    if (flags & ADC_WCMP_bm) {
      pCurrentNode->state.win_comp = 1;
      ptc_lib_state = PTC_LIB_CONV_WCMP;
    } else {
      pCurrentNode->state.win_comp = 0;
     be0:	8d 7f       	andi	r24, 0xFD	; 253
     be2:	84 87       	std	Z+12, r24	; 0x0c
/Users/sukraaj.brench/Library/Arduino15/packages/megaTinyCore/hardware/megaavr/2.6.11/libraries/PTC/src/ptc.c:1100
      ptc_lib_state = PTC_LIB_CONV_LP;
     be4:	88 e0       	ldi	r24, 0x08	; 8
     be6:	90 e0       	ldi	r25, 0x00	; 0
     be8:	e4 cf       	rjmp	.-56     	; 0xbb2 <__vector_17+0x6a>
/Users/sukraaj.brench/Library/Arduino15/packages/megaTinyCore/hardware/megaavr/2.6.11/libraries/PTC/src/ptc.c:1104
    }

  } else {
    ptc_start_conversion(pCurrentNode->nextNode);
     bea:	80 81       	ld	r24, Z
     bec:	91 81       	ldd	r25, Z+1	; 0x01
     bee:	98 db       	rcall	.-2256   	; 0x320 <ptc_start_conversion>
     bf0:	e4 cf       	rjmp	.-56     	; 0xbba <__vector_17+0x72>

00000bf2 <__vector_7>:
__vector_7():
/Users/sukraaj.brench/bside/bsides-leeds-2026-badge/.build/firmware/firmware.ino:271
    while (true) { }
  }
}

ISR(RTC_PIT_vect)
{
     bf2:	1f 92       	push	r1
     bf4:	0f 92       	push	r0
     bf6:	0f b6       	in	r0, 0x3f	; 63
     bf8:	0f 92       	push	r0
     bfa:	11 24       	eor	r1, r1
     bfc:	cf 92       	push	r12
     bfe:	df 92       	push	r13
     c00:	ef 92       	push	r14
     c02:	ff 92       	push	r15
     c04:	2f 93       	push	r18
     c06:	3f 93       	push	r19
     c08:	4f 93       	push	r20
     c0a:	5f 93       	push	r21
     c0c:	6f 93       	push	r22
     c0e:	7f 93       	push	r23
     c10:	8f 93       	push	r24
     c12:	9f 93       	push	r25
     c14:	af 93       	push	r26
     c16:	bf 93       	push	r27
     c18:	cf 93       	push	r28
     c1a:	df 93       	push	r29
     c1c:	ef 93       	push	r30
     c1e:	ff 93       	push	r31
/Users/sukraaj.brench/bside/bsides-leeds-2026-badge/.build/firmware/firmware.ino:272
  RTC.PITINTFLAGS = RTC_PI_bm;
     c20:	81 e0       	ldi	r24, 0x01	; 1
     c22:	80 93 53 01 	sts	0x0153, r24	; 0x800153 <digital_pin_to_bit_mask+0x7f63ec>
/Users/sukraaj.brench/bside/bsides-leeds-2026-badge/.build/firmware/firmware.ino:274

  if (shouldProcessPtc) {
     c26:	80 91 ce 3e 	lds	r24, 0x3ECE	; 0x803ece <shouldProcessPtc>
     c2a:	88 23       	and	r24, r24
     c2c:	09 f4       	brne	.+2      	; 0xc30 <__vector_7+0x3e>
     c2e:	92 c0       	rjmp	.+292    	; 0xd54 <__vector_7+0x162>
millis():
/Users/sukraaj.brench/Library/Arduino15/packages/megaTinyCore/hardware/megaavr/2.6.11/cores/megatinycore/wiring.c:167
  unsigned long millis() {
    // return timer_overflow_count; // for debugging timekeeping issues where these variables are out of scope from the sketch
    unsigned long m;
    // disable interrupts while we read timer_millis or we might get an
    // inconsistent value (e.g. in the middle of a write to timer_millis)
    uint8_t oldSREG = SREG;
     c30:	8f b7       	in	r24, 0x3f	; 63
/Users/sukraaj.brench/Library/Arduino15/packages/megaTinyCore/hardware/megaavr/2.6.11/cores/megatinycore/wiring.c:168
    cli();
     c32:	f8 94       	cli
/Users/sukraaj.brench/Library/Arduino15/packages/megaTinyCore/hardware/megaavr/2.6.11/cores/megatinycore/wiring.c:182
        if (!(rtccount & 0x8000)) m += 64000;
      }
      SREG = oldSREG;
      m += rtccount - (rtccount >> 5) + (rtccount >> 7);
    #else
      m = timingStruct.timer_millis;
     c34:	c0 90 dd 3e 	lds	r12, 0x3EDD	; 0x803edd <timingStruct+0x4>
     c38:	d0 90 de 3e 	lds	r13, 0x3EDE	; 0x803ede <timingStruct+0x5>
     c3c:	e0 90 df 3e 	lds	r14, 0x3EDF	; 0x803edf <timingStruct+0x6>
     c40:	f0 90 e0 3e 	lds	r15, 0x3EE0	; 0x803ee0 <timingStruct+0x7>
/Users/sukraaj.brench/Library/Arduino15/packages/megaTinyCore/hardware/megaavr/2.6.11/cores/megatinycore/wiring.c:183
      SREG = oldSREG;
     c44:	8f bf       	out	0x3f, r24	; 63
ptc_process():
/Users/sukraaj.brench/Library/Arduino15/packages/megaTinyCore/hardware/megaavr/2.6.11/libraries/PTC/src/ptc.c:492


// pass the time, e.g. return value of millis or TCB value to the function instead of having a
// millis in here. improves portability
void ptc_process(uint16_t currTime) {
  if ((PTC_LIB_CONV_WCMP | PTC_LIB_CONV_LP) & ptc_lib_state) {
     c46:	80 91 3e 3e 	lds	r24, 0x3E3E	; 0x803e3e <ptc_lib_state>
     c4a:	90 91 3f 3e 	lds	r25, 0x3E3F	; 0x803e3f <ptc_lib_state+0x1>
     c4e:	88 71       	andi	r24, 0x18	; 24
     c50:	99 27       	eor	r25, r25
     c52:	89 2b       	or	r24, r25
     c54:	09 f4       	brne	.+2      	; 0xc58 <__vector_7+0x66>
     c56:	9f c0       	rjmp	.+318    	; 0xd96 <__vector_7+0x1a4>
/Users/sukraaj.brench/Library/Arduino15/packages/megaTinyCore/hardware/megaavr/2.6.11/libraries/PTC/src/ptc.c:493
    if (NULL != lowPowerNode) {
     c58:	80 91 3a 3e 	lds	r24, 0x3E3A	; 0x803e3a <lowPowerNode>
     c5c:	90 91 3b 3e 	lds	r25, 0x3E3B	; 0x803e3b <lowPowerNode+0x1>
     c60:	00 97       	sbiw	r24, 0x00	; 0
     c62:	a1 f0       	breq	.+40     	; 0xc8c <__vector_7+0x9a>
/Users/sukraaj.brench/Library/Arduino15/packages/megaTinyCore/hardware/megaavr/2.6.11/libraries/PTC/src/ptc.c:494
      if (PTC_LIB_CONV_WCMP == ptc_lib_state) {
     c64:	20 91 3e 3e 	lds	r18, 0x3E3E	; 0x803e3e <ptc_lib_state>
     c68:	30 91 3f 3e 	lds	r19, 0x3E3F	; 0x803e3f <ptc_lib_state+0x1>
/Users/sukraaj.brench/Library/Arduino15/packages/megaTinyCore/hardware/megaavr/2.6.11/libraries/PTC/src/ptc.c:499
        ptc_event_cb_wake(PTC_CB_EVENT_WAKE_TOUCH, lowPowerNode);
      } else {
        ptc_event_cb_wake(PTC_CB_EVENT_WAKE_NO_TOUCH, lowPowerNode);
      }
      ptc_process_measurement(lowPowerNode);
     c6c:	b3 db       	rcall	.-2202   	; 0x3d4 <ptc_process_measurement>
/Users/sukraaj.brench/Library/Arduino15/packages/megaTinyCore/hardware/megaavr/2.6.11/libraries/PTC/src/ptc.c:500
      if (NULL == lowPowerNode) { // Due to callbacks, low Power node may have been set to NULL by a disable
     c6e:	80 91 3a 3e 	lds	r24, 0x3E3A	; 0x803e3a <lowPowerNode>
     c72:	90 91 3b 3e 	lds	r25, 0x3E3B	; 0x803e3b <lowPowerNode+0x1>
     c76:	89 2b       	or	r24, r25
     c78:	09 f0       	breq	.+2      	; 0xc7c <__vector_7+0x8a>
     c7a:	83 c0       	rjmp	.+262    	; 0xd82 <__vector_7+0x190>
/Users/sukraaj.brench/Library/Arduino15/packages/megaTinyCore/hardware/megaavr/2.6.11/libraries/PTC/src/ptc.c:501
        currConvType = NODE_TYPE_NOCONV_bm;
     c7c:	10 92 3c 3e 	sts	0x3E3C, r1	; 0x803e3c <currConvType>
     c80:	10 92 3d 3e 	sts	0x3E3D, r1	; 0x803e3d <currConvType+0x1>
/Users/sukraaj.brench/Library/Arduino15/packages/megaTinyCore/hardware/megaavr/2.6.11/libraries/PTC/src/ptc.c:502
        ptc_lib_state = PTC_LIB_IDLE;
     c84:	10 92 3e 3e 	sts	0x3E3E, r1	; 0x803e3e <ptc_lib_state>
     c88:	10 92 3f 3e 	sts	0x3E3F, r1	; 0x803e3f <ptc_lib_state+0x1>
/Users/sukraaj.brench/Library/Arduino15/packages/megaTinyCore/hardware/megaavr/2.6.11/libraries/PTC/src/ptc.c:517
    }
    ptc_event_cb_conversion((PTC_CB_EVENT_CONV_CMPL | currConvType), (cap_sensor_t *)currConvNode);
    currConvType = NODE_TYPE_NOCONV_bm;
  }

  if ((currTime - lastAcqTime) >= acqPeriod) {
     c8c:	80 91 02 3e 	lds	r24, 0x3E02	; 0x803e02 <__data_end>
     c90:	90 91 03 3e 	lds	r25, 0x3E03	; 0x803e03 <__data_end+0x1>
     c94:	c8 1a       	sub	r12, r24
     c96:	d9 0a       	sbc	r13, r25
     c98:	24 e1       	ldi	r18, 0x14	; 20
     c9a:	c2 16       	cp	r12, r18
     c9c:	d1 04       	cpc	r13, r1
     c9e:	08 f4       	brcc	.+2      	; 0xca2 <__vector_7+0xb0>
     ca0:	59 c0       	rjmp	.+178    	; 0xd54 <__vector_7+0x162>
/Users/sukraaj.brench/Library/Arduino15/packages/megaTinyCore/hardware/megaavr/2.6.11/libraries/PTC/src/ptc.c:518
    lastAcqTime += acqPeriod;
     ca2:	44 96       	adiw	r24, 0x14	; 20
     ca4:	80 93 02 3e 	sts	0x3E02, r24	; 0x803e02 <__data_end>
     ca8:	90 93 03 3e 	sts	0x3E03, r25	; 0x803e03 <__data_end+0x1>
/Users/sukraaj.brench/Library/Arduino15/packages/megaTinyCore/hardware/megaavr/2.6.11/libraries/PTC/src/ptc.c:519
    if (PTC_LIB_IDLE == ptc_lib_state) {
     cac:	80 91 3e 3e 	lds	r24, 0x3E3E	; 0x803e3e <ptc_lib_state>
     cb0:	90 91 3f 3e 	lds	r25, 0x3E3F	; 0x803e3f <ptc_lib_state+0x1>
     cb4:	89 2b       	or	r24, r25
     cb6:	09 f0       	breq	.+2      	; 0xcba <__vector_7+0xc8>
     cb8:	4d c0       	rjmp	.+154    	; 0xd54 <__vector_7+0x162>
ptc_init_conversion():
/Users/sukraaj.brench/Library/Arduino15/packages/megaTinyCore/hardware/megaavr/2.6.11/libraries/PTC/src/ptc.c:852
}


void ptc_init_conversion(uint8_t nodeType) {
  PTC_t *pPTC;
  _fastPtr_d(pPTC, &PTC);
     cba:	e0 e0       	ldi	r30, 0x00	; 0
     cbc:	f6 e0       	ldi	r31, 0x06	; 6
/Users/sukraaj.brench/Library/Arduino15/packages/megaTinyCore/hardware/megaavr/2.6.11/libraries/PTC/src/ptc.c:854

  if (ptc_lib_state & (PTC_LIB_CONV_PROG | PTC_LIB_CONV_LP | PTC_LIB_CONV_WCMP | PTC_LIB_SUSPENDED)) {
     cbe:	80 91 3e 3e 	lds	r24, 0x3E3E	; 0x803e3e <ptc_lib_state>
     cc2:	90 91 3f 3e 	lds	r25, 0x3E3F	; 0x803e3f <ptc_lib_state+0x1>
     cc6:	89 79       	andi	r24, 0x99	; 153
     cc8:	99 27       	eor	r25, r25
     cca:	89 2b       	or	r24, r25
     ccc:	09 f0       	breq	.+2      	; 0xcd0 <__vector_7+0xde>
     cce:	42 c0       	rjmp	.+132    	; 0xd54 <__vector_7+0x162>
ptc_process():
/Users/sukraaj.brench/Library/Arduino15/packages/megaTinyCore/hardware/megaavr/2.6.11/libraries/PTC/src/ptc.c:522
  if ((currTime - lastAcqTime) >= acqPeriod) {
    lastAcqTime += acqPeriod;
    if (PTC_LIB_IDLE == ptc_lib_state) {
      uint8_t convType;
      if (nextConvType == 0) {
        convType = firstNode->type;
     cd0:	80 91 42 3e 	lds	r24, 0x3E42	; 0x803e42 <firstNode>
     cd4:	90 91 43 3e 	lds	r25, 0x3E43	; 0x803e43 <firstNode+0x1>
     cd8:	dc 01       	movw	r26, r24
     cda:	12 96       	adiw	r26, 0x02	; 2
     cdc:	2d 91       	ld	r18, X+
     cde:	3c 91       	ld	r19, X
ptc_init_conversion():
/Users/sukraaj.brench/Library/Arduino15/packages/megaTinyCore/hardware/megaavr/2.6.11/libraries/PTC/src/ptc.c:859
  if (ptc_lib_state & (PTC_LIB_CONV_PROG | PTC_LIB_CONV_LP | PTC_LIB_CONV_WCMP | PTC_LIB_SUSPENDED)) {
    return;
  }

  #if defined (__PTC_Tiny__)
  pPTC->CTRLP = 0x00;
     ce0:	10 8e       	std	Z+24, r1	; 0x18
/Users/sukraaj.brench/Library/Arduino15/packages/megaTinyCore/hardware/megaavr/2.6.11/libraries/PTC/src/ptc.c:861
  if (nodeType & NODE_MUTUAL_bm) {  /* NODE_MUTUAL */
    pPTC->CTRLP    = 0xC0 | 0x20;
     ce2:	40 ee       	ldi	r20, 0xE0	; 224
/Users/sukraaj.brench/Library/Arduino15/packages/megaTinyCore/hardware/megaavr/2.6.11/libraries/PTC/src/ptc.c:860
    return;
  }

  #if defined (__PTC_Tiny__)
  pPTC->CTRLP = 0x00;
  if (nodeType & NODE_MUTUAL_bm) {  /* NODE_MUTUAL */
     ce4:	20 fd       	sbrc	r18, 0
     ce6:	76 c0       	rjmp	.+236    	; 0xdd4 <__vector_7+0x1e2>
/Users/sukraaj.brench/Library/Arduino15/packages/megaTinyCore/hardware/megaavr/2.6.11/libraries/PTC/src/ptc.c:863
    pPTC->CTRLP    = 0xC0 | 0x20;
    pPTC->SHIELD  = 0x00;
  } else if (nodeType & NODE_SHIELD_bm) { /* NODE_SELFCAP */
     ce8:	23 ff       	sbrs	r18, 3
     cea:	71 c0       	rjmp	.+226    	; 0xdce <__vector_7+0x1dc>
/Users/sukraaj.brench/Library/Arduino15/packages/megaTinyCore/hardware/megaavr/2.6.11/libraries/PTC/src/ptc.c:864
    pPTC->CTRLP  = 0x28;
     cec:	48 e2       	ldi	r20, 0x28	; 40
     cee:	40 8f       	std	Z+24, r20	; 0x18
/Users/sukraaj.brench/Library/Arduino15/packages/megaTinyCore/hardware/megaavr/2.6.11/libraries/PTC/src/ptc.c:865
    pPTC->SHIELD = 0x86;
     cf0:	46 e8       	ldi	r20, 0x86	; 134
     cf2:	46 8f       	std	Z+30, r20	; 0x1e
/Users/sukraaj.brench/Library/Arduino15/packages/megaTinyCore/hardware/megaavr/2.6.11/libraries/PTC/src/ptc.c:873
    pPTC->SHIELD = 0x00;
  } else {
    return;
  }

  pPTC->CTRLA = 0x00;
     cf4:	10 82       	st	Z, r1
/Users/sukraaj.brench/Library/Arduino15/packages/megaTinyCore/hardware/megaavr/2.6.11/libraries/PTC/src/ptc.c:880
  uint8_t freq = freq_select;
  if (freq > 0x0F) {    /* FREQ_SELECT_15 */
    freq = ADC_ASDV_bm;
  }

  pPTC->CTRLD = freq;
     cf6:	13 82       	std	Z+3, r1	; 0x03
/Users/sukraaj.brench/Library/Arduino15/packages/megaTinyCore/hardware/megaavr/2.6.11/libraries/PTC/src/ptc.c:881
  pPTC->INTFLAGS = ADC_RESRDY_bm | ADC_WCMP_bm; // clear ISR flags, if there were unhandled
     cf8:	43 e0       	ldi	r20, 0x03	; 3
     cfa:	43 87       	std	Z+11, r20	; 0x0b
/Users/sukraaj.brench/Library/Arduino15/packages/megaTinyCore/hardware/megaavr/2.6.11/libraries/PTC/src/ptc.c:883

  currConvType = nodeType;
     cfc:	33 27       	eor	r19, r19
     cfe:	20 93 3c 3e 	sts	0x3E3C, r18	; 0x803e3c <currConvType>
     d02:	30 93 3d 3e 	sts	0x3E3D, r19	; 0x803e3d <currConvType+0x1>
/Users/sukraaj.brench/Library/Arduino15/packages/megaTinyCore/hardware/megaavr/2.6.11/libraries/PTC/src/ptc.c:884
  if (NULL != lowPowerNode) {
     d06:	a0 91 3a 3e 	lds	r26, 0x3E3A	; 0x803e3a <lowPowerNode>
     d0a:	b0 91 3b 3e 	lds	r27, 0x3E3B	; 0x803e3b <lowPowerNode+0x1>
     d0e:	10 97       	sbiw	r26, 0x00	; 0
     d10:	09 f4       	brne	.+2      	; 0xd14 <__vector_7+0x122>
     d12:	63 c0       	rjmp	.+198    	; 0xdda <__vector_7+0x1e8>
/Users/sukraaj.brench/Library/Arduino15/packages/megaTinyCore/hardware/megaavr/2.6.11/libraries/PTC/src/ptc.c:885
    pPTC->INTCTRL = ADC_WCMP_bm;  // Wakeup only above of window
     d14:	82 e0       	ldi	r24, 0x02	; 2
     d16:	82 87       	std	Z+10, r24	; 0x0a
/Users/sukraaj.brench/Library/Arduino15/packages/megaTinyCore/hardware/megaavr/2.6.11/libraries/PTC/src/ptc.c:886
    pPTC->CTRLE = ADC_WINCM_ABOVE_gc;
     d18:	84 83       	std	Z+4, r24	; 0x04
/Users/sukraaj.brench/Library/Arduino15/packages/megaTinyCore/hardware/megaavr/2.6.11/libraries/PTC/src/ptc.c:887
    pPTC->WINHT = (lowPowerNode->reference + lowPowerNode->touch_in_th) << (lowPowerNode->hw_gain_ovs & 0x0F);
     d1a:	1f 96       	adiw	r26, 0x0f	; 15
     d1c:	8d 91       	ld	r24, X+
     d1e:	9c 91       	ld	r25, X
     d20:	50 97       	sbiw	r26, 0x10	; 16
     d22:	51 96       	adiw	r26, 0x11	; 17
     d24:	2d 91       	ld	r18, X+
     d26:	3c 91       	ld	r19, X
     d28:	52 97       	sbiw	r26, 0x12	; 18
     d2a:	82 0f       	add	r24, r18
     d2c:	93 1f       	adc	r25, r19
     d2e:	1a 96       	adiw	r26, 0x0a	; 10
     d30:	2c 91       	ld	r18, X
     d32:	1a 97       	sbiw	r26, 0x0a	; 10
     d34:	2f 70       	andi	r18, 0x0F	; 15
     d36:	02 c0       	rjmp	.+4      	; 0xd3c <__vector_7+0x14a>
     d38:	88 0f       	add	r24, r24
     d3a:	99 1f       	adc	r25, r25
     d3c:	2a 95       	dec	r18
     d3e:	e2 f7       	brpl	.-8      	; 0xd38 <__vector_7+0x146>
     d40:	84 8b       	std	Z+20, r24	; 0x14
     d42:	95 8b       	std	Z+21, r25	; 0x15
/Users/sukraaj.brench/Library/Arduino15/packages/megaTinyCore/hardware/megaavr/2.6.11/libraries/PTC/src/ptc.c:888
    ptc_lib_state = PTC_LIB_EVENT;
     d44:	84 e0       	ldi	r24, 0x04	; 4
     d46:	90 e0       	ldi	r25, 0x00	; 0
     d48:	80 93 3e 3e 	sts	0x3E3E, r24	; 0x803e3e <ptc_lib_state>
     d4c:	90 93 3f 3e 	sts	0x3E3F, r25	; 0x803e3f <ptc_lib_state+0x1>
/Users/sukraaj.brench/Library/Arduino15/packages/megaTinyCore/hardware/megaavr/2.6.11/libraries/PTC/src/ptc.c:889
    ptc_start_conversion(lowPowerNode);
     d50:	cd 01       	movw	r24, r26
/Users/sukraaj.brench/Library/Arduino15/packages/megaTinyCore/hardware/megaavr/2.6.11/libraries/PTC/src/ptc.c:894
  } else {
    pPTC->INTCTRL = ADC_RESRDY_bm;
    pPTC->CTRLE = ADC_WINCM_NONE_gc;
    ptc_lib_state = PTC_LIB_CONV_PROG;
    ptc_start_conversion(firstNode);
     d52:	e6 da       	rcall	.-2612   	; 0x320 <ptc_start_conversion>
__vector_7():
/Users/sukraaj.brench/bside/bsides-leeds-2026-badge/.build/firmware/firmware.ino:277
    ptc_process(millis());
  }
}
     d54:	ff 91       	pop	r31
     d56:	ef 91       	pop	r30
     d58:	df 91       	pop	r29
     d5a:	cf 91       	pop	r28
     d5c:	bf 91       	pop	r27
     d5e:	af 91       	pop	r26
     d60:	9f 91       	pop	r25
     d62:	8f 91       	pop	r24
     d64:	7f 91       	pop	r23
     d66:	6f 91       	pop	r22
     d68:	5f 91       	pop	r21
     d6a:	4f 91       	pop	r20
     d6c:	3f 91       	pop	r19
     d6e:	2f 91       	pop	r18
     d70:	ff 90       	pop	r15
     d72:	ef 90       	pop	r14
     d74:	df 90       	pop	r13
     d76:	cf 90       	pop	r12
     d78:	0f 90       	pop	r0
     d7a:	0f be       	out	0x3f, r0	; 63
     d7c:	0f 90       	pop	r0
     d7e:	1f 90       	pop	r1
     d80:	18 95       	reti
ptc_process():
/Users/sukraaj.brench/Library/Arduino15/packages/megaTinyCore/hardware/megaavr/2.6.11/libraries/PTC/src/ptc.c:504
      ptc_process_measurement(lowPowerNode);
      if (NULL == lowPowerNode) { // Due to callbacks, low Power node may have been set to NULL by a disable
        currConvType = NODE_TYPE_NOCONV_bm;
        ptc_lib_state = PTC_LIB_IDLE;
      } else {
        PTC.INTCTRL = ADC_WCMP_bm;
     d82:	82 e0       	ldi	r24, 0x02	; 2
     d84:	80 93 0a 06 	sts	0x060A, r24	; 0x80060a <digital_pin_to_bit_mask+0x7f68a3>
/Users/sukraaj.brench/Library/Arduino15/packages/megaTinyCore/hardware/megaavr/2.6.11/libraries/PTC/src/ptc.c:505
        ptc_lib_state = PTC_LIB_EVENT;
     d88:	84 e0       	ldi	r24, 0x04	; 4
     d8a:	90 e0       	ldi	r25, 0x00	; 0
     d8c:	80 93 3e 3e 	sts	0x3E3E, r24	; 0x803e3e <ptc_lib_state>
     d90:	90 93 3f 3e 	sts	0x3E3F, r25	; 0x803e3f <ptc_lib_state+0x1>
     d94:	7b cf       	rjmp	.-266    	; 0xc8c <__vector_7+0x9a>
/Users/sukraaj.brench/Library/Arduino15/packages/megaTinyCore/hardware/megaavr/2.6.11/libraries/PTC/src/ptc.c:508
      }
    }
  } else if (PTC_LIB_CONV_COMPL == ptc_lib_state) {
     d96:	80 91 3e 3e 	lds	r24, 0x3E3E	; 0x803e3e <ptc_lib_state>
     d9a:	90 91 3f 3e 	lds	r25, 0x3E3F	; 0x803e3f <ptc_lib_state+0x1>
     d9e:	02 97       	sbiw	r24, 0x02	; 2
     da0:	09 f0       	breq	.+2      	; 0xda4 <__vector_7+0x1b2>
     da2:	74 cf       	rjmp	.-280    	; 0xc8c <__vector_7+0x9a>
/Users/sukraaj.brench/Library/Arduino15/packages/megaTinyCore/hardware/megaavr/2.6.11/libraries/PTC/src/ptc.c:509
    ptc_lib_state = PTC_LIB_IDLE;
     da4:	10 92 3e 3e 	sts	0x3E3E, r1	; 0x803e3e <ptc_lib_state>
     da8:	10 92 3f 3e 	sts	0x3E3F, r1	; 0x803e3f <ptc_lib_state+0x1>
/Users/sukraaj.brench/Library/Arduino15/packages/megaTinyCore/hardware/megaavr/2.6.11/libraries/PTC/src/ptc.c:510
    for (cap_sensor_t *node = firstNode; node != NULL; node = node->nextNode) {
     dac:	c0 91 42 3e 	lds	r28, 0x3E42	; 0x803e42 <firstNode>
     db0:	d0 91 43 3e 	lds	r29, 0x3E43	; 0x803e43 <firstNode+0x1>
     db4:	20 97       	sbiw	r28, 0x00	; 0
     db6:	29 f4       	brne	.+10     	; 0xdc2 <__vector_7+0x1d0>
/Users/sukraaj.brench/Library/Arduino15/packages/megaTinyCore/hardware/megaavr/2.6.11/libraries/PTC/src/ptc.c:514
      ptc_process_measurement(node);
    }
    ptc_event_cb_conversion((PTC_CB_EVENT_CONV_CMPL | currConvType), (cap_sensor_t *)currConvNode);
    currConvType = NODE_TYPE_NOCONV_bm;
     db8:	10 92 3c 3e 	sts	0x3E3C, r1	; 0x803e3c <currConvType>
     dbc:	10 92 3d 3e 	sts	0x3E3D, r1	; 0x803e3d <currConvType+0x1>
     dc0:	65 cf       	rjmp	.-310    	; 0xc8c <__vector_7+0x9a>
/Users/sukraaj.brench/Library/Arduino15/packages/megaTinyCore/hardware/megaavr/2.6.11/libraries/PTC/src/ptc.c:511
      }
    }
  } else if (PTC_LIB_CONV_COMPL == ptc_lib_state) {
    ptc_lib_state = PTC_LIB_IDLE;
    for (cap_sensor_t *node = firstNode; node != NULL; node = node->nextNode) {
      ptc_process_measurement(node);
     dc2:	ce 01       	movw	r24, r28
     dc4:	07 db       	rcall	.-2546   	; 0x3d4 <ptc_process_measurement>
/Users/sukraaj.brench/Library/Arduino15/packages/megaTinyCore/hardware/megaavr/2.6.11/libraries/PTC/src/ptc.c:510
        ptc_lib_state = PTC_LIB_EVENT;
      }
    }
  } else if (PTC_LIB_CONV_COMPL == ptc_lib_state) {
    ptc_lib_state = PTC_LIB_IDLE;
    for (cap_sensor_t *node = firstNode; node != NULL; node = node->nextNode) {
     dc6:	09 90       	ld	r0, Y+
     dc8:	d8 81       	ld	r29, Y
     dca:	c0 2d       	mov	r28, r0
     dcc:	f3 cf       	rjmp	.-26     	; 0xdb4 <__vector_7+0x1c2>
ptc_init_conversion():
/Users/sukraaj.brench/Library/Arduino15/packages/megaTinyCore/hardware/megaavr/2.6.11/libraries/PTC/src/ptc.c:866
    pPTC->CTRLP    = 0xC0 | 0x20;
    pPTC->SHIELD  = 0x00;
  } else if (nodeType & NODE_SHIELD_bm) { /* NODE_SELFCAP */
    pPTC->CTRLP  = 0x28;
    pPTC->SHIELD = 0x86;
  } else if (nodeType & NODE_SELFCAP_bm) {
     dce:	22 ff       	sbrs	r18, 2
     dd0:	c1 cf       	rjmp	.-126    	; 0xd54 <__vector_7+0x162>
/Users/sukraaj.brench/Library/Arduino15/packages/megaTinyCore/hardware/megaavr/2.6.11/libraries/PTC/src/ptc.c:867
    pPTC->CTRLP  = 0x28;
     dd2:	48 e2       	ldi	r20, 0x28	; 40
     dd4:	40 8f       	std	Z+24, r20	; 0x18
/Users/sukraaj.brench/Library/Arduino15/packages/megaTinyCore/hardware/megaavr/2.6.11/libraries/PTC/src/ptc.c:868
    pPTC->SHIELD = 0x00;
     dd6:	16 8e       	std	Z+30, r1	; 0x1e
     dd8:	8d cf       	rjmp	.-230    	; 0xcf4 <__vector_7+0x102>
/Users/sukraaj.brench/Library/Arduino15/packages/megaTinyCore/hardware/megaavr/2.6.11/libraries/PTC/src/ptc.c:891
    pPTC->CTRLE = ADC_WINCM_ABOVE_gc;
    pPTC->WINHT = (lowPowerNode->reference + lowPowerNode->touch_in_th) << (lowPowerNode->hw_gain_ovs & 0x0F);
    ptc_lib_state = PTC_LIB_EVENT;
    ptc_start_conversion(lowPowerNode);
  } else {
    pPTC->INTCTRL = ADC_RESRDY_bm;
     dda:	21 e0       	ldi	r18, 0x01	; 1
     ddc:	22 87       	std	Z+10, r18	; 0x0a
/Users/sukraaj.brench/Library/Arduino15/packages/megaTinyCore/hardware/megaavr/2.6.11/libraries/PTC/src/ptc.c:892
    pPTC->CTRLE = ADC_WINCM_NONE_gc;
     dde:	14 82       	std	Z+4, r1	; 0x04
/Users/sukraaj.brench/Library/Arduino15/packages/megaTinyCore/hardware/megaavr/2.6.11/libraries/PTC/src/ptc.c:893
    ptc_lib_state = PTC_LIB_CONV_PROG;
     de0:	21 e0       	ldi	r18, 0x01	; 1
     de2:	30 e0       	ldi	r19, 0x00	; 0
     de4:	20 93 3e 3e 	sts	0x3E3E, r18	; 0x803e3e <ptc_lib_state>
     de8:	30 93 3f 3e 	sts	0x3E3F, r19	; 0x803e3f <ptc_lib_state+0x1>
     dec:	b2 cf       	rjmp	.-156    	; 0xd52 <__vector_7+0x160>

00000dee <__vector_3>:
__vector_3():
/Users/sukraaj.brench/bside/bsides-leeds-2026-badge/.build/firmware/firmware.ino:261
  _PROTECTED_WRITE(WDT.CTRLA, WDT_PERIOD_8CLK_gc);
  while (true) { }
}

ISR(PORTA_PORT_vect)
{
     dee:	1f 92       	push	r1
     df0:	0f 92       	push	r0
     df2:	0f b6       	in	r0, 0x3f	; 63
     df4:	0f 92       	push	r0
     df6:	11 24       	eor	r1, r1
     df8:	8f 93       	push	r24
     dfa:	9f 93       	push	r25
/Users/sukraaj.brench/bside/bsides-leeds-2026-badge/.build/firmware/firmware.ino:262
  PORTA.INTFLAGS = PORT_INT3_bm;
     dfc:	88 e0       	ldi	r24, 0x08	; 8
     dfe:	80 93 09 04 	sts	0x0409, r24	; 0x800409 <digital_pin_to_bit_mask+0x7f66a2>
/Users/sukraaj.brench/bside/bsides-leeds-2026-badge/.build/firmware/firmware.ino:264

  if (rebootOnButtonPress) {
     e02:	80 91 cf 3e 	lds	r24, 0x3ECF	; 0x803ecf <rebootOnButtonPress>
     e06:	88 23       	and	r24, r24
     e08:	31 f0       	breq	.+12     	; 0xe16 <__vector_3+0x28>
/Users/sukraaj.brench/bside/bsides-leeds-2026-badge/.build/firmware/firmware.ino:265
    _PROTECTED_WRITE(WDT.CTRLA, WDT_PERIOD_8CLK_gc);
     e0a:	88 ed       	ldi	r24, 0xD8	; 216
     e0c:	91 e0       	ldi	r25, 0x01	; 1
     e0e:	84 bf       	out	0x34, r24	; 52
     e10:	90 93 00 01 	sts	0x0100, r25	; 0x800100 <digital_pin_to_bit_mask+0x7f6399>
     e14:	ff cf       	rjmp	.-2      	; 0xe14 <__vector_3+0x26>
/Users/sukraaj.brench/bside/bsides-leeds-2026-badge/.build/firmware/firmware.ino:268
    while (true) { }
  }
}
     e16:	9f 91       	pop	r25
     e18:	8f 91       	pop	r24
     e1a:	0f 90       	pop	r0
     e1c:	0f be       	out	0x3f, r0	; 63
     e1e:	0f 90       	pop	r0
     e20:	1f 90       	pop	r1
     e22:	18 95       	reti

00000e24 <main>:
main():
/Users/sukraaj.brench/Library/Arduino15/packages/megaTinyCore/hardware/megaavr/2.6.11/cores/megatinycore/main.cpp:49
 * called first in non-optiboot configurations (neither is needed on Optibooot configurations() *
 * an extra bit of initialization code in .init3 to fix the vectors and still happen if user    *
 * overrides main. In the past there was a USB-related function here, that is removed, as work  *
 * will be needed in any event at the core level if VUSB-based "stuff" arrives, but really I'm  *
 * just waiting for the DU-series now                                                           */
int main() {
     e24:	cf 93       	push	r28
     e26:	df 93       	push	r29
     e28:	cd b7       	in	r28, 0x3d	; 61
     e2a:	de b7       	in	r29, 0x3e	; 62
     e2c:	6c 97       	sbiw	r28, 0x1c	; 28
     e2e:	cd bf       	out	0x3d, r28	; 61
     e30:	de bf       	out	0x3e, r29	; 62
init_clock():
/Users/sukraaj.brench/Library/Arduino15/packages/megaTinyCore/hardware/megaavr/2.6.11/cores/megatinycore/wiring.c:460
  #if (CLOCK_SOURCE == 0)
    #if (defined(CLOCK_TUNE_INTERNAL))
      tune_internal(); // Will be inlined as only called once. Just too long and ugly to put two implementations in middle of this.
    #else
      #if defined(_MCLK_CTRLB) && defined(F_CPU) && defined(_MAIN_CLOCK_PRESCALER)
        _PROTECTED_WRITE(CLKCTRL_MCLKCTRLB,_MCLK_CTRLB);
     e32:	88 ed       	ldi	r24, 0xD8	; 216
     e34:	90 e0       	ldi	r25, 0x00	; 0
     e36:	84 bf       	out	0x34, r24	; 52
     e38:	90 93 61 00 	sts	0x0061, r25	; 0x800061 <digital_pin_to_bit_mask+0x7f62fa>
init_ADC0():
/Users/sukraaj.brench/Library/Arduino15/packages/megaTinyCore/hardware/megaavr/2.6.11/cores/megatinycore/wiring.c:552


/********************************* ADC ****************************************/
void __attribute__((weak)) init_ADC0() {
  ADC_t* pADC;
  _fastPtr_d(pADC, &ADC0);
     e3c:	e0 e0       	ldi	r30, 0x00	; 0
     e3e:	f6 e0       	ldi	r31, 0x06	; 6
/Users/sukraaj.brench/Library/Arduino15/packages/megaTinyCore/hardware/megaavr/2.6.11/cores/megatinycore/wiring.c:573
   **************************************************************************/
    //                              30 MHz / 32 = 937 kHz,  32 MHz / 32 =  1 MHz.
    #if   F_CPU   > 24000000     // 24 MHz / 16 = 1.5 MHz,  25 MHz / 32 =  780 kHz
      pADC->CTRLC  = ADC_PRESC_DIV32_gc | ADC_REFSEL_VDDREF_gc | ADC_SAMPCAP_bm;
    #elif F_CPU  >= 12000000    // 16 MHz / 16 = 1.0 MHz,  20 MHz / 16 = 1.25 MHz
      pADC->CTRLC  = ADC_PRESC_DIV16_gc | ADC_REFSEL_VDDREF_gc | ADC_SAMPCAP_bm;
     e40:	83 e5       	ldi	r24, 0x53	; 83
     e42:	82 83       	std	Z+2, r24	; 0x02
/Users/sukraaj.brench/Library/Arduino15/packages/megaTinyCore/hardware/megaavr/2.6.11/cores/megatinycore/wiring.c:584
      pADC->CTRLC  =  ADC_PRESC_DIV2_gc | ADC_REFSEL_VDDREF_gc | ADC_SAMPCAP_bm;
    #endif
    #if   (F_CPU == 6000000 || F_CPU == 12000000 || F_CPU == 24000000 || F_CPU ==25000000)
      pADC->SAMPCTRL = (7); // 9 ADC clocks, 12 us
    #elif (F_CPU == 5000000 || F_CPU == 10000000 || F_CPU == 20000000)
      pADC->SAMPCTRL = (13);   // 15 ADC clock,s 12 us
     e44:	8d e0       	ldi	r24, 0x0D	; 13
     e46:	85 83       	std	Z+5, r24	; 0x05
/Users/sukraaj.brench/Library/Arduino15/packages/megaTinyCore/hardware/megaavr/2.6.11/cores/megatinycore/wiring.c:588
    #else
      pADC->SAMPCTRL = (10); // 12 ADC clocks, 12 us
    #endif
    pADC->CTRLD    = ADC_INITDLY_DLY16_gc;
     e48:	80 e2       	ldi	r24, 0x20	; 32
     e4a:	83 83       	std	Z+3, r24	; 0x03
/Users/sukraaj.brench/Library/Arduino15/packages/megaTinyCore/hardware/megaavr/2.6.11/cores/megatinycore/wiring.c:589
    pADC->CTRLA    = ADC_ENABLE_bm;
     e4c:	81 e0       	ldi	r24, 0x01	; 1
     e4e:	80 83       	st	Z, r24
init_TCA0():
/Users/sukraaj.brench/Library/Arduino15/packages/megaTinyCore/hardware/megaavr/2.6.11/cores/megatinycore/wiring.c:680

void __attribute__((weak)) init_TCA0() {
  /*  TYPE A TIMER   */
  #if !defined(TCA_BUFFERED_3PIN)
    #if defined(PORTMUX_CTRLC)
      PORTMUX.CTRLC = TCA_PORTMUX;
     e50:	10 92 02 02 	sts	0x0202, r1	; 0x800202 <digital_pin_to_bit_mask+0x7f649b>
/Users/sukraaj.brench/Library/Arduino15/packages/megaTinyCore/hardware/megaavr/2.6.11/cores/megatinycore/wiring.c:684
    #else
      PORTMUX.TCAROUTEA = TCA_PORTMUX;
    #endif
    TCA0.SPLIT.CTRLD   = TCA_SPLIT_SPLITM_bm;
     e54:	80 93 03 0a 	sts	0x0A03, r24	; 0x800a03 <digital_pin_to_bit_mask+0x7f6c9c>
/Users/sukraaj.brench/Library/Arduino15/packages/megaTinyCore/hardware/megaavr/2.6.11/cores/megatinycore/wiring.c:685
    TCA0.SPLIT.LPER    = PWM_TIMER_PERIOD;
     e58:	9e ef       	ldi	r25, 0xFE	; 254
     e5a:	90 93 26 0a 	sts	0x0A26, r25	; 0x800a26 <digital_pin_to_bit_mask+0x7f6cbf>
/Users/sukraaj.brench/Library/Arduino15/packages/megaTinyCore/hardware/megaavr/2.6.11/cores/megatinycore/wiring.c:686
    TCA0.SPLIT.HPER    = PWM_TIMER_PERIOD;
     e5e:	90 93 27 0a 	sts	0x0A27, r25	; 0x800a27 <digital_pin_to_bit_mask+0x7f6cc0>
/Users/sukraaj.brench/Library/Arduino15/packages/megaTinyCore/hardware/megaavr/2.6.11/cores/megatinycore/wiring.c:687
    TCA0.SPLIT.CTRLA   = (_TIMERA_PRESCALER | TCA_SPLIT_ENABLE_bm);
     e62:	9b e0       	ldi	r25, 0x0B	; 11
     e64:	90 93 00 0a 	sts	0x0A00, r25	; 0x800a00 <digital_pin_to_bit_mask+0x7f6c99>
init_millis():
/Users/sukraaj.brench/Library/Arduino15/packages/megaTinyCore/hardware/megaavr/2.6.11/cores/megatinycore/wiring.c:345
      #else
        TCA0.SINGLE.INTCTRL = TCA_SINGLE_OVF_bm;
      #endif
    #elif defined(MILLIS_USE_TIMERD0)
      TCD_t* pTCD;
      _fastPtr_d(pTCD, &TCD0);
     e68:	e0 e8       	ldi	r30, 0x80	; 128
     e6a:	fa e0       	ldi	r31, 0x0A	; 10
/Users/sukraaj.brench/Library/Arduino15/packages/megaTinyCore/hardware/megaavr/2.6.11/cores/megatinycore/wiring.c:346
      pTCD->CMPBCLR        = TIME_TRACKING_TIMER_PERIOD; // essentially, this is TOP
     e6c:	2d ef       	ldi	r18, 0xFD	; 253
     e6e:	31 e0       	ldi	r19, 0x01	; 1
     e70:	26 a7       	std	Z+46, r18	; 0x2e
     e72:	37 a7       	std	Z+47, r19	; 0x2f
/Users/sukraaj.brench/Library/Arduino15/packages/megaTinyCore/hardware/megaavr/2.6.11/cores/megatinycore/wiring.c:347
      pTCD->CTRLB          = 0x00; // oneramp mode
     e74:	11 82       	std	Z+1, r1	; 0x01
/Users/sukraaj.brench/Library/Arduino15/packages/megaTinyCore/hardware/megaavr/2.6.11/cores/megatinycore/wiring.c:348
      pTCD->CTRLC          = 0x80;
     e76:	90 e8       	ldi	r25, 0x80	; 128
     e78:	92 83       	std	Z+2, r25	; 0x02
/Users/sukraaj.brench/Library/Arduino15/packages/megaTinyCore/hardware/megaavr/2.6.11/cores/megatinycore/wiring.c:349
      pTCD->INTCTRL        = 0x01; // enable interrupt
     e7a:	84 87       	std	Z+12, r24	; 0x0c
/Users/sukraaj.brench/Library/Arduino15/packages/megaTinyCore/hardware/megaavr/2.6.11/cores/megatinycore/wiring.c:350
      pTCD->CTRLA          = _TIMERD0_PRESCALER | 0x01; // set clock source and enable!
     e7c:	81 e1       	ldi	r24, 0x11	; 17
     e7e:	80 83       	st	Z, r24
main():
/Users/sukraaj.brench/Library/Arduino15/packages/megaTinyCore/hardware/megaavr/2.6.11/cores/megatinycore/main.cpp:53
  onBeforeInit(); // Emnpty callback called before init but after the .init stuff. First normal code executed
  init(); // Interrupts are turned on just prior to init() returning.
  initVariant();
  if (!onAfterInit()) sei();  // enable interrupts.
     e80:	78 94       	sei
setup():
/Users/sukraaj.brench/bside/bsides-leeds-2026-badge/.build/firmware/firmware.ino:1026
  totalIntervalMs = 0;
}

void setup()
{
  pinMode(PIN_PA1, OUTPUT);
     e82:	61 e0       	ldi	r22, 0x01	; 1
     e84:	88 e0       	ldi	r24, 0x08	; 8
     e86:	1a dd       	rcall	.-1484   	; 0x8bc <pinMode>
/Users/sukraaj.brench/bside/bsides-leeds-2026-badge/.build/firmware/firmware.ino:1027
  pinMode(PIN_PA2, OUTPUT);
     e88:	61 e0       	ldi	r22, 0x01	; 1
     e8a:	89 e0       	ldi	r24, 0x09	; 9
     e8c:	17 dd       	rcall	.-1490   	; 0x8bc <pinMode>
/Users/sukraaj.brench/bside/bsides-leeds-2026-badge/.build/firmware/firmware.ino:1028
  pinMode(PIN_PB2, OUTPUT);
     e8e:	61 e0       	ldi	r22, 0x01	; 1
     e90:	85 e0       	ldi	r24, 0x05	; 5
     e92:	14 dd       	rcall	.-1496   	; 0x8bc <pinMode>
/Users/sukraaj.brench/bside/bsides-leeds-2026-badge/.build/firmware/firmware.ino:1029
  pinMode(PIN_PB3, OUTPUT);
     e94:	61 e0       	ldi	r22, 0x01	; 1
     e96:	84 e0       	ldi	r24, 0x04	; 4
     e98:	11 dd       	rcall	.-1502   	; 0x8bc <pinMode>
/Users/sukraaj.brench/bside/bsides-leeds-2026-badge/.build/firmware/firmware.ino:1031

  pinMode(LED_DATA_PIN, OUTPUT);
     e9a:	61 e0       	ldi	r22, 0x01	; 1
     e9c:	84 e0       	ldi	r24, 0x04	; 4
     e9e:	0e dd       	rcall	.-1508   	; 0x8bc <pinMode>
/Users/sukraaj.brench/bside/bsides-leeds-2026-badge/.build/firmware/firmware.ino:1032
  pinMode(WAKE_BUTTON_PIN, INPUT_PULLUP);
     ea0:	62 e0       	ldi	r22, 0x02	; 2
     ea2:	8a e0       	ldi	r24, 0x0A	; 10
     ea4:	0b dd       	rcall	.-1514   	; 0x8bc <pinMode>
/Users/sukraaj.brench/bside/bsides-leeds-2026-badge/.build/firmware/firmware.ino:1033
  digitalWrite(LED_POWER_PIN, HIGH);
     ea6:	81 e0       	ldi	r24, 0x01	; 1
     ea8:	e9 dc       	rcall	.-1582   	; 0x87c <digitalWrite.constprop.7>
initRtc():
/Users/sukraaj.brench/bside/bsides-leeds-2026-badge/.build/firmware/firmware.ino:176
  shouldProcessPtc = true;
}

void initRtc()
{
  while (RTC.STATUS > 0) {
     eaa:	80 91 41 01 	lds	r24, 0x0141	; 0x800141 <digital_pin_to_bit_mask+0x7f63da>
     eae:	81 11       	cpse	r24, r1
     eb0:	fc cf       	rjmp	.-8      	; 0xeaa <main+0x86>
/Users/sukraaj.brench/bside/bsides-leeds-2026-badge/.build/firmware/firmware.ino:180
    ;
  }

  RTC.CLKSEL = RTC_CLKSEL_INT1K_gc;
     eb2:	81 e0       	ldi	r24, 0x01	; 1
     eb4:	80 93 47 01 	sts	0x0147, r24	; 0x800147 <digital_pin_to_bit_mask+0x7f63e0>
     eb8:	80 91 42 3e 	lds	r24, 0x3E42	; 0x803e42 <firstNode>
     ebc:	90 91 43 3e 	lds	r25, 0x3E43	; 0x803e43 <firstNode+0x1>
     ec0:	2d e3       	ldi	r18, 0x3D	; 61
     ec2:	3d e9       	ldi	r19, 0x9D	; 157
     ec4:	e4 e4       	ldi	r30, 0x44	; 68
     ec6:	fe e3       	ldi	r31, 0x3E	; 62
ptc_add_node():
/Users/sukraaj.brench/Library/Arduino15/packages/megaTinyCore/hardware/megaavr/2.6.11/libraries/PTC/src/ptc.c:269
    return status;
  }


  memcpy(node->hw_xCh_bm, pCh, typesize * 2); // copies x and y channel
  node->type = type;
     ec8:	04 e0       	ldi	r16, 0x04	; 4
     eca:	10 e0       	ldi	r17, 0x00	; 0
/Users/sukraaj.brench/Library/Arduino15/packages/megaTinyCore/hardware/megaavr/2.6.11/libraries/PTC/src/ptc.c:300
  if ((xCh | yCh) == 0) {         /* not a single pin selected */
    return PTC_LIB_BAD_ARGUMENT;
  }
  #endif

  node->hw_gain_ovs = NODE_GAIN(0, ADC_SAMPNUM_ACC16_gc);
     ecc:	b4 e0       	ldi	r27, 0x04	; 4
     ece:	8b 2e       	mov	r8, r27
/Users/sukraaj.brench/Library/Arduino15/packages/megaTinyCore/hardware/megaavr/2.6.11/libraries/PTC/src/ptc.c:315
    }
    if (xCh != 0) {
      node->type = NODE_SELFCAP_SHIELD_bm;
    }

    node->touch_in_th = 20;
     ed0:	44 e1       	ldi	r20, 0x14	; 20
     ed2:	e4 2e       	mov	r14, r20
     ed4:	f1 2c       	mov	r15, r1
/Users/sukraaj.brench/Library/Arduino15/packages/megaTinyCore/hardware/megaavr/2.6.11/libraries/PTC/src/ptc.c:316
    node->touch_out_th = 10;
     ed6:	6a e0       	ldi	r22, 0x0A	; 10
     ed8:	70 e0       	ldi	r23, 0x00	; 0
/Users/sukraaj.brench/Library/Arduino15/packages/megaTinyCore/hardware/megaavr/2.6.11/libraries/PTC/src/ptc.c:317
    node->hw_compCaps = PTC_DEFAULT_SC_CC;  /* value from qTouch */
     eda:	57 e6       	ldi	r21, 0x67	; 103
     edc:	c5 2e       	mov	r12, r21
     ede:	55 e0       	ldi	r21, 0x05	; 5
     ee0:	d5 2e       	mov	r13, r21
/Users/sukraaj.brench/Library/Arduino15/packages/megaTinyCore/hardware/megaavr/2.6.11/libraries/PTC/src/ptc.c:318
    node->hw_rsel_presc = NODE_RSEL_PRSC(RSEL_VAL_0, PTC_PRESC_DEFAULT);
     ee2:	a3 e0       	ldi	r26, 0x03	; 3
     ee4:	7a 2e       	mov	r7, r26
ptc_node_set_oversamples():
/Users/sukraaj.brench/Library/Arduino15/packages/megaTinyCore/hardware/megaavr/2.6.11/libraries/PTC/src/ptc.c:176
      badArg("Digital Gain too high. Max Digital Gain Value is 0x06 (equals 64x)");
    }
    return PTC_LIB_BAD_ARGUMENT;
  }
  uint8_t gain = node->hw_gain_ovs & 0xF0;
  node->hw_gain_ovs = gain | ovs;
     ee6:	b4 ef       	ldi	r27, 0xF4	; 244
     ee8:	6b 2e       	mov	r6, r27
ptc_node_set_thresholds():
/Users/sukraaj.brench/Library/Arduino15/packages/megaTinyCore/hardware/megaavr/2.6.11/libraries/PTC/src/ptc.c:106
uint8_t ptc_node_set_thresholds(cap_sensor_t *node, int16_t th_in, int16_t th_out) {
  if (NULL == node) {
    return PTC_LIB_BAD_POINTER;
  }
  if (th_in != 0) {
    node->touch_in_th = th_in;
     eea:	40 e5       	ldi	r20, 0x50	; 80
     eec:	a4 2e       	mov	r10, r20
     eee:	b1 2c       	mov	r11, r1
setupTouchButtons():
/Users/sukraaj.brench/bside/bsides-leeds-2026-badge/.build/firmware/firmware.ino:124
{
  for (uint8_t buttonIndex = 0; buttonIndex < NUM_TOUCH_BUTTONS; ++buttonIndex) {
    const uint8_t result = ptc_add_selfcap_node(
      &touchButtons[buttonIndex],
      0,
      PIN_TO_PTC(TOUCH_BUTTON_PINS[buttonIndex])
     ef0:	d9 01       	movw	r26, r18
     ef2:	4d 91       	ld	r20, X+
     ef4:	9d 01       	movw	r18, r26
main():
/Users/sukraaj.brench/bside/bsides-leeds-2026-badge/.build/firmware/firmware.ino:121
}

void setupTouchButtons()
{
  for (uint8_t buttonIndex = 0; buttonIndex < NUM_TOUCH_BUTTONS; ++buttonIndex) {
    const uint8_t result = ptc_add_selfcap_node(
     ef6:	91 2c       	mov	r9, r1
setupTouchButtons():
     ef8:	4c 30       	cpi	r20, 0x0C	; 12
     efa:	28 f4       	brcc	.+10     	; 0xf06 <main+0xe2>
/Users/sukraaj.brench/bside/bsides-leeds-2026-badge/.build/firmware/firmware.ino:124
      &touchButtons[buttonIndex],
      0,
      PIN_TO_PTC(TOUCH_BUTTON_PINS[buttonIndex])
     efc:	a4 2f       	mov	r26, r20
     efe:	b0 e0       	ldi	r27, 0x00	; 0
/Users/sukraaj.brench/bside/bsides-leeds-2026-badge/.build/firmware/firmware.ino:121
}

void setupTouchButtons()
{
  for (uint8_t buttonIndex = 0; buttonIndex < NUM_TOUCH_BUTTONS; ++buttonIndex) {
    const uint8_t result = ptc_add_selfcap_node(
     f00:	af 5c       	subi	r26, 0xCF	; 207
     f02:	b2 46       	sbci	r27, 0x62	; 98
     f04:	9c 90       	ld	r9, X
ptc_add_node():
/Users/sukraaj.brench/Library/Arduino15/packages/megaTinyCore/hardware/megaavr/2.6.11/libraries/PTC/src/ptc.c:257

uint8_t ptc_add_node(cap_sensor_t *node, uint8_t *pCh, const uint8_t type) {
  const uint8_t typesize = sizeof(ptc_ch_arr_t);

  uint8_t hi_node = (uint8_t)((uint16_t)node >> 8);
  if ((hi_node < (uint8_t)(RAMSTART >> 8)) || (hi_node >= (uint8_t)(RAMEND >> 8))) {
     f06:	fe 33       	cpi	r31, 0x3E	; 62
     f08:	09 f0       	breq	.+2      	; 0xf0c <main+0xe8>
     f0a:	f3 c0       	rjmp	.+486    	; 0x10f2 <main+0x2ce>
ptc_get_last_node():
/Users/sukraaj.brench/Library/Arduino15/packages/megaTinyCore/hardware/megaavr/2.6.11/libraries/PTC/src/ptc.c:1043



// returns the last node in the list, or NULL if list empty.
cap_sensor_t *ptc_get_last_node(void) {
  if (firstNode == NULL) {
     f0c:	dc 01       	movw	r26, r24
     f0e:	00 97       	sbiw	r24, 0x00	; 0
     f10:	09 f0       	breq	.+2      	; 0xf14 <main+0xf0>
     f12:	e6 c0       	rjmp	.+460    	; 0x10e0 <main+0x2bc>
ptc_append_node():
/Users/sukraaj.brench/Library/Arduino15/packages/megaTinyCore/hardware/megaavr/2.6.11/libraries/PTC/src/ptc.c:1065
uint8_t ptc_append_node(cap_sensor_t *pNewNode) {

  cap_sensor_t *lastNode = ptc_get_last_node();
  if (lastNode == NULL) {
    firstNode = pNewNode;
    pNewNode->id = 0;
     f14:	14 82       	std	Z+4, r1	; 0x04
setupTouchButtons():
/Users/sukraaj.brench/bside/bsides-leeds-2026-badge/.build/firmware/firmware.ino:121
     f16:	cf 01       	movw	r24, r30
ptc_add_node():
/Users/sukraaj.brench/Library/Arduino15/packages/megaTinyCore/hardware/megaavr/2.6.11/libraries/PTC/src/ptc.c:268
  if (status != PTC_LIB_SUCCESS) {
    return status;
  }


  memcpy(node->hw_xCh_bm, pCh, typesize * 2); // copies x and y channel
     f18:	15 82       	std	Z+5, r1	; 0x05
     f1a:	96 82       	std	Z+6, r9	; 0x06
/Users/sukraaj.brench/Library/Arduino15/packages/megaTinyCore/hardware/megaavr/2.6.11/libraries/PTC/src/ptc.c:269
  node->type = type;
     f1c:	02 83       	std	Z+2, r16	; 0x02
     f1e:	13 83       	std	Z+3, r17	; 0x03
/Users/sukraaj.brench/Library/Arduino15/packages/megaTinyCore/hardware/megaavr/2.6.11/libraries/PTC/src/ptc.c:279
  if ((xCh & yCh) != 0) {           /* overlap */
    return PTC_LIB_BAD_ARGUMENT;
  }
  ptc_ch_bm_t pinmask = xCh | yCh;

  if (pinmask == 0) {               /* not a single pin selected */
     f20:	99 20       	and	r9, r9
     f22:	09 f4       	brne	.+2      	; 0xf26 <main+0x102>
     f24:	e6 c0       	rjmp	.+460    	; 0x10f2 <main+0x2ce>
/Users/sukraaj.brench/Library/Arduino15/packages/megaTinyCore/hardware/megaavr/2.6.11/libraries/PTC/src/ptc.c:300
  if ((xCh | yCh) == 0) {         /* not a single pin selected */
    return PTC_LIB_BAD_ARGUMENT;
  }
  #endif

  node->hw_gain_ovs = NODE_GAIN(0, ADC_SAMPNUM_ACC16_gc);
     f26:	82 86       	std	Z+10, r8	; 0x0a
/Users/sukraaj.brench/Library/Arduino15/packages/megaTinyCore/hardware/megaavr/2.6.11/libraries/PTC/src/ptc.c:315
    }
    if (xCh != 0) {
      node->type = NODE_SELFCAP_SHIELD_bm;
    }

    node->touch_in_th = 20;
     f28:	e1 8a       	std	Z+17, r14	; 0x11
     f2a:	f2 8a       	std	Z+18, r15	; 0x12
/Users/sukraaj.brench/Library/Arduino15/packages/megaTinyCore/hardware/megaavr/2.6.11/libraries/PTC/src/ptc.c:316
    node->touch_out_th = 10;
     f2c:	63 8b       	std	Z+19, r22	; 0x13
     f2e:	74 8b       	std	Z+20, r23	; 0x14
/Users/sukraaj.brench/Library/Arduino15/packages/megaTinyCore/hardware/megaavr/2.6.11/libraries/PTC/src/ptc.c:317
    node->hw_compCaps = PTC_DEFAULT_SC_CC;  /* value from qTouch */
     f30:	c7 82       	std	Z+7, r12	; 0x07
     f32:	d0 86       	std	Z+8, r13	; 0x08
/Users/sukraaj.brench/Library/Arduino15/packages/megaTinyCore/hardware/megaavr/2.6.11/libraries/PTC/src/ptc.c:318
    node->hw_rsel_presc = NODE_RSEL_PRSC(RSEL_VAL_0, PTC_PRESC_DEFAULT);
     f34:	71 86       	std	Z+9, r7	; 0x09
/Users/sukraaj.brench/Library/Arduino15/packages/megaTinyCore/hardware/megaavr/2.6.11/libraries/PTC/src/ptc.c:322
  }

  #if defined(__PTC_Tiny__)
  PTC.PIN_OVR |= pinmask;
     f36:	40 91 22 06 	lds	r20, 0x0622	; 0x800622 <digital_pin_to_bit_mask+0x7f68bb>
     f3a:	50 91 23 06 	lds	r21, 0x0623	; 0x800623 <digital_pin_to_bit_mask+0x7f68bc>
     f3e:	49 29       	or	r20, r9
     f40:	40 93 22 06 	sts	0x0622, r20	; 0x800622 <digital_pin_to_bit_mask+0x7f68bb>
     f44:	50 93 23 06 	sts	0x0623, r21	; 0x800623 <digital_pin_to_bit_mask+0x7f68bc>
     f48:	4b e2       	ldi	r20, 0x2B	; 43
     f4a:	5d e9       	ldi	r21, 0x9D	; 157
     f4c:	a6 e0       	ldi	r26, 0x06	; 6
     f4e:	5a 2e       	mov	r5, r26
/Users/sukraaj.brench/Library/Arduino15/packages/megaTinyCore/hardware/megaavr/2.6.11/libraries/PTC/src/ptc.c:328
  uint8_t *pin_lut = (uint8_t *)ptc_ch_to_pin;
  for (uint8_t i = 0; i < sizeof(ptc_ch_to_pin); i++) { /* 6 or 14 iterations */
    uint8_t offset = *(pin_lut++);
    uint16_t basePointer = (uint16_t)&PORTA;
    uint8_t *portSettings = (uint8_t *)(offset + basePointer);
    if ((uint8_t)pinmask & 0x01) {
     f50:	90 fe       	sbrs	r9, 0
     f52:	06 c0       	rjmp	.+12     	; 0xf60 <main+0x13c>
/Users/sukraaj.brench/Library/Arduino15/packages/megaTinyCore/hardware/megaavr/2.6.11/libraries/PTC/src/ptc.c:327
  PTC.PIN_OVR |= pinmask;
  uint8_t *pin_lut = (uint8_t *)ptc_ch_to_pin;
  for (uint8_t i = 0; i < sizeof(ptc_ch_to_pin); i++) { /* 6 or 14 iterations */
    uint8_t offset = *(pin_lut++);
    uint16_t basePointer = (uint16_t)&PORTA;
    uint8_t *portSettings = (uint8_t *)(offset + basePointer);
     f54:	da 01       	movw	r26, r20
     f56:	4c 90       	ld	r4, X
     f58:	a4 2d       	mov	r26, r4
     f5a:	b0 e0       	ldi	r27, 0x00	; 0
/Users/sukraaj.brench/Library/Arduino15/packages/megaTinyCore/hardware/megaavr/2.6.11/libraries/PTC/src/ptc.c:329
    if ((uint8_t)pinmask & 0x01) {
      (*portSettings) = PORT_ISC_INPUT_DISABLE_gc;
     f5c:	bc 5f       	subi	r27, 0xFC	; 252
     f5e:	8c 92       	st	X, r8
/Users/sukraaj.brench/Library/Arduino15/packages/megaTinyCore/hardware/megaavr/2.6.11/libraries/PTC/src/ptc.c:331
    }
    pinmask >>= 1;
     f60:	96 94       	lsr	r9
     f62:	5a 94       	dec	r5
     f64:	4f 5f       	subi	r20, 0xFF	; 255
     f66:	5f 4f       	sbci	r21, 0xFF	; 255
/Users/sukraaj.brench/Library/Arduino15/packages/megaTinyCore/hardware/megaavr/2.6.11/libraries/PTC/src/ptc.c:324
  }

  #if defined(__PTC_Tiny__)
  PTC.PIN_OVR |= pinmask;
  uint8_t *pin_lut = (uint8_t *)ptc_ch_to_pin;
  for (uint8_t i = 0; i < sizeof(ptc_ch_to_pin); i++) { /* 6 or 14 iterations */
     f68:	51 10       	cpse	r5, r1
     f6a:	f2 cf       	rjmp	.-28     	; 0xf50 <main+0x12c>
ptc_node_set_oversamples():
/Users/sukraaj.brench/Library/Arduino15/packages/megaTinyCore/hardware/megaavr/2.6.11/libraries/PTC/src/ptc.c:176
      badArg("Digital Gain too high. Max Digital Gain Value is 0x06 (equals 64x)");
    }
    return PTC_LIB_BAD_ARGUMENT;
  }
  uint8_t gain = node->hw_gain_ovs & 0xF0;
  node->hw_gain_ovs = gain | ovs;
     f6c:	62 86       	std	Z+10, r6	; 0x0a
ptc_node_set_thresholds():
/Users/sukraaj.brench/Library/Arduino15/packages/megaTinyCore/hardware/megaavr/2.6.11/libraries/PTC/src/ptc.c:106
uint8_t ptc_node_set_thresholds(cap_sensor_t *node, int16_t th_in, int16_t th_out) {
  if (NULL == node) {
    return PTC_LIB_BAD_POINTER;
  }
  if (th_in != 0) {
    node->touch_in_th = th_in;
     f6e:	a1 8a       	std	Z+17, r10	; 0x11
     f70:	b2 8a       	std	Z+18, r11	; 0x12
/Users/sukraaj.brench/Library/Arduino15/packages/megaTinyCore/hardware/megaavr/2.6.11/libraries/PTC/src/ptc.c:109
  }
  if (th_out != 0) {
    node->touch_out_th = th_out;
     f72:	63 8b       	std	Z+19, r22	; 0x13
     f74:	74 8b       	std	Z+20, r23	; 0x14
     f76:	77 96       	adiw	r30, 0x17	; 23
setupTouchButtons():
/Users/sukraaj.brench/bside/bsides-leeds-2026-badge/.build/firmware/firmware.ino:120
  return pressedMask;
}

void setupTouchButtons()
{
  for (uint8_t buttonIndex = 0; buttonIndex < NUM_TOUCH_BUTTONS; ++buttonIndex) {
     f78:	4d e9       	ldi	r20, 0x9D	; 157
     f7a:	23 34       	cpi	r18, 0x43	; 67
     f7c:	34 07       	cpc	r19, r20
     f7e:	09 f0       	breq	.+2      	; 0xf82 <main+0x15e>
     f80:	b7 cf       	rjmp	.-146    	; 0xef0 <main+0xcc>
     f82:	80 93 42 3e 	sts	0x3E42, r24	; 0x803e42 <firstNode>
     f86:	90 93 43 3e 	sts	0x3E43, r25	; 0x803e43 <firstNode+0x1>
operator*():
/Users/sukraaj.brench/Library/Arduino15/packages/megaTinyCore/hardware/megaavr/2.6.11/libraries/EEPROM/src/EEPROM.h:62
  EERef(const INDEXDATATYPE index)
    : index(index)                 {}

  // Access/read members.
  uint8_t operator * () const            {
    return (*(uint8_t *)((uint16_t)(MAPPED_EEPROM_START + (index & EEPROM_INDEX_MASK))));
     f8a:	80 91 00 14 	lds	r24, 0x1400	; 0x801400 <digital_pin_to_bit_mask+0x7f7699>
setup():
/Users/sukraaj.brench/bside/bsides-leeds-2026-badge/.build/firmware/firmware.ino:1038
  digitalWrite(LED_POWER_PIN, HIGH);

  initRtc();
  setupTouchButtons();

  state = EEPROM.read(0);
     f8e:	80 93 d0 3e 	sts	0x3ED0, r24	; 0x803ed0 <state>
enableRtcPtc():
/Users/sukraaj.brench/bside/bsides-leeds-2026-badge/.build/firmware/firmware.ino:169
  shouldProcessPtc = false;
}

void enableRtcPtc(uint8_t period = RTC_PERIOD_CYC16_gc)
{
  RTC.PITINTCTRL = RTC_PI_bm;
     f92:	81 e0       	ldi	r24, 0x01	; 1
     f94:	80 93 52 01 	sts	0x0152, r24	; 0x800152 <digital_pin_to_bit_mask+0x7f63eb>
/Users/sukraaj.brench/bside/bsides-leeds-2026-badge/.build/firmware/firmware.ino:170
  RTC.PITCTRLA = period | RTC_PITEN_bm;
     f98:	99 e1       	ldi	r25, 0x19	; 25
     f9a:	90 93 50 01 	sts	0x0150, r25	; 0x800150 <digital_pin_to_bit_mask+0x7f63e9>
/Users/sukraaj.brench/bside/bsides-leeds-2026-badge/.build/firmware/firmware.ino:171
  shouldProcessPtc = true;
     f9e:	80 93 ce 3e 	sts	0x3ECE, r24	; 0x803ece <shouldProcessPtc>
loop():
/Users/sukraaj.brench/bside/bsides-leeds-2026-badge/.build/firmware/firmware.ino:1048
  ledStrip.begin();
  enableRtcPtc();

  uint16_t animationStep = 0;
  uint8_t animationMode = 5;
  gAnimMode = animationMode;
     fa2:	85 e0       	ldi	r24, 0x05	; 5
     fa4:	80 93 d8 3e 	sts	0x3ED8, r24	; 0x803ed8 <gAnimMode>
/Users/sukraaj.brench/bside/bsides-leeds-2026-badge/.build/firmware/firmware.ino:1049
  uint32_t totalIntervalMs = 0;
     fa8:	21 2c       	mov	r2, r1
     faa:	31 2c       	mov	r3, r1
     fac:	21 01       	movw	r4, r2
/Users/sukraaj.brench/bside/bsides-leeds-2026-badge/.build/firmware/firmware.ino:1047
{
  ledStrip.begin();
  enableRtcPtc();

  uint16_t animationStep = 0;
  uint8_t animationMode = 5;
     fae:	25 e0       	ldi	r18, 0x05	; 5
     fb0:	92 2e       	mov	r9, r18
/Users/sukraaj.brench/bside/bsides-leeds-2026-badge/.build/firmware/firmware.ino:1046
void loop()
{
  ledStrip.begin();
  enableRtcPtc();

  uint16_t animationStep = 0;
     fb2:	10 e0       	ldi	r17, 0x00	; 0
     fb4:	00 e0       	ldi	r16, 0x00	; 0
showFindSequencePreview():
/Users/sukraaj.brench/bside/bsides-leeds-2026-badge/.build/firmware/firmware.ino:577
  ledStrip.show();
}

void showFindSequencePreview(const uint8_t sequence[])
{
  setAllLeds(COLOR_OFF);
     fb6:	b0 91 49 9d 	lds	r27, 0x9D49	; 0x809d49 <__bss_end+0x5e51>
     fba:	b9 8b       	std	Y+17, r27	; 0x11
     fbc:	e0 91 4a 9d 	lds	r30, 0x9D4A	; 0x809d4a <__bss_end+0x5e52>
     fc0:	ea 8b       	std	Y+18, r30	; 0x12
     fc2:	f0 91 4b 9d 	lds	r31, 0x9D4B	; 0x809d4b <__bss_end+0x5e53>
     fc6:	fb 8b       	std	Y+19, r31	; 0x13
showFailure():
/Users/sukraaj.brench/bside/bsides-leeds-2026-badge/.build/firmware/firmware.ino:367
  delay(50);
}

void showFailure()
{
  flashNotification(COLOR_RED);
     fc8:	80 91 4c 9d 	lds	r24, 0x9D4C	; 0x809d4c <__bss_end+0x5e54>
     fcc:	90 91 4d 9d 	lds	r25, 0x9D4D	; 0x809d4d <__bss_end+0x5e55>
     fd0:	a0 91 4e 9d 	lds	r26, 0x9D4E	; 0x809d4e <__bss_end+0x5e56>
     fd4:	8f 8b       	std	Y+23, r24	; 0x17
     fd6:	98 8f       	std	Y+24, r25	; 0x18
     fd8:	a9 8f       	std	Y+25, r26	; 0x19
playFollowTheSequence():
/Users/sukraaj.brench/bside/bsides-leeds-2026-badge/.build/firmware/firmware.ino:503
  for (uint8_t level = MEMORY_START_LEVEL; level < NUM_SEQUENCE_LEVELS; ++level) {
    for (uint8_t sequenceIndex = 0; sequenceIndex < level; ++sequenceIndex) {
      showSequenceColor(sequence[sequenceIndex]);
      ledStrip.show();
      delay(400);
      setAllLeds(COLOR_OFF, true);
     fda:	bc 8b       	std	Y+20, r27	; 0x14
     fdc:	ed 8b       	std	Y+21, r30	; 0x15
     fde:	fe 8b       	std	Y+22, r31	; 0x16
runAnimationMode():
/Users/sukraaj.brench/bside/bsides-leeds-2026-badge/.build/firmware/firmware.ino:954



int runAnimationMode(uint8_t mode, uint16_t step)
{
  switch (mode) {
     fe0:	91 e0       	ldi	r25, 0x01	; 1
     fe2:	99 16       	cp	r9, r25
     fe4:	09 f4       	brne	.+2      	; 0xfe8 <main+0x1c4>
     fe6:	b2 c3       	rjmp	.+1892   	; 0x174c <main+0x928>
     fe8:	99 16       	cp	r9, r25
     fea:	38 f0       	brcs	.+14     	; 0xffa <main+0x1d6>
     fec:	a2 e0       	ldi	r26, 0x02	; 2
     fee:	9a 16       	cp	r9, r26
     ff0:	09 f4       	brne	.+2      	; 0xff4 <main+0x1d0>
     ff2:	c4 c3       	rjmp	.+1928   	; 0x177c <main+0x958>
loop():
/Users/sukraaj.brench/bside/bsides-leeds-2026-badge/.build/firmware/firmware.ino:1061
      gAnimMode = animationMode;
    }

    if (intervalMs < 0) {
      animationMode = 0;
      gAnimMode = 0;
     ff4:	10 92 d8 3e 	sts	0x3ED8, r1	; 0x803ed8 <gAnimMode>
/Users/sukraaj.brench/bside/bsides-leeds-2026-badge/.build/firmware/firmware.ino:1060
      animationMode++;
      gAnimMode = animationMode;
    }

    if (intervalMs < 0) {
      animationMode = 0;
     ff8:	91 2c       	mov	r9, r1
artieAliveMode():
/Users/sukraaj.brench/bside/bsides-leeds-2026-badge/.build/firmware/firmware.ino:670
static const uint16_t MASK_LOOK_R = 0x01E;  // bits 1,2,3,4
static const uint16_t MASK_FULL   = 0x1FF;  // bits 0-8

uint8_t artieAliveMode(uint16_t step)
{
  if (step == 0) {
     ffa:	01 15       	cp	r16, r1
     ffc:	11 05       	cpc	r17, r1
     ffe:	71 f4       	brne	.+28     	; 0x101c <main+0x1f8>
/Users/sukraaj.brench/bside/bsides-leeds-2026-badge/.build/firmware/firmware.ino:671
    artie.lifecycle = ARTIE_WAKEUP;
    1000:	10 92 d1 3e 	sts	0x3ED1, r1	; 0x803ed1 <artie>
/Users/sukraaj.brench/bside/bsides-leeds-2026-badge/.build/firmware/firmware.ino:672
    artie.emote = EMOTE_CALM;
    1004:	10 92 d2 3e 	sts	0x3ED2, r1	; 0x803ed2 <artie+0x1>
/Users/sukraaj.brench/bside/bsides-leeds-2026-badge/.build/firmware/firmware.ino:673
    artie.subStep = 0;
    1008:	10 92 d3 3e 	sts	0x3ED3, r1	; 0x803ed3 <artie+0x2>
/Users/sukraaj.brench/bside/bsides-leeds-2026-badge/.build/firmware/firmware.ino:674
    artie.duration = 0;
    100c:	10 92 d4 3e 	sts	0x3ED4, r1	; 0x803ed4 <artie+0x3>
/Users/sukraaj.brench/bside/bsides-leeds-2026-badge/.build/firmware/firmware.ino:675
    artie.arg = 0;
    1010:	10 92 d5 3e 	sts	0x3ED5, r1	; 0x803ed5 <artie+0x4>
/Users/sukraaj.brench/bside/bsides-leeds-2026-badge/.build/firmware/firmware.ino:676
    artieForced = 0;
    1014:	10 92 d7 3e 	sts	0x3ED7, r1	; 0x803ed7 <artieForced>
/Users/sukraaj.brench/bside/bsides-leeds-2026-badge/.build/firmware/firmware.ino:677
    artieTouchLatch = 0;
    1018:	10 92 d6 3e 	sts	0x3ED6, r1	; 0x803ed6 <artieTouchLatch>
/Users/sukraaj.brench/bside/bsides-leeds-2026-badge/.build/firmware/firmware.ino:680
  }

  if (artie.lifecycle == ARTIE_WAKEUP) {
    101c:	80 91 d1 3e 	lds	r24, 0x3ED1	; 0x803ed1 <artie>
    1020:	c0 90 49 9d 	lds	r12, 0x9D49	; 0x809d49 <__bss_end+0x5e51>
    1024:	d0 90 4a 9d 	lds	r13, 0x9D4A	; 0x809d4a <__bss_end+0x5e52>
    1028:	e0 90 4b 9d 	lds	r14, 0x9D4B	; 0x809d4b <__bss_end+0x5e53>
    102c:	81 11       	cpse	r24, r1
    102e:	e2 c0       	rjmp	.+452    	; 0x11f4 <main+0x3d0>
/Users/sukraaj.brench/bside/bsides-leeds-2026-badge/.build/firmware/firmware.ino:681
    setAllLeds(COLOR_OFF);
    1030:	40 e0       	ldi	r20, 0x00	; 0
    1032:	8e 2d       	mov	r24, r14
    1034:	b6 01       	movw	r22, r12
    1036:	62 db       	rcall	.-2364   	; 0x6fc <setAllLeds(RgbColor, bool)>
/Users/sukraaj.brench/bside/bsides-leeds-2026-badge/.build/firmware/firmware.ino:683

    if (step >= 8 && step < 48) {
    1038:	c8 01       	movw	r24, r16
    103a:	08 97       	sbiw	r24, 0x08	; 8
    103c:	88 32       	cpi	r24, 0x28	; 40
    103e:	91 05       	cpc	r25, r1
    1040:	08 f0       	brcs	.+2      	; 0x1044 <main+0x220>
    1042:	67 c0       	rjmp	.+206    	; 0x1112 <main+0x2ee>
/Users/sukraaj.brench/bside/bsides-leeds-2026-badge/.build/firmware/firmware.ino:685
      // Lower arc blue pulsing: 3 cycles over 40 frames
      uint8_t local = (step - 8) % 13;
    1044:	6d e0       	ldi	r22, 0x0D	; 13
    1046:	70 e0       	ldi	r23, 0x00	; 0
    1048:	2a d6       	rcall	.+3156   	; 0x1c9e <__udivmodhi4>
    104a:	9c 01       	movw	r18, r24
/Users/sukraaj.brench/bside/bsides-leeds-2026-badge/.build/firmware/firmware.ino:687
      uint8_t bright;
      if (local <= 6) {
    104c:	87 30       	cpi	r24, 0x07	; 7
    104e:	08 f0       	brcs	.+2      	; 0x1052 <main+0x22e>
    1050:	59 c0       	rjmp	.+178    	; 0x1104 <main+0x2e0>
/Users/sukraaj.brench/bside/bsides-leeds-2026-badge/.build/firmware/firmware.ino:690
        bright = 4 + (local * 26) / 6;
      } else {
        bright = 4 + ((12 - local) * 26) / 6;
    1052:	4a e1       	ldi	r20, 0x1A	; 26
    1054:	42 9f       	mul	r20, r18
    1056:	c0 01       	movw	r24, r0
    1058:	43 9f       	mul	r20, r19
    105a:	90 0d       	add	r25, r0
    105c:	11 24       	eor	r1, r1
    105e:	66 e0       	ldi	r22, 0x06	; 6
    1060:	70 e0       	ldi	r23, 0x00	; 0
    1062:	31 d6       	rcall	.+3170   	; 0x1cc6 <__divmodhi4>
    1064:	84 e0       	ldi	r24, 0x04	; 4
    1066:	d8 2e       	mov	r13, r24
    1068:	d6 0e       	add	r13, r22
loop():
/Users/sukraaj.brench/bside/bsides-leeds-2026-badge/.build/firmware/firmware.ino:1046
void loop()
{
  ledStrip.begin();
  enableRtcPtc();

  uint16_t animationStep = 0;
    106a:	93 e0       	ldi	r25, 0x03	; 3
    106c:	e9 2e       	mov	r14, r25
    106e:	f1 2c       	mov	r15, r1
artieAliveMode():
/Users/sukraaj.brench/bside/bsides-leeds-2026-badge/.build/firmware/firmware.ino:693
        bright = 4 + (local * 26) / 6;
      } else {
        bright = 4 + ((12 - local) * 26) / 6;
      }
      for (uint8_t i = 3; i <= 6; i++) {
        ledStrip.setPixelColor(i, 0, 0, bright);
    1070:	2d 2d       	mov	r18, r13
    1072:	40 e0       	ldi	r20, 0x00	; 0
    1074:	60 e0       	ldi	r22, 0x00	; 0
    1076:	c7 01       	movw	r24, r14
    1078:	10 d8       	rcall	.-4064   	; 0x9a <tinyNeoPixel::setPixelColor(unsigned int, unsigned char, unsigned char, unsigned char) [clone .constprop.12]>
/Users/sukraaj.brench/bside/bsides-leeds-2026-badge/.build/firmware/firmware.ino:694
        ledStrip.setPixelColor(i + 9, 0, 0, bright);
    107a:	2d 2d       	mov	r18, r13
    107c:	40 e0       	ldi	r20, 0x00	; 0
    107e:	60 e0       	ldi	r22, 0x00	; 0
    1080:	c7 01       	movw	r24, r14
    1082:	09 96       	adiw	r24, 0x09	; 9
    1084:	0a d8       	rcall	.-4076   	; 0x9a <tinyNeoPixel::setPixelColor(unsigned int, unsigned char, unsigned char, unsigned char) [clone .constprop.12]>
    1086:	ff ef       	ldi	r31, 0xFF	; 255
    1088:	ef 1a       	sub	r14, r31
    108a:	ff 0a       	sbc	r15, r31
/Users/sukraaj.brench/bside/bsides-leeds-2026-badge/.build/firmware/firmware.ino:692
      if (local <= 6) {
        bright = 4 + (local * 26) / 6;
      } else {
        bright = 4 + ((12 - local) * 26) / 6;
      }
      for (uint8_t i = 3; i <= 6; i++) {
    108c:	27 e0       	ldi	r18, 0x07	; 7
    108e:	e2 16       	cp	r14, r18
    1090:	f1 04       	cpc	r15, r1
    1092:	71 f7       	brne	.-36     	; 0x1070 <main+0x24c>
/Users/sukraaj.brench/bside/bsides-leeds-2026-badge/.build/firmware/firmware.ino:930
        artie.duration = 0;
      }
    }
  }

  ledStrip.show();
    1094:	be d8       	rcall	.-3716   	; 0x212 <tinyNeoPixel::show() [clone .constprop.14]>
main():
/Users/sukraaj.brench/bside/bsides-leeds-2026-badge/.build/firmware/firmware.ino:956

int runAnimationMode(uint8_t mode, uint16_t step)
{
  switch (mode) {
    case 0:
      return artieAliveMode(step);
    1096:	90 e5       	ldi	r25, 0x50	; 80
    1098:	a9 2e       	mov	r10, r25
    109a:	b1 2c       	mov	r11, r1
loop():
/Users/sukraaj.brench/bside/bsides-leeds-2026-badge/.build/firmware/firmware.ino:1065
      animationMode = 0;
      gAnimMode = 0;
      continue;
    }

    ++animationStep;
    109c:	0f 5f       	subi	r16, 0xFF	; 255
    109e:	1f 4f       	sbci	r17, 0xFF	; 255
/Users/sukraaj.brench/bside/bsides-leeds-2026-badge/.build/firmware/firmware.ino:1066
    totalIntervalMs += intervalMs;
    10a0:	c5 01       	movw	r24, r10
    10a2:	0b 2c       	mov	r0, r11
    10a4:	00 0c       	add	r0, r0
    10a6:	aa 0b       	sbc	r26, r26
    10a8:	bb 0b       	sbc	r27, r27
    10aa:	28 0e       	add	r2, r24
    10ac:	39 1e       	adc	r3, r25
    10ae:	4a 1e       	adc	r4, r26
    10b0:	5b 1e       	adc	r5, r27
playFindTheSequence():
/Users/sukraaj.brench/bside/bsides-leeds-2026-badge/.build/firmware/firmware.ino:608

bool playFindTheSequence(uint8_t startingLives = FIND_SEQUENCE_STARTING_LIVES)
{
  enableRebootOnButton();
  uint8_t sequence[FIND_SEQUENCE_LENGTH];
  createRandomSequence(sequence, FIND_SEQUENCE_LENGTH);
    10b2:	ce 01       	movw	r24, r28
    10b4:	01 96       	adiw	r24, 0x01	; 1
    10b6:	7c 01       	movw	r14, r24
showFailure():
/Users/sukraaj.brench/bside/bsides-leeds-2026-badge/.build/firmware/firmware.ino:367
  delay(50);
}

void showFailure()
{
  flashNotification(COLOR_RED);
    10b8:	90 91 4c 9d 	lds	r25, 0x9D4C	; 0x809d4c <__bss_end+0x5e54>
    10bc:	9e 87       	std	Y+14, r25	; 0x0e
    10be:	a0 91 4d 9d 	lds	r26, 0x9D4D	; 0x809d4d <__bss_end+0x5e55>
    10c2:	af 87       	std	Y+15, r26	; 0x0f
    10c4:	b0 91 4e 9d 	lds	r27, 0x9D4E	; 0x809d4e <__bss_end+0x5e56>
    10c8:	b8 8b       	std	Y+16, r27	; 0x10
playStopTheLightLevel():
/Users/sukraaj.brench/bside/bsides-leeds-2026-badge/.build/firmware/firmware.ino:420
{
  const uint8_t targetLed = randomEight();

  for (uint8_t round = 0; round < 7; ++round) {
    for (uint8_t ledIndex = 0; ledIndex < 9; ++ledIndex) {
      setAllLeds(COLOR_OFF);
    10ca:	60 90 49 9d 	lds	r6, 0x9D49	; 0x809d49 <__bss_end+0x5e51>
    10ce:	70 90 4a 9d 	lds	r7, 0x9D4A	; 0x809d4a <__bss_end+0x5e52>
    10d2:	80 90 4b 9d 	lds	r8, 0x9D4B	; 0x809d4b <__bss_end+0x5e53>
showFailure():
/Users/sukraaj.brench/bside/bsides-leeds-2026-badge/.build/firmware/firmware.ino:367
  delay(50);
}

void showFailure()
{
  flashNotification(COLOR_RED);
    10d6:	9a 8f       	std	Y+26, r25	; 0x1a
    10d8:	ab 8f       	std	Y+27, r26	; 0x1b
    10da:	bc 8f       	std	Y+28, r27	; 0x1c
    10dc:	37 c4       	rjmp	.+2158   	; 0x194c <main+0xb28>
ptc_get_last_node():
/Users/sukraaj.brench/Library/Arduino15/packages/megaTinyCore/hardware/megaavr/2.6.11/libraries/PTC/src/ptc.c:1050
  }

  cap_sensor_t *node = firstNode;
  while (1) {
    cap_sensor_t *nextNode = node->nextNode;
    if (nextNode == NULL) {
    10de:	da 01       	movw	r26, r20
/Users/sukraaj.brench/Library/Arduino15/packages/megaTinyCore/hardware/megaavr/2.6.11/libraries/PTC/src/ptc.c:1049
    return NULL;
  }

  cap_sensor_t *node = firstNode;
  while (1) {
    cap_sensor_t *nextNode = node->nextNode;
    10e0:	4d 91       	ld	r20, X+
    10e2:	5c 91       	ld	r21, X
    10e4:	11 97       	sbiw	r26, 0x01	; 1
/Users/sukraaj.brench/Library/Arduino15/packages/megaTinyCore/hardware/megaavr/2.6.11/libraries/PTC/src/ptc.c:1050
    if (nextNode == NULL) {
    10e6:	41 15       	cp	r20, r1
    10e8:	51 05       	cpc	r21, r1
    10ea:	c9 f7       	brne	.-14     	; 0x10de <main+0x2ba>
ptc_append_node():
/Users/sukraaj.brench/Library/Arduino15/packages/megaTinyCore/hardware/megaavr/2.6.11/libraries/PTC/src/ptc.c:1066

  cap_sensor_t *lastNode = ptc_get_last_node();
  if (lastNode == NULL) {
    firstNode = pNewNode;
    pNewNode->id = 0;
  } else if (lastNode != pNewNode) {  // Make sure we don't create an endless loop on accident
    10ec:	ea 17       	cp	r30, r26
    10ee:	fb 07       	cpc	r31, r27
    10f0:	09 f4       	brne	.+2      	; 0x10f4 <main+0x2d0>
    10f2:	ff cf       	rjmp	.-2      	; 0x10f2 <main+0x2ce>
/Users/sukraaj.brench/Library/Arduino15/packages/megaTinyCore/hardware/megaavr/2.6.11/libraries/PTC/src/ptc.c:1067
    lastNode->nextNode = pNewNode;
    10f4:	ed 93       	st	X+, r30
    10f6:	fc 93       	st	X, r31
    10f8:	11 97       	sbiw	r26, 0x01	; 1
/Users/sukraaj.brench/Library/Arduino15/packages/megaTinyCore/hardware/megaavr/2.6.11/libraries/PTC/src/ptc.c:1068
    pNewNode->id = lastNode->id + 1;
    10fa:	14 96       	adiw	r26, 0x04	; 4
    10fc:	4c 91       	ld	r20, X
    10fe:	4f 5f       	subi	r20, 0xFF	; 255
    1100:	44 83       	std	Z+4, r20	; 0x04
    1102:	0a cf       	rjmp	.-492    	; 0xf18 <main+0xf4>
artieAliveMode():
/Users/sukraaj.brench/bside/bsides-leeds-2026-badge/.build/firmware/firmware.ino:690
      uint8_t local = (step - 8) % 13;
      uint8_t bright;
      if (local <= 6) {
        bright = 4 + (local * 26) / 6;
      } else {
        bright = 4 + ((12 - local) * 26) / 6;
    1104:	8c e0       	ldi	r24, 0x0C	; 12
    1106:	90 e0       	ldi	r25, 0x00	; 0
    1108:	fc 01       	movw	r30, r24
    110a:	e2 1b       	sub	r30, r18
    110c:	f3 0b       	sbc	r31, r19
    110e:	9f 01       	movw	r18, r30
    1110:	a0 cf       	rjmp	.-192    	; 0x1052 <main+0x22e>
/Users/sukraaj.brench/bside/bsides-leeds-2026-badge/.build/firmware/firmware.ino:696
      }
      for (uint8_t i = 3; i <= 6; i++) {
        ledStrip.setPixelColor(i, 0, 0, bright);
        ledStrip.setPixelColor(i + 9, 0, 0, bright);
      }
    } else if (step >= 52 && step < 68) {
    1112:	c8 01       	movw	r24, r16
    1114:	c4 97       	sbiw	r24, 0x34	; 52
    1116:	40 97       	sbiw	r24, 0x10	; 16
    1118:	c0 f4       	brcc	.+48     	; 0x114a <main+0x326>
/Users/sukraaj.brench/bside/bsides-leeds-2026-badge/.build/firmware/firmware.ino:697
      setAllLeds(ARTIE_CALM_COL);
    111a:	60 91 46 9d 	lds	r22, 0x9D46	; 0x809d46 <__bss_end+0x5e4e>
    111e:	70 91 47 9d 	lds	r23, 0x9D47	; 0x809d47 <__bss_end+0x5e4f>
    1122:	80 91 48 9d 	lds	r24, 0x9D48	; 0x809d48 <__bss_end+0x5e50>
    1126:	40 e0       	ldi	r20, 0x00	; 0
    1128:	e9 da       	rcall	.-2606   	; 0x6fc <setAllLeds(RgbColor, bool)>
/Users/sukraaj.brench/bside/bsides-leeds-2026-badge/.build/firmware/firmware.ino:717
    } else if (step >= 88) {
      setAllLeds(ARTIE_CALM_COL);
    }
    // frames 0-7: off, 48-51: off(blink), 68-71: off(blink)

    if (step >= 100) {
    112a:	04 36       	cpi	r16, 0x64	; 100
    112c:	11 05       	cpc	r17, r1
    112e:	08 f4       	brcc	.+2      	; 0x1132 <main+0x30e>
    1130:	b1 cf       	rjmp	.-158    	; 0x1094 <main+0x270>
/Users/sukraaj.brench/bside/bsides-leeds-2026-badge/.build/firmware/firmware.ino:718
      artie.lifecycle = ARTIE_IDLE;
    1132:	81 e0       	ldi	r24, 0x01	; 1
    1134:	80 93 d1 3e 	sts	0x3ED1, r24	; 0x803ed1 <artie>
/Users/sukraaj.brench/bside/bsides-leeds-2026-badge/.build/firmware/firmware.ino:719
      artie.emote = EMOTE_CALM;
    1138:	10 92 d2 3e 	sts	0x3ED2, r1	; 0x803ed2 <artie+0x1>
/Users/sukraaj.brench/bside/bsides-leeds-2026-badge/.build/firmware/firmware.ino:720
      artie.subStep = 0;
    113c:	10 92 d3 3e 	sts	0x3ED3, r1	; 0x803ed3 <artie+0x2>
/Users/sukraaj.brench/bside/bsides-leeds-2026-badge/.build/firmware/firmware.ino:721
      artie.duration = 0;
    1140:	10 92 d4 3e 	sts	0x3ED4, r1	; 0x803ed4 <artie+0x3>
/Users/sukraaj.brench/bside/bsides-leeds-2026-badge/.build/firmware/firmware.ino:722
      artie.arg = 0;
    1144:	10 92 d5 3e 	sts	0x3ED5, r1	; 0x803ed5 <artie+0x4>
    1148:	a5 cf       	rjmp	.-182    	; 0x1094 <main+0x270>
/Users/sukraaj.brench/bside/bsides-leeds-2026-badge/.build/firmware/firmware.ino:698
        ledStrip.setPixelColor(i, 0, 0, bright);
        ledStrip.setPixelColor(i + 9, 0, 0, bright);
      }
    } else if (step >= 52 && step < 68) {
      setAllLeds(ARTIE_CALM_COL);
    } else if (step >= 72 && step < 80) {
    114a:	c8 01       	movw	r24, r16
    114c:	88 54       	subi	r24, 0x48	; 72
    114e:	91 09       	sbc	r25, r1
    1150:	08 97       	sbiw	r24, 0x08	; 8
    1152:	18 f5       	brcc	.+70     	; 0x119a <main+0x376>
    1154:	f1 2c       	mov	r15, r1
    1156:	e1 2c       	mov	r14, r1
/Users/sukraaj.brench/bside/bsides-leeds-2026-badge/.build/firmware/firmware.ino:700
      for (uint8_t i = 0; i < 9; i++) {
        if (MASK_LOOK_L & (1 << i)) {
    1158:	cc 24       	eor	r12, r12
    115a:	c3 94       	inc	r12
    115c:	d1 2c       	mov	r13, r1
    115e:	c6 01       	movw	r24, r12
    1160:	0e 2c       	mov	r0, r14
    1162:	02 c0       	rjmp	.+4      	; 0x1168 <main+0x344>
    1164:	88 0f       	add	r24, r24
    1166:	99 1f       	adc	r25, r25
    1168:	0a 94       	dec	r0
    116a:	e2 f7       	brpl	.-8      	; 0x1164 <main+0x340>
    116c:	80 7e       	andi	r24, 0xE0	; 224
    116e:	91 70       	andi	r25, 0x01	; 1
    1170:	89 2b       	or	r24, r25
    1172:	59 f0       	breq	.+22     	; 0x118a <main+0x366>
/Users/sukraaj.brench/bside/bsides-leeds-2026-badge/.build/firmware/firmware.ino:701
          ledStrip.setPixelColor(i, ARTIE_CALM_COL.red, ARTIE_CALM_COL.green, ARTIE_CALM_COL.blue);
    1174:	20 e1       	ldi	r18, 0x10	; 16
    1176:	42 e1       	ldi	r20, 0x12	; 18
    1178:	60 e0       	ldi	r22, 0x00	; 0
    117a:	c7 01       	movw	r24, r14
    117c:	8e d7       	rcall	.+3868   	; 0x209a <__TEXT_REGION_LENGTH__+0x9a>
/Users/sukraaj.brench/bside/bsides-leeds-2026-badge/.build/firmware/firmware.ino:702
          ledStrip.setPixelColor(i + 9, ARTIE_CALM_COL.red, ARTIE_CALM_COL.green, ARTIE_CALM_COL.blue);
    117e:	20 e1       	ldi	r18, 0x10	; 16
    1180:	42 e1       	ldi	r20, 0x12	; 18
    1182:	60 e0       	ldi	r22, 0x00	; 0
    1184:	c7 01       	movw	r24, r14
    1186:	09 96       	adiw	r24, 0x09	; 9
    1188:	88 d7       	rcall	.+3856   	; 0x209a <__TEXT_REGION_LENGTH__+0x9a>
    118a:	4f ef       	ldi	r20, 0xFF	; 255
    118c:	e4 1a       	sub	r14, r20
    118e:	f4 0a       	sbc	r15, r20
/Users/sukraaj.brench/bside/bsides-leeds-2026-badge/.build/firmware/firmware.ino:699
        ledStrip.setPixelColor(i + 9, 0, 0, bright);
      }
    } else if (step >= 52 && step < 68) {
      setAllLeds(ARTIE_CALM_COL);
    } else if (step >= 72 && step < 80) {
      for (uint8_t i = 0; i < 9; i++) {
    1190:	59 e0       	ldi	r21, 0x09	; 9
    1192:	e5 16       	cp	r14, r21
    1194:	f1 04       	cpc	r15, r1
    1196:	19 f7       	brne	.-58     	; 0x115e <main+0x33a>
    1198:	c8 cf       	rjmp	.-112    	; 0x112a <main+0x306>
/Users/sukraaj.brench/bside/bsides-leeds-2026-badge/.build/firmware/firmware.ino:705
        if (MASK_LOOK_L & (1 << i)) {
          ledStrip.setPixelColor(i, ARTIE_CALM_COL.red, ARTIE_CALM_COL.green, ARTIE_CALM_COL.blue);
          ledStrip.setPixelColor(i + 9, ARTIE_CALM_COL.red, ARTIE_CALM_COL.green, ARTIE_CALM_COL.blue);
        }
      }
    } else if (step >= 80 && step < 88) {
    119a:	c8 01       	movw	r24, r16
    119c:	80 55       	subi	r24, 0x50	; 80
    119e:	91 09       	sbc	r25, r1
    11a0:	08 97       	sbiw	r24, 0x08	; 8
    11a2:	18 f5       	brcc	.+70     	; 0x11ea <main+0x3c6>
    11a4:	f1 2c       	mov	r15, r1
    11a6:	e1 2c       	mov	r14, r1
/Users/sukraaj.brench/bside/bsides-leeds-2026-badge/.build/firmware/firmware.ino:707
      for (uint8_t i = 0; i < 9; i++) {
        if (MASK_LOOK_R & (1 << i)) {
    11a8:	cc 24       	eor	r12, r12
    11aa:	c3 94       	inc	r12
    11ac:	d1 2c       	mov	r13, r1
    11ae:	c6 01       	movw	r24, r12
    11b0:	0e 2c       	mov	r0, r14
    11b2:	02 c0       	rjmp	.+4      	; 0x11b8 <main+0x394>
    11b4:	88 0f       	add	r24, r24
    11b6:	99 1f       	adc	r25, r25
    11b8:	0a 94       	dec	r0
    11ba:	e2 f7       	brpl	.-8      	; 0x11b4 <main+0x390>
    11bc:	8e 71       	andi	r24, 0x1E	; 30
    11be:	99 27       	eor	r25, r25
    11c0:	89 2b       	or	r24, r25
    11c2:	59 f0       	breq	.+22     	; 0x11da <main+0x3b6>
/Users/sukraaj.brench/bside/bsides-leeds-2026-badge/.build/firmware/firmware.ino:708
          ledStrip.setPixelColor(i, ARTIE_CALM_COL.red, ARTIE_CALM_COL.green, ARTIE_CALM_COL.blue);
    11c4:	20 e1       	ldi	r18, 0x10	; 16
    11c6:	42 e1       	ldi	r20, 0x12	; 18
    11c8:	60 e0       	ldi	r22, 0x00	; 0
    11ca:	c7 01       	movw	r24, r14
    11cc:	66 d7       	rcall	.+3788   	; 0x209a <__TEXT_REGION_LENGTH__+0x9a>
/Users/sukraaj.brench/bside/bsides-leeds-2026-badge/.build/firmware/firmware.ino:709
          ledStrip.setPixelColor(i + 9, ARTIE_CALM_COL.red, ARTIE_CALM_COL.green, ARTIE_CALM_COL.blue);
    11ce:	20 e1       	ldi	r18, 0x10	; 16
    11d0:	42 e1       	ldi	r20, 0x12	; 18
    11d2:	60 e0       	ldi	r22, 0x00	; 0
    11d4:	c7 01       	movw	r24, r14
    11d6:	09 96       	adiw	r24, 0x09	; 9
    11d8:	60 d7       	rcall	.+3776   	; 0x209a <__TEXT_REGION_LENGTH__+0x9a>
    11da:	8f ef       	ldi	r24, 0xFF	; 255
    11dc:	e8 1a       	sub	r14, r24
    11de:	f8 0a       	sbc	r15, r24
/Users/sukraaj.brench/bside/bsides-leeds-2026-badge/.build/firmware/firmware.ino:706
          ledStrip.setPixelColor(i, ARTIE_CALM_COL.red, ARTIE_CALM_COL.green, ARTIE_CALM_COL.blue);
          ledStrip.setPixelColor(i + 9, ARTIE_CALM_COL.red, ARTIE_CALM_COL.green, ARTIE_CALM_COL.blue);
        }
      }
    } else if (step >= 80 && step < 88) {
      for (uint8_t i = 0; i < 9; i++) {
    11e0:	99 e0       	ldi	r25, 0x09	; 9
    11e2:	e9 16       	cp	r14, r25
    11e4:	f1 04       	cpc	r15, r1
    11e6:	19 f7       	brne	.-58     	; 0x11ae <main+0x38a>
    11e8:	a0 cf       	rjmp	.-192    	; 0x112a <main+0x306>
/Users/sukraaj.brench/bside/bsides-leeds-2026-badge/.build/firmware/firmware.ino:712
        if (MASK_LOOK_R & (1 << i)) {
          ledStrip.setPixelColor(i, ARTIE_CALM_COL.red, ARTIE_CALM_COL.green, ARTIE_CALM_COL.blue);
          ledStrip.setPixelColor(i + 9, ARTIE_CALM_COL.red, ARTIE_CALM_COL.green, ARTIE_CALM_COL.blue);
        }
      }
    } else if (step >= 88) {
    11ea:	08 35       	cpi	r16, 0x58	; 88
    11ec:	11 05       	cpc	r17, r1
    11ee:	08 f4       	brcc	.+2      	; 0x11f2 <main+0x3ce>
    11f0:	9c cf       	rjmp	.-200    	; 0x112a <main+0x306>
    11f2:	93 cf       	rjmp	.-218    	; 0x111a <main+0x2f6>
/Users/sukraaj.brench/bside/bsides-leeds-2026-badge/.build/firmware/firmware.ino:728
    }
  } else {
    // ARTIE_IDLE

    // --- Touch reaction detection ---
    uint8_t tm = getPressedTouchMask();
    11f4:	ab da       	rcall	.-2730   	; 0x74c <getPressedTouchMask()>
/Users/sukraaj.brench/bside/bsides-leeds-2026-badge/.build/firmware/firmware.ino:729
    if (tm == 0) {
    11f6:	81 11       	cpse	r24, r1
    11f8:	17 c0       	rjmp	.+46     	; 0x1228 <main+0x404>
/Users/sukraaj.brench/bside/bsides-leeds-2026-badge/.build/firmware/firmware.ino:730
      artieTouchLatch = 0;
    11fa:	10 92 d6 3e 	sts	0x3ED6, r1	; 0x803ed6 <artieTouchLatch>
/Users/sukraaj.brench/bside/bsides-leeds-2026-badge/.build/firmware/firmware.ino:753
        else artie.emote = EMOTE_HAPPY;
      }
    }

    // --- Normal idle chooser (skipped when forced) ---
    if (artieForced == 0 && artie.duration == 0) {
    11fe:	80 91 d7 3e 	lds	r24, 0x3ED7	; 0x803ed7 <artieForced>
    1202:	81 11       	cpse	r24, r1
    1204:	73 c0       	rjmp	.+230    	; 0x12ec <main+0x4c8>
    1206:	f0 90 d4 3e 	lds	r15, 0x3ED4	; 0x803ed4 <artie+0x3>
    120a:	f1 10       	cpse	r15, r1
    120c:	6f c0       	rjmp	.+222    	; 0x12ec <main+0x4c8>
/Users/sukraaj.brench/bside/bsides-leeds-2026-badge/.build/firmware/firmware.ino:754
      uint8_t r = nextRandomByte();
    120e:	08 db       	rcall	.-2544   	; 0x820 <nextRandomByte()>
/Users/sukraaj.brench/bside/bsides-leeds-2026-badge/.build/firmware/firmware.ino:755
      if (r < 40) {
    1210:	88 32       	cpi	r24, 0x28	; 40
    1212:	08 f0       	brcs	.+2      	; 0x1216 <main+0x3f2>
    1214:	48 c0       	rjmp	.+144    	; 0x12a6 <main+0x482>
/Users/sukraaj.brench/bside/bsides-leeds-2026-badge/.build/firmware/firmware.ino:756
        artie.emote = EMOTE_BLINK;
    1216:	81 e0       	ldi	r24, 0x01	; 1
    1218:	80 93 d2 3e 	sts	0x3ED2, r24	; 0x803ed2 <artie+0x1>
/Users/sukraaj.brench/bside/bsides-leeds-2026-badge/.build/firmware/firmware.ino:757
        artie.duration = 3 + (nextRandomByte() & 0x03);
    121c:	01 db       	rcall	.-2558   	; 0x820 <nextRandomByte()>
    121e:	83 70       	andi	r24, 0x03	; 3
    1220:	8d 5f       	subi	r24, 0xFD	; 253
/Users/sukraaj.brench/bside/bsides-leeds-2026-badge/.build/firmware/firmware.ino:793
      } else if (r < 250) {
        artie.emote = EMOTE_ALERT;
        artie.duration = 50 + (nextRandomByte() & 0x1F);
      } else {
        artie.emote = EMOTE_STARTLED;
        artie.duration = 28;
    1222:	80 93 d4 3e 	sts	0x3ED4, r24	; 0x803ed4 <artie+0x3>
    1226:	60 c0       	rjmp	.+192    	; 0x12e8 <main+0x4c4>
/Users/sukraaj.brench/bside/bsides-leeds-2026-badge/.build/firmware/firmware.ino:731

    // --- Touch reaction detection ---
    uint8_t tm = getPressedTouchMask();
    if (tm == 0) {
      artieTouchLatch = 0;
    } else if (tm != artieTouchLatch) {
    1228:	90 91 d6 3e 	lds	r25, 0x3ED6	; 0x803ed6 <artieTouchLatch>
    122c:	89 17       	cp	r24, r25
    122e:	39 f3       	breq	.-50     	; 0x11fe <main+0x3da>
/Users/sukraaj.brench/bside/bsides-leeds-2026-badge/.build/firmware/firmware.ino:733
      uint8_t nf = 0;
      if (tm & LEFT_BLUE_MASK) nf = 1;
    1230:	80 fd       	sbrc	r24, 0
    1232:	22 c0       	rjmp	.+68     	; 0x1278 <main+0x454>
/Users/sukraaj.brench/bside/bsides-leeds-2026-badge/.build/firmware/firmware.ino:734
      else if (tm & RIGHT_BLUE_MASK) nf = 2;
    1234:	85 fd       	sbrc	r24, 5
    1236:	22 c0       	rjmp	.+68     	; 0x127c <main+0x458>
/Users/sukraaj.brench/bside/bsides-leeds-2026-badge/.build/firmware/firmware.ino:735
      else if (tm & LEFT_RED_MASK) nf = 3;
    1238:	81 fd       	sbrc	r24, 1
    123a:	22 c0       	rjmp	.+68     	; 0x1280 <main+0x45c>
/Users/sukraaj.brench/bside/bsides-leeds-2026-badge/.build/firmware/firmware.ino:736
      else if (tm & RIGHT_RED_MASK) nf = 4;
    123c:	84 fd       	sbrc	r24, 4
    123e:	22 c0       	rjmp	.+68     	; 0x1284 <main+0x460>
/Users/sukraaj.brench/bside/bsides-leeds-2026-badge/.build/firmware/firmware.ino:737
      else if (tm & LEFT_GREEN_MASK) nf = 5;
    1240:	82 fd       	sbrc	r24, 2
    1242:	22 c0       	rjmp	.+68     	; 0x1288 <main+0x464>
main():
/Users/sukraaj.brench/bside/bsides-leeds-2026-badge/.build/firmware/firmware.ino:738
      else if (tm & RIGHT_GREEN_MASK) nf = 6;
    1244:	96 e0       	ldi	r25, 0x06	; 6
artieAliveMode():
    1246:	83 ff       	sbrs	r24, 3
    1248:	da cf       	rjmp	.-76     	; 0x11fe <main+0x3da>
/Users/sukraaj.brench/bside/bsides-leeds-2026-badge/.build/firmware/firmware.ino:739
      if (nf != 0 && nf != artieForced) {
    124a:	20 91 d7 3e 	lds	r18, 0x3ED7	; 0x803ed7 <artieForced>
    124e:	29 17       	cp	r18, r25
    1250:	b1 f2       	breq	.-84     	; 0x11fe <main+0x3da>
/Users/sukraaj.brench/bside/bsides-leeds-2026-badge/.build/firmware/firmware.ino:740
        artieForced = nf;
    1252:	90 93 d7 3e 	sts	0x3ED7, r25	; 0x803ed7 <artieForced>
/Users/sukraaj.brench/bside/bsides-leeds-2026-badge/.build/firmware/firmware.ino:741
        artieTouchLatch = tm;
    1256:	80 93 d6 3e 	sts	0x3ED6, r24	; 0x803ed6 <artieTouchLatch>
/Users/sukraaj.brench/bside/bsides-leeds-2026-badge/.build/firmware/firmware.ino:742
        artie.subStep = 0;
    125a:	10 92 d3 3e 	sts	0x3ED3, r1	; 0x803ed3 <artie+0x2>
/Users/sukraaj.brench/bside/bsides-leeds-2026-badge/.build/firmware/firmware.ino:743
        if (nf == 1) artie.emote = EMOTE_SLEEPY;
    125e:	86 e0       	ldi	r24, 0x06	; 6
    1260:	91 30       	cpi	r25, 0x01	; 1
    1262:	f1 f0       	breq	.+60     	; 0x12a0 <main+0x47c>
/Users/sukraaj.brench/bside/bsides-leeds-2026-badge/.build/firmware/firmware.ino:744
        else if (nf == 2) { artie.emote = EMOTE_WINK; artie.arg = nextRandomByte() & 0x01; }
    1264:	92 30       	cpi	r25, 0x02	; 2
    1266:	91 f4       	brne	.+36     	; 0x128c <main+0x468>
    1268:	85 e0       	ldi	r24, 0x05	; 5
    126a:	80 93 d2 3e 	sts	0x3ED2, r24	; 0x803ed2 <artie+0x1>
    126e:	d8 da       	rcall	.-2640   	; 0x820 <nextRandomByte()>
    1270:	81 70       	andi	r24, 0x01	; 1
    1272:	80 93 d5 3e 	sts	0x3ED5, r24	; 0x803ed5 <artie+0x4>
    1276:	c3 cf       	rjmp	.-122    	; 0x11fe <main+0x3da>
main():
/Users/sukraaj.brench/bside/bsides-leeds-2026-badge/.build/firmware/firmware.ino:733
    uint8_t tm = getPressedTouchMask();
    if (tm == 0) {
      artieTouchLatch = 0;
    } else if (tm != artieTouchLatch) {
      uint8_t nf = 0;
      if (tm & LEFT_BLUE_MASK) nf = 1;
    1278:	91 e0       	ldi	r25, 0x01	; 1
    127a:	e7 cf       	rjmp	.-50     	; 0x124a <main+0x426>
/Users/sukraaj.brench/bside/bsides-leeds-2026-badge/.build/firmware/firmware.ino:734
      else if (tm & RIGHT_BLUE_MASK) nf = 2;
    127c:	92 e0       	ldi	r25, 0x02	; 2
    127e:	e5 cf       	rjmp	.-54     	; 0x124a <main+0x426>
/Users/sukraaj.brench/bside/bsides-leeds-2026-badge/.build/firmware/firmware.ino:735
      else if (tm & LEFT_RED_MASK) nf = 3;
    1280:	93 e0       	ldi	r25, 0x03	; 3
    1282:	e3 cf       	rjmp	.-58     	; 0x124a <main+0x426>
/Users/sukraaj.brench/bside/bsides-leeds-2026-badge/.build/firmware/firmware.ino:736
      else if (tm & RIGHT_RED_MASK) nf = 4;
    1284:	94 e0       	ldi	r25, 0x04	; 4
    1286:	e1 cf       	rjmp	.-62     	; 0x124a <main+0x426>
/Users/sukraaj.brench/bside/bsides-leeds-2026-badge/.build/firmware/firmware.ino:737
      else if (tm & LEFT_GREEN_MASK) nf = 5;
    1288:	95 e0       	ldi	r25, 0x05	; 5
    128a:	df cf       	rjmp	.-66     	; 0x124a <main+0x426>
artieAliveMode():
/Users/sukraaj.brench/bside/bsides-leeds-2026-badge/.build/firmware/firmware.ino:745
        artieForced = nf;
        artieTouchLatch = tm;
        artie.subStep = 0;
        if (nf == 1) artie.emote = EMOTE_SLEEPY;
        else if (nf == 2) { artie.emote = EMOTE_WINK; artie.arg = nextRandomByte() & 0x01; }
        else if (nf == 3) artie.emote = EMOTE_ALERT;
    128c:	8b e0       	ldi	r24, 0x0B	; 11
    128e:	93 30       	cpi	r25, 0x03	; 3
    1290:	39 f0       	breq	.+14     	; 0x12a0 <main+0x47c>
/Users/sukraaj.brench/bside/bsides-leeds-2026-badge/.build/firmware/firmware.ino:746
        else if (nf == 4) artie.emote = EMOTE_SUSPICIOUS;
    1292:	89 e0       	ldi	r24, 0x09	; 9
    1294:	94 30       	cpi	r25, 0x04	; 4
    1296:	21 f0       	breq	.+8      	; 0x12a0 <main+0x47c>
/Users/sukraaj.brench/bside/bsides-leeds-2026-badge/.build/firmware/firmware.ino:747
        else if (nf == 5) artie.emote = EMOTE_EXCITED;
    1298:	8c e0       	ldi	r24, 0x0C	; 12
    129a:	95 30       	cpi	r25, 0x05	; 5
    129c:	09 f0       	breq	.+2      	; 0x12a0 <main+0x47c>
/Users/sukraaj.brench/bside/bsides-leeds-2026-badge/.build/firmware/firmware.ino:748
        else artie.emote = EMOTE_HAPPY;
    129e:	84 e0       	ldi	r24, 0x04	; 4
    12a0:	80 93 d2 3e 	sts	0x3ED2, r24	; 0x803ed2 <artie+0x1>
    12a4:	ac cf       	rjmp	.-168    	; 0x11fe <main+0x3da>
/Users/sukraaj.brench/bside/bsides-leeds-2026-badge/.build/firmware/firmware.ino:758
    if (artieForced == 0 && artie.duration == 0) {
      uint8_t r = nextRandomByte();
      if (r < 40) {
        artie.emote = EMOTE_BLINK;
        artie.duration = 3 + (nextRandomByte() & 0x03);
      } else if (r < 59) {
    12a6:	8b 33       	cpi	r24, 0x3B	; 59
    12a8:	28 f4       	brcc	.+10     	; 0x12b4 <main+0x490>
/Users/sukraaj.brench/bside/bsides-leeds-2026-badge/.build/firmware/firmware.ino:759
        artie.emote = EMOTE_DBLBLINK;
    12aa:	87 e0       	ldi	r24, 0x07	; 7
    12ac:	80 93 d2 3e 	sts	0x3ED2, r24	; 0x803ed2 <artie+0x1>
/Users/sukraaj.brench/bside/bsides-leeds-2026-badge/.build/firmware/firmware.ino:760
        artie.duration = 10;
    12b0:	8a e0       	ldi	r24, 0x0A	; 10
    12b2:	b7 cf       	rjmp	.-146    	; 0x1222 <main+0x3fe>
/Users/sukraaj.brench/bside/bsides-leeds-2026-badge/.build/firmware/firmware.ino:761
      } else if (r < 108) {
    12b4:	8c 36       	cpi	r24, 0x6C	; 108
    12b6:	58 f5       	brcc	.+86     	; 0x130e <main+0x4ea>
/Users/sukraaj.brench/bside/bsides-leeds-2026-badge/.build/firmware/firmware.ino:762
        artie.emote = EMOTE_LOOK;
    12b8:	82 e0       	ldi	r24, 0x02	; 2
    12ba:	80 93 d2 3e 	sts	0x3ED2, r24	; 0x803ed2 <artie+0x1>
/Users/sukraaj.brench/bside/bsides-leeds-2026-badge/.build/firmware/firmware.ino:763
        artie.duration = 55 + (nextRandomByte() & 0x3F);
    12be:	b0 da       	rcall	.-2720   	; 0x820 <nextRandomByte()>
    12c0:	8f 73       	andi	r24, 0x3F	; 63
    12c2:	89 5c       	subi	r24, 0xC9	; 201
    12c4:	80 93 d4 3e 	sts	0x3ED4, r24	; 0x803ed4 <artie+0x3>
/Users/sukraaj.brench/bside/bsides-leeds-2026-badge/.build/firmware/firmware.ino:764
        uint8_t dir = nextRandomByte() & 0x01;
    12c8:	ab da       	rcall	.-2730   	; 0x820 <nextRandomByte()>
    12ca:	81 70       	andi	r24, 0x01	; 1
    12cc:	b8 2e       	mov	r11, r24
/Users/sukraaj.brench/bside/bsides-leeds-2026-badge/.build/firmware/firmware.ino:765
        uint8_t r2 = nextRandomByte();
    12ce:	a8 da       	rcall	.-2736   	; 0x820 <nextRandomByte()>
/Users/sukraaj.brench/bside/bsides-leeds-2026-badge/.build/firmware/firmware.ino:766
        uint8_t mood = r2 < 180 ? 0 : (r2 < 240 ? 1 : 2);
    12d0:	84 3b       	cpi	r24, 0xB4	; 180
    12d2:	30 f0       	brcs	.+12     	; 0x12e0 <main+0x4bc>
main():
    12d4:	ff 24       	eor	r15, r15
    12d6:	f3 94       	inc	r15
artieAliveMode():
    12d8:	80 3f       	cpi	r24, 0xF0	; 240
    12da:	10 f0       	brcs	.+4      	; 0x12e0 <main+0x4bc>
main():
    12dc:	f2 e0       	ldi	r31, 0x02	; 2
    12de:	ff 2e       	mov	r15, r31
artieAliveMode():
/Users/sukraaj.brench/bside/bsides-leeds-2026-badge/.build/firmware/firmware.ino:767
        artie.arg = dir | (mood << 1);
    12e0:	ff 0c       	add	r15, r15
    12e2:	bf 28       	or	r11, r15
    12e4:	b0 92 d5 3e 	sts	0x3ED5, r11	; 0x803ed5 <artie+0x4>
/Users/sukraaj.brench/bside/bsides-leeds-2026-badge/.build/firmware/firmware.ino:795
        artie.duration = 50 + (nextRandomByte() & 0x1F);
      } else {
        artie.emote = EMOTE_STARTLED;
        artie.duration = 28;
      }
      artie.subStep = 0;
    12e8:	10 92 d3 3e 	sts	0x3ED3, r1	; 0x803ed3 <artie+0x2>
/Users/sukraaj.brench/bside/bsides-leeds-2026-badge/.build/firmware/firmware.ino:799
    }

    // --- Render current emote (shared by idle and forced) ---
    setAllLeds(COLOR_OFF);
    12ec:	40 e0       	ldi	r20, 0x00	; 0
    12ee:	8e 2d       	mov	r24, r14
    12f0:	b6 01       	movw	r22, r12
    12f2:	04 da       	rcall	.-3064   	; 0x6fc <setAllLeds(RgbColor, bool)>
/Users/sukraaj.brench/bside/bsides-leeds-2026-badge/.build/firmware/firmware.ino:803
    uint16_t mask = 0;
    uint8_t cr = 0, cg = 0, cb = 0;

    if (artie.emote == EMOTE_CALM) {
    12f4:	80 90 d2 3e 	lds	r8, 0x3ED2	; 0x803ed2 <artie+0x1>
    12f8:	81 10       	cpse	r8, r1
    12fa:	58 c0       	rjmp	.+176    	; 0x13ac <main+0x588>
/Users/sukraaj.brench/bside/bsides-leeds-2026-badge/.build/firmware/firmware.ino:804
      setAllLeds(ARTIE_CALM_COL);
    12fc:	60 91 46 9d 	lds	r22, 0x9D46	; 0x809d46 <__bss_end+0x5e4e>
    1300:	70 91 47 9d 	lds	r23, 0x9D47	; 0x809d47 <__bss_end+0x5e4f>
    1304:	80 91 48 9d 	lds	r24, 0x9D48	; 0x809d48 <__bss_end+0x5e50>
/Users/sukraaj.brench/bside/bsides-leeds-2026-badge/.build/firmware/firmware.ino:811
      if ((artie.subStep >= 2 && artie.subStep < 4) || artie.subStep >= 6) {
        setAllLeds(ARTIE_CALM_COL);
      }
    } else if (artie.emote == EMOTE_STARTLED) {
      if (artie.subStep < 6) setAllLeds(ARTIE_SCAN_COL);
      else if (artie.subStep < 16) setAllLeds(COLOR_RED);
    1308:	40 e0       	ldi	r20, 0x00	; 0
    130a:	f8 d9       	rcall	.-3088   	; 0x6fc <setAllLeds(RgbColor, bool)>
    130c:	5c c0       	rjmp	.+184    	; 0x13c6 <main+0x5a2>
/Users/sukraaj.brench/bside/bsides-leeds-2026-badge/.build/firmware/firmware.ino:768
        artie.duration = 55 + (nextRandomByte() & 0x3F);
        uint8_t dir = nextRandomByte() & 0x01;
        uint8_t r2 = nextRandomByte();
        uint8_t mood = r2 < 180 ? 0 : (r2 < 240 ? 1 : 2);
        artie.arg = dir | (mood << 1);
      } else if (r < 148) {
    130e:	84 39       	cpi	r24, 0x94	; 148
    1310:	70 f4       	brcc	.+28     	; 0x132e <main+0x50a>
/Users/sukraaj.brench/bside/bsides-leeds-2026-badge/.build/firmware/firmware.ino:769
        artie.emote = EMOTE_SCAN;
    1312:	83 e0       	ldi	r24, 0x03	; 3
    1314:	80 93 d2 3e 	sts	0x3ED2, r24	; 0x803ed2 <artie+0x1>
/Users/sukraaj.brench/bside/bsides-leeds-2026-badge/.build/firmware/firmware.ino:770
        artie.duration = 60 + (nextRandomByte() & 0x3F);
    1318:	83 da       	rcall	.-2810   	; 0x820 <nextRandomByte()>
    131a:	8f 73       	andi	r24, 0x3F	; 63
    131c:	84 5c       	subi	r24, 0xC4	; 196
    131e:	80 93 d4 3e 	sts	0x3ED4, r24	; 0x803ed4 <artie+0x3>
/Users/sukraaj.brench/bside/bsides-leeds-2026-badge/.build/firmware/firmware.ino:771
        artie.arg = nextRandomByte() % 9;
    1322:	7e da       	rcall	.-2820   	; 0x820 <nextRandomByte()>
    1324:	69 e0       	ldi	r22, 0x09	; 9
    1326:	af d4       	rcall	.+2398   	; 0x1c86 <__udivmodqi4>
    1328:	90 93 d5 3e 	sts	0x3ED5, r25	; 0x803ed5 <artie+0x4>
    132c:	dd cf       	rjmp	.-70     	; 0x12e8 <main+0x4c4>
/Users/sukraaj.brench/bside/bsides-leeds-2026-badge/.build/firmware/firmware.ino:772
      } else if (r < 174) {
    132e:	8e 3a       	cpi	r24, 0xAE	; 174
    1330:	38 f4       	brcc	.+14     	; 0x1340 <main+0x51c>
/Users/sukraaj.brench/bside/bsides-leeds-2026-badge/.build/firmware/firmware.ino:773
        artie.emote = EMOTE_HAPPY;
    1332:	84 e0       	ldi	r24, 0x04	; 4
    1334:	80 93 d2 3e 	sts	0x3ED2, r24	; 0x803ed2 <artie+0x1>
/Users/sukraaj.brench/bside/bsides-leeds-2026-badge/.build/firmware/firmware.ino:774
        artie.duration = 38 + (nextRandomByte() & 0x3F);
    1338:	73 da       	rcall	.-2842   	; 0x820 <nextRandomByte()>
    133a:	8f 73       	andi	r24, 0x3F	; 63
    133c:	8a 5d       	subi	r24, 0xDA	; 218
    133e:	71 cf       	rjmp	.-286    	; 0x1222 <main+0x3fe>
/Users/sukraaj.brench/bside/bsides-leeds-2026-badge/.build/firmware/firmware.ino:775
      } else if (r < 188) {
    1340:	8c 3b       	cpi	r24, 0xBC	; 188
    1342:	38 f4       	brcc	.+14     	; 0x1352 <main+0x52e>
/Users/sukraaj.brench/bside/bsides-leeds-2026-badge/.build/firmware/firmware.ino:776
        artie.emote = EMOTE_SLEEPY;
    1344:	86 e0       	ldi	r24, 0x06	; 6
    1346:	80 93 d2 3e 	sts	0x3ED2, r24	; 0x803ed2 <artie+0x1>
/Users/sukraaj.brench/bside/bsides-leeds-2026-badge/.build/firmware/firmware.ino:777
        artie.duration = 55 + (nextRandomByte() & 0x3F);
    134a:	6a da       	rcall	.-2860   	; 0x820 <nextRandomByte()>
    134c:	8f 73       	andi	r24, 0x3F	; 63
    134e:	89 5c       	subi	r24, 0xC9	; 201
    1350:	68 cf       	rjmp	.-304    	; 0x1222 <main+0x3fe>
/Users/sukraaj.brench/bside/bsides-leeds-2026-badge/.build/firmware/firmware.ino:778
      } else if (r < 208) {
    1352:	80 3d       	cpi	r24, 0xD0	; 208
    1354:	58 f4       	brcc	.+22     	; 0x136c <main+0x548>
/Users/sukraaj.brench/bside/bsides-leeds-2026-badge/.build/firmware/firmware.ino:779
        artie.emote = EMOTE_WINK;
    1356:	85 e0       	ldi	r24, 0x05	; 5
    1358:	80 93 d2 3e 	sts	0x3ED2, r24	; 0x803ed2 <artie+0x1>
/Users/sukraaj.brench/bside/bsides-leeds-2026-badge/.build/firmware/firmware.ino:780
        artie.duration = 24;
    135c:	88 e1       	ldi	r24, 0x18	; 24
    135e:	80 93 d4 3e 	sts	0x3ED4, r24	; 0x803ed4 <artie+0x3>
/Users/sukraaj.brench/bside/bsides-leeds-2026-badge/.build/firmware/firmware.ino:781
        artie.arg = nextRandomByte() & 0x01;
    1362:	5e da       	rcall	.-2884   	; 0x820 <nextRandomByte()>
    1364:	81 70       	andi	r24, 0x01	; 1
    1366:	80 93 d5 3e 	sts	0x3ED5, r24	; 0x803ed5 <artie+0x4>
    136a:	be cf       	rjmp	.-132    	; 0x12e8 <main+0x4c4>
/Users/sukraaj.brench/bside/bsides-leeds-2026-badge/.build/firmware/firmware.ino:782
      } else if (r < 228) {
    136c:	84 3e       	cpi	r24, 0xE4	; 228
    136e:	38 f4       	brcc	.+14     	; 0x137e <main+0x55a>
/Users/sukraaj.brench/bside/bsides-leeds-2026-badge/.build/firmware/firmware.ino:783
        artie.emote = EMOTE_THINKING;
    1370:	88 e0       	ldi	r24, 0x08	; 8
    1372:	80 93 d2 3e 	sts	0x3ED2, r24	; 0x803ed2 <artie+0x1>
/Users/sukraaj.brench/bside/bsides-leeds-2026-badge/.build/firmware/firmware.ino:784
        artie.duration = 40 + (nextRandomByte() & 0x3F);
    1376:	54 da       	rcall	.-2904   	; 0x820 <nextRandomByte()>
    1378:	8f 73       	andi	r24, 0x3F	; 63
    137a:	88 5d       	subi	r24, 0xD8	; 216
    137c:	52 cf       	rjmp	.-348    	; 0x1222 <main+0x3fe>
/Users/sukraaj.brench/bside/bsides-leeds-2026-badge/.build/firmware/firmware.ino:785
      } else if (r < 244) {
    137e:	84 3f       	cpi	r24, 0xF4	; 244
    1380:	38 f4       	brcc	.+14     	; 0x1390 <main+0x56c>
/Users/sukraaj.brench/bside/bsides-leeds-2026-badge/.build/firmware/firmware.ino:786
        artie.emote = EMOTE_SUSPICIOUS;
    1382:	89 e0       	ldi	r24, 0x09	; 9
    1384:	80 93 d2 3e 	sts	0x3ED2, r24	; 0x803ed2 <artie+0x1>
/Users/sukraaj.brench/bside/bsides-leeds-2026-badge/.build/firmware/firmware.ino:787
        artie.duration = 30 + (nextRandomByte() & 0x1F);
    1388:	4b da       	rcall	.-2922   	; 0x820 <nextRandomByte()>
    138a:	8f 71       	andi	r24, 0x1F	; 31
    138c:	82 5e       	subi	r24, 0xE2	; 226
    138e:	49 cf       	rjmp	.-366    	; 0x1222 <main+0x3fe>
/Users/sukraaj.brench/bside/bsides-leeds-2026-badge/.build/firmware/firmware.ino:788
      } else if (r < 250) {
    1390:	8a 3f       	cpi	r24, 0xFA	; 250
    1392:	38 f4       	brcc	.+14     	; 0x13a2 <main+0x57e>
/Users/sukraaj.brench/bside/bsides-leeds-2026-badge/.build/firmware/firmware.ino:789
        artie.emote = EMOTE_ALERT;
    1394:	8b e0       	ldi	r24, 0x0B	; 11
    1396:	80 93 d2 3e 	sts	0x3ED2, r24	; 0x803ed2 <artie+0x1>
/Users/sukraaj.brench/bside/bsides-leeds-2026-badge/.build/firmware/firmware.ino:790
        artie.duration = 50 + (nextRandomByte() & 0x1F);
    139a:	42 da       	rcall	.-2940   	; 0x820 <nextRandomByte()>
    139c:	8f 71       	andi	r24, 0x1F	; 31
    139e:	8e 5c       	subi	r24, 0xCE	; 206
    13a0:	40 cf       	rjmp	.-384    	; 0x1222 <main+0x3fe>
/Users/sukraaj.brench/bside/bsides-leeds-2026-badge/.build/firmware/firmware.ino:792
      } else {
        artie.emote = EMOTE_STARTLED;
    13a2:	8a e0       	ldi	r24, 0x0A	; 10
    13a4:	80 93 d2 3e 	sts	0x3ED2, r24	; 0x803ed2 <artie+0x1>
/Users/sukraaj.brench/bside/bsides-leeds-2026-badge/.build/firmware/firmware.ino:793
        artie.duration = 28;
    13a8:	8c e1       	ldi	r24, 0x1C	; 28
    13aa:	3b cf       	rjmp	.-394    	; 0x1222 <main+0x3fe>
    13ac:	80 91 d3 3e 	lds	r24, 0x3ED3	; 0x803ed3 <artie+0x2>
/Users/sukraaj.brench/bside/bsides-leeds-2026-badge/.build/firmware/firmware.ino:805
    uint16_t mask = 0;
    uint8_t cr = 0, cg = 0, cb = 0;

    if (artie.emote == EMOTE_CALM) {
      setAllLeds(ARTIE_CALM_COL);
    } else if (artie.emote == EMOTE_DBLBLINK) {
    13b0:	a7 e0       	ldi	r26, 0x07	; 7
    13b2:	8a 12       	cpse	r8, r26
    13b4:	18 c0       	rjmp	.+48     	; 0x13e6 <main+0x5c2>
/Users/sukraaj.brench/bside/bsides-leeds-2026-badge/.build/firmware/firmware.ino:806
      if ((artie.subStep >= 2 && artie.subStep < 4) || artie.subStep >= 6) {
    13b6:	9e ef       	ldi	r25, 0xFE	; 254
    13b8:	98 0f       	add	r25, r24
    13ba:	92 30       	cpi	r25, 0x02	; 2
    13bc:	08 f4       	brcc	.+2      	; 0x13c0 <main+0x59c>
    13be:	9e cf       	rjmp	.-196    	; 0x12fc <main+0x4d8>
    13c0:	86 30       	cpi	r24, 0x06	; 6
    13c2:	08 f0       	brcs	.+2      	; 0x13c6 <main+0x5a2>
    13c4:	9b cf       	rjmp	.-202    	; 0x12fc <main+0x4d8>
/Users/sukraaj.brench/bside/bsides-leeds-2026-badge/.build/firmware/firmware.ino:916
        }
      }
    }

    // --- Step advancement ---
    artie.subStep++;
    13c6:	80 91 d3 3e 	lds	r24, 0x3ED3	; 0x803ed3 <artie+0x2>
    13ca:	8f 5f       	subi	r24, 0xFF	; 255
    13cc:	80 93 d3 3e 	sts	0x3ED3, r24	; 0x803ed3 <artie+0x2>
/Users/sukraaj.brench/bside/bsides-leeds-2026-badge/.build/firmware/firmware.ino:917
    if (artieForced != 0) {
    13d0:	90 91 d7 3e 	lds	r25, 0x3ED7	; 0x803ed7 <artieForced>
    13d4:	99 23       	and	r25, r25
    13d6:	09 f4       	brne	.+2      	; 0x13da <main+0x5b6>
    13d8:	a5 c1       	rjmp	.+842    	; 0x1724 <main+0x900>
/Users/sukraaj.brench/bside/bsides-leeds-2026-badge/.build/firmware/firmware.ino:918
      if (artie.subStep >= 240) artie.subStep = 0;
    13da:	80 3f       	cpi	r24, 0xF0	; 240
    13dc:	08 f4       	brcc	.+2      	; 0x13e0 <main+0x5bc>
    13de:	5a ce       	rjmp	.-844    	; 0x1094 <main+0x270>
    13e0:	10 92 d3 3e 	sts	0x3ED3, r1	; 0x803ed3 <artie+0x2>
    13e4:	57 ce       	rjmp	.-850    	; 0x1094 <main+0x270>
/Users/sukraaj.brench/bside/bsides-leeds-2026-badge/.build/firmware/firmware.ino:809
      setAllLeds(ARTIE_CALM_COL);
    } else if (artie.emote == EMOTE_DBLBLINK) {
      if ((artie.subStep >= 2 && artie.subStep < 4) || artie.subStep >= 6) {
        setAllLeds(ARTIE_CALM_COL);
      }
    } else if (artie.emote == EMOTE_STARTLED) {
    13e6:	ba e0       	ldi	r27, 0x0A	; 10
    13e8:	8b 12       	cpse	r8, r27
    13ea:	15 c0       	rjmp	.+42     	; 0x1416 <main+0x5f2>
/Users/sukraaj.brench/bside/bsides-leeds-2026-badge/.build/firmware/firmware.ino:810
      if (artie.subStep < 6) setAllLeds(ARTIE_SCAN_COL);
    13ec:	86 30       	cpi	r24, 0x06	; 6
    13ee:	38 f4       	brcc	.+14     	; 0x13fe <main+0x5da>
    13f0:	60 91 43 9d 	lds	r22, 0x9D43	; 0x809d43 <__bss_end+0x5e4b>
    13f4:	70 91 44 9d 	lds	r23, 0x9D44	; 0x809d44 <__bss_end+0x5e4c>
    13f8:	80 91 45 9d 	lds	r24, 0x9D45	; 0x809d45 <__bss_end+0x5e4d>
    13fc:	85 cf       	rjmp	.-246    	; 0x1308 <main+0x4e4>
/Users/sukraaj.brench/bside/bsides-leeds-2026-badge/.build/firmware/firmware.ino:811
      else if (artie.subStep < 16) setAllLeds(COLOR_RED);
    13fe:	80 31       	cpi	r24, 0x10	; 16
    1400:	38 f4       	brcc	.+14     	; 0x1410 <main+0x5ec>
    1402:	60 91 4c 9d 	lds	r22, 0x9D4C	; 0x809d4c <__bss_end+0x5e54>
    1406:	70 91 4d 9d 	lds	r23, 0x9D4D	; 0x809d4d <__bss_end+0x5e55>
    140a:	80 91 4e 9d 	lds	r24, 0x9D4E	; 0x809d4e <__bss_end+0x5e56>
    140e:	7c cf       	rjmp	.-264    	; 0x1308 <main+0x4e4>
/Users/sukraaj.brench/bside/bsides-leeds-2026-badge/.build/firmware/firmware.ino:812
      else if (artie.subStep >= 21) setAllLeds(ARTIE_CALM_COL);
    1410:	85 31       	cpi	r24, 0x15	; 21
    1412:	c8 f2       	brcs	.-78     	; 0x13c6 <main+0x5a2>
    1414:	73 cf       	rjmp	.-282    	; 0x12fc <main+0x4d8>
/Users/sukraaj.brench/bside/bsides-leeds-2026-badge/.build/firmware/firmware.ino:813
    } else if (artie.emote == EMOTE_ALERT) {
    1416:	eb e0       	ldi	r30, 0x0B	; 11
    1418:	8e 12       	cpse	r8, r30
    141a:	21 c0       	rjmp	.+66     	; 0x145e <main+0x63a>
/Users/sukraaj.brench/bside/bsides-leeds-2026-badge/.build/firmware/firmware.ino:814
      uint8_t local = artie.subStep & 0x1F;
    141c:	8f 71       	andi	r24, 0x1F	; 31
/Users/sukraaj.brench/bside/bsides-leeds-2026-badge/.build/firmware/firmware.ino:815
      uint8_t tri = local <= 16 ? local : 32 - local;
    141e:	81 31       	cpi	r24, 0x11	; 17
    1420:	18 f0       	brcs	.+6      	; 0x1428 <main+0x604>
    1422:	90 e2       	ldi	r25, 0x20	; 32
    1424:	98 1b       	sub	r25, r24
    1426:	89 2f       	mov	r24, r25
/Users/sukraaj.brench/bside/bsides-leeds-2026-badge/.build/firmware/firmware.ino:816
      uint8_t bright = 8 + ((tri * 22) >> 4);
    1428:	f6 e1       	ldi	r31, 0x16	; 22
    142a:	8f 9f       	mul	r24, r31
    142c:	c0 01       	movw	r24, r0
    142e:	11 24       	eor	r1, r1
    1430:	74 e0       	ldi	r23, 0x04	; 4
    1432:	95 95       	asr	r25
    1434:	87 95       	ror	r24
    1436:	7a 95       	dec	r23
    1438:	e1 f7       	brne	.-8      	; 0x1432 <main+0x60e>
    143a:	e8 e0       	ldi	r30, 0x08	; 8
    143c:	ee 2e       	mov	r14, r30
    143e:	e8 0e       	add	r14, r24
    1440:	d1 2c       	mov	r13, r1
    1442:	c1 2c       	mov	r12, r1
/Users/sukraaj.brench/bside/bsides-leeds-2026-badge/.build/firmware/firmware.ino:817
      for (uint8_t i = 0; i < NUM_LEDS; i++) ledStrip.setPixelColor(i, bright, 0, 0);
    1444:	20 e0       	ldi	r18, 0x00	; 0
    1446:	40 e0       	ldi	r20, 0x00	; 0
    1448:	6e 2d       	mov	r22, r14
    144a:	c6 01       	movw	r24, r12
    144c:	26 d6       	rcall	.+3148   	; 0x209a <__TEXT_REGION_LENGTH__+0x9a>
    144e:	2f ef       	ldi	r18, 0xFF	; 255
    1450:	c2 1a       	sub	r12, r18
    1452:	d2 0a       	sbc	r13, r18
    1454:	42 e1       	ldi	r20, 0x12	; 18
    1456:	c4 16       	cp	r12, r20
    1458:	d1 04       	cpc	r13, r1
    145a:	a1 f7       	brne	.-24     	; 0x1444 <main+0x620>
    145c:	b4 cf       	rjmp	.-152    	; 0x13c6 <main+0x5a2>
/Users/sukraaj.brench/bside/bsides-leeds-2026-badge/.build/firmware/firmware.ino:818
    } else if (artie.emote == EMOTE_EXCITED) {
    145e:	5c e0       	ldi	r21, 0x0C	; 12
    1460:	85 16       	cp	r8, r21
    1462:	09 f4       	brne	.+2      	; 0x1466 <main+0x642>
    1464:	b0 cf       	rjmp	.-160    	; 0x13c6 <main+0x5a2>
/Users/sukraaj.brench/bside/bsides-leeds-2026-badge/.build/firmware/firmware.ino:822
      // Green top/full bounce every 5 frames
      mask = (((artie.subStep / 5) & 1) == 0) ? MASK_TOP : MASK_FULL;
      cr = ARTIE_HAPPY_COL.red; cg = ARTIE_HAPPY_COL.green; cb = ARTIE_HAPPY_COL.blue;
    } else if (artie.emote == EMOTE_SCAN) {
    1466:	93 e0       	ldi	r25, 0x03	; 3
    1468:	89 12       	cpse	r8, r25
    146a:	4e c0       	rjmp	.+156    	; 0x1508 <main+0x6e4>
/Users/sukraaj.brench/bside/bsides-leeds-2026-badge/.build/firmware/firmware.ino:823
      uint8_t chunkOff = artie.subStep & 0x0F;
    146c:	a8 2f       	mov	r26, r24
    146e:	af 70       	andi	r26, 0x0F	; 15
    1470:	da 2e       	mov	r13, r26
/Users/sukraaj.brench/bside/bsides-leeds-2026-badge/.build/firmware/firmware.ino:824
      if (artie.subStep > 0 && chunkOff == 0) {
    1472:	88 23       	and	r24, r24
    1474:	39 f0       	breq	.+14     	; 0x1484 <main+0x660>
    1476:	a1 11       	cpse	r26, r1
    1478:	05 c0       	rjmp	.+10     	; 0x1484 <main+0x660>
/Users/sukraaj.brench/bside/bsides-leeds-2026-badge/.build/firmware/firmware.ino:825
        artie.arg = nextRandomByte() % 9;
    147a:	d2 d9       	rcall	.-3164   	; 0x820 <nextRandomByte()>
    147c:	69 e0       	ldi	r22, 0x09	; 9
    147e:	03 d4       	rcall	.+2054   	; 0x1c86 <__udivmodqi4>
    1480:	90 93 d5 3e 	sts	0x3ED5, r25	; 0x803ed5 <artie+0x4>
/Users/sukraaj.brench/bside/bsides-leeds-2026-badge/.build/firmware/firmware.ino:827
      }
      uint8_t base = artie.arg;
    1484:	80 91 d5 3e 	lds	r24, 0x3ED5	; 0x803ed5 <artie+0x4>
/Users/sukraaj.brench/bside/bsides-leeds-2026-badge/.build/firmware/firmware.ino:829
      int8_t sweepOff = 0;
      if (chunkOff < 4) sweepOff = -1;
    1488:	b3 e0       	ldi	r27, 0x03	; 3
main():
    148a:	2f ef       	ldi	r18, 0xFF	; 255
artieAliveMode():
    148c:	bd 15       	cp	r27, r13
    148e:	30 f4       	brcc	.+12     	; 0x149c <main+0x678>
/Users/sukraaj.brench/bside/bsides-leeds-2026-badge/.build/firmware/firmware.ino:830
      else if (chunkOff >= 8 && chunkOff < 12) sweepOff = 1;
    1490:	98 ef       	ldi	r25, 0xF8	; 248
    1492:	9d 0d       	add	r25, r13
    1494:	21 e0       	ldi	r18, 0x01	; 1
    1496:	94 30       	cpi	r25, 0x04	; 4
    1498:	08 f0       	brcs	.+2      	; 0x149c <main+0x678>
    149a:	20 e0       	ldi	r18, 0x00	; 0
/Users/sukraaj.brench/bside/bsides-leeds-2026-badge/.build/firmware/firmware.ino:831
      uint8_t p = (base + 9 + sweepOff) % 9;
    149c:	90 e0       	ldi	r25, 0x00	; 0
    149e:	09 96       	adiw	r24, 0x09	; 9
    14a0:	82 0f       	add	r24, r18
    14a2:	91 1d       	adc	r25, r1
    14a4:	27 fd       	sbrc	r18, 7
    14a6:	9a 95       	dec	r25
    14a8:	29 e0       	ldi	r18, 0x09	; 9
    14aa:	30 e0       	ldi	r19, 0x00	; 0
    14ac:	b9 01       	movw	r22, r18
    14ae:	0b d4       	rcall	.+2070   	; 0x1cc6 <__divmodhi4>
    14b0:	6c 01       	movw	r12, r24
/Users/sukraaj.brench/bside/bsides-leeds-2026-badge/.build/firmware/firmware.ino:832
      uint8_t a = (p + 8) % 9;
    14b2:	08 96       	adiw	r24, 0x08	; 8
/Users/sukraaj.brench/bside/bsides-leeds-2026-badge/.build/firmware/firmware.ino:846
      uint8_t phase = (artie.subStep >> 2) % 5;
      uint8_t center;
      if (phase == 0 || phase == 4) center = 8;
      else if (phase == 1 || phase == 3) center = 0;
      else center = 1;
      uint8_t ta = (center + 8) % 9;
    14b4:	b9 01       	movw	r22, r18
    14b6:	07 d4       	rcall	.+2062   	; 0x1cc6 <__divmodhi4>
    14b8:	7c 01       	movw	r14, r24
/Users/sukraaj.brench/bside/bsides-leeds-2026-badge/.build/firmware/firmware.ino:847
      uint8_t tb = (center + 1) % 9;
    14ba:	c6 01       	movw	r24, r12
    14bc:	01 96       	adiw	r24, 0x01	; 1
    14be:	b9 01       	movw	r22, r18
    14c0:	02 d4       	rcall	.+2052   	; 0x1cc6 <__divmodhi4>
    14c2:	5c 01       	movw	r10, r24
/Users/sukraaj.brench/bside/bsides-leeds-2026-badge/.build/firmware/firmware.ino:848
      ledStrip.setPixelColor(center, ARTIE_SCAN_COL.red, ARTIE_SCAN_COL.green, ARTIE_SCAN_COL.blue);
    14c4:	20 e0       	ldi	r18, 0x00	; 0
    14c6:	4d e0       	ldi	r20, 0x0D	; 13
    14c8:	6c e1       	ldi	r22, 0x1C	; 28
    14ca:	c6 01       	movw	r24, r12
    14cc:	e6 d5       	rcall	.+3020   	; 0x209a <__TEXT_REGION_LENGTH__+0x9a>
/Users/sukraaj.brench/bside/bsides-leeds-2026-badge/.build/firmware/firmware.ino:849
      ledStrip.setPixelColor(ta, ARTIE_SCAN_COL.red, ARTIE_SCAN_COL.green, ARTIE_SCAN_COL.blue);
    14ce:	20 e0       	ldi	r18, 0x00	; 0
    14d0:	4d e0       	ldi	r20, 0x0D	; 13
    14d2:	6c e1       	ldi	r22, 0x1C	; 28
    14d4:	c7 01       	movw	r24, r14
    14d6:	e1 d5       	rcall	.+3010   	; 0x209a <__TEXT_REGION_LENGTH__+0x9a>
/Users/sukraaj.brench/bside/bsides-leeds-2026-badge/.build/firmware/firmware.ino:850
      ledStrip.setPixelColor(tb, ARTIE_SCAN_COL.red, ARTIE_SCAN_COL.green, ARTIE_SCAN_COL.blue);
    14d8:	20 e0       	ldi	r18, 0x00	; 0
    14da:	4d e0       	ldi	r20, 0x0D	; 13
    14dc:	6c e1       	ldi	r22, 0x1C	; 28
    14de:	c5 01       	movw	r24, r10
    14e0:	dc d5       	rcall	.+3000   	; 0x209a <__TEXT_REGION_LENGTH__+0x9a>
/Users/sukraaj.brench/bside/bsides-leeds-2026-badge/.build/firmware/firmware.ino:851
      ledStrip.setPixelColor(center + 9, ARTIE_SCAN_COL.red, ARTIE_SCAN_COL.green, ARTIE_SCAN_COL.blue);
    14e2:	20 e0       	ldi	r18, 0x00	; 0
    14e4:	4d e0       	ldi	r20, 0x0D	; 13
    14e6:	6c e1       	ldi	r22, 0x1C	; 28
    14e8:	c6 01       	movw	r24, r12
    14ea:	09 96       	adiw	r24, 0x09	; 9
    14ec:	d6 d5       	rcall	.+2988   	; 0x209a <__TEXT_REGION_LENGTH__+0x9a>
/Users/sukraaj.brench/bside/bsides-leeds-2026-badge/.build/firmware/firmware.ino:852
      ledStrip.setPixelColor(ta + 9, ARTIE_SCAN_COL.red, ARTIE_SCAN_COL.green, ARTIE_SCAN_COL.blue);
    14ee:	20 e0       	ldi	r18, 0x00	; 0
    14f0:	4d e0       	ldi	r20, 0x0D	; 13
    14f2:	6c e1       	ldi	r22, 0x1C	; 28
    14f4:	c7 01       	movw	r24, r14
    14f6:	09 96       	adiw	r24, 0x09	; 9
    14f8:	d0 d5       	rcall	.+2976   	; 0x209a <__TEXT_REGION_LENGTH__+0x9a>
/Users/sukraaj.brench/bside/bsides-leeds-2026-badge/.build/firmware/firmware.ino:853
      ledStrip.setPixelColor(tb + 9, ARTIE_SCAN_COL.red, ARTIE_SCAN_COL.green, ARTIE_SCAN_COL.blue);
    14fa:	20 e0       	ldi	r18, 0x00	; 0
    14fc:	4d e0       	ldi	r20, 0x0D	; 13
    14fe:	6c e1       	ldi	r22, 0x1C	; 28
    1500:	c5 01       	movw	r24, r10
    1502:	09 96       	adiw	r24, 0x09	; 9
    1504:	ca d5       	rcall	.+2964   	; 0x209a <__TEXT_REGION_LENGTH__+0x9a>
    1506:	5f cf       	rjmp	.-322    	; 0x13c6 <main+0x5a2>
/Users/sukraaj.brench/bside/bsides-leeds-2026-badge/.build/firmware/firmware.ino:840
      ledStrip.setPixelColor(a, ARTIE_SCAN_COL.red, ARTIE_SCAN_COL.green, ARTIE_SCAN_COL.blue);
      ledStrip.setPixelColor(b, ARTIE_SCAN_COL.red, ARTIE_SCAN_COL.green, ARTIE_SCAN_COL.blue);
      ledStrip.setPixelColor(p + 9, ARTIE_SCAN_COL.red, ARTIE_SCAN_COL.green, ARTIE_SCAN_COL.blue);
      ledStrip.setPixelColor(a + 9, ARTIE_SCAN_COL.red, ARTIE_SCAN_COL.green, ARTIE_SCAN_COL.blue);
      ledStrip.setPixelColor(b + 9, ARTIE_SCAN_COL.red, ARTIE_SCAN_COL.green, ARTIE_SCAN_COL.blue);
    } else if (artie.emote == EMOTE_THINKING) {
    1508:	e8 e0       	ldi	r30, 0x08	; 8
    150a:	8e 12       	cpse	r8, r30
    150c:	19 c0       	rjmp	.+50     	; 0x1540 <main+0x71c>
/Users/sukraaj.brench/bside/bsides-leeds-2026-badge/.build/firmware/firmware.ino:841
      uint8_t phase = (artie.subStep >> 2) % 5;
    150e:	90 e0       	ldi	r25, 0x00	; 0
    1510:	95 95       	asr	r25
    1512:	87 95       	ror	r24
    1514:	95 95       	asr	r25
    1516:	87 95       	ror	r24
    1518:	65 e0       	ldi	r22, 0x05	; 5
    151a:	70 e0       	ldi	r23, 0x00	; 0
    151c:	d4 d3       	rcall	.+1960   	; 0x1cc6 <__divmodhi4>
/Users/sukraaj.brench/bside/bsides-leeds-2026-badge/.build/firmware/firmware.ino:843
      uint8_t center;
      if (phase == 0 || phase == 4) center = 8;
    151e:	98 2f       	mov	r25, r24
    1520:	9b 7f       	andi	r25, 0xFB	; 251
    1522:	61 f0       	breq	.+24     	; 0x153c <main+0x718>
/Users/sukraaj.brench/bside/bsides-leeds-2026-badge/.build/firmware/firmware.ino:844
      else if (phase == 1 || phase == 3) center = 0;
    1524:	8d 7f       	andi	r24, 0xFD	; 253
    1526:	91 e0       	ldi	r25, 0x01	; 1
    1528:	81 30       	cpi	r24, 0x01	; 1
    152a:	09 f4       	brne	.+2      	; 0x152e <main+0x70a>
    152c:	90 e0       	ldi	r25, 0x00	; 0
/Users/sukraaj.brench/bside/bsides-leeds-2026-badge/.build/firmware/firmware.ino:846
      else center = 1;
      uint8_t ta = (center + 8) % 9;
    152e:	c9 2e       	mov	r12, r25
    1530:	d1 2c       	mov	r13, r1
    1532:	c6 01       	movw	r24, r12
    1534:	08 96       	adiw	r24, 0x08	; 8
    1536:	29 e0       	ldi	r18, 0x09	; 9
    1538:	30 e0       	ldi	r19, 0x00	; 0
    153a:	bc cf       	rjmp	.-136    	; 0x14b4 <main+0x690>
main():
/Users/sukraaj.brench/bside/bsides-leeds-2026-badge/.build/firmware/firmware.ino:843
      ledStrip.setPixelColor(a + 9, ARTIE_SCAN_COL.red, ARTIE_SCAN_COL.green, ARTIE_SCAN_COL.blue);
      ledStrip.setPixelColor(b + 9, ARTIE_SCAN_COL.red, ARTIE_SCAN_COL.green, ARTIE_SCAN_COL.blue);
    } else if (artie.emote == EMOTE_THINKING) {
      uint8_t phase = (artie.subStep >> 2) % 5;
      uint8_t center;
      if (phase == 0 || phase == 4) center = 8;
    153c:	98 e0       	ldi	r25, 0x08	; 8
    153e:	f7 cf       	rjmp	.-18     	; 0x152e <main+0x70a>
artieAliveMode():
/Users/sukraaj.brench/bside/bsides-leeds-2026-badge/.build/firmware/firmware.ino:855
      ledStrip.setPixelColor(tb, ARTIE_SCAN_COL.red, ARTIE_SCAN_COL.green, ARTIE_SCAN_COL.blue);
      ledStrip.setPixelColor(center + 9, ARTIE_SCAN_COL.red, ARTIE_SCAN_COL.green, ARTIE_SCAN_COL.blue);
      ledStrip.setPixelColor(ta + 9, ARTIE_SCAN_COL.red, ARTIE_SCAN_COL.green, ARTIE_SCAN_COL.blue);
      ledStrip.setPixelColor(tb + 9, ARTIE_SCAN_COL.red, ARTIE_SCAN_COL.green, ARTIE_SCAN_COL.blue);
    } else {
      if (artie.emote == EMOTE_LOOK) {
    1540:	f2 e0       	ldi	r31, 0x02	; 2
    1542:	8f 12       	cpse	r8, r31
    1544:	71 c0       	rjmp	.+226    	; 0x1628 <main+0x804>
/Users/sukraaj.brench/bside/bsides-leeds-2026-badge/.build/firmware/firmware.ino:856
        mask = (artie.arg & 1) ? MASK_LOOK_R : MASK_LOOK_L;
    1546:	90 91 d5 3e 	lds	r25, 0x3ED5	; 0x803ed5 <artie+0x4>
    154a:	29 2f       	mov	r18, r25
    154c:	30 e0       	ldi	r19, 0x00	; 0
main():
    154e:	5e e1       	ldi	r21, 0x1E	; 30
    1550:	c5 2e       	mov	r12, r21
    1552:	d1 2c       	mov	r13, r1
artieAliveMode():
    1554:	90 fd       	sbrc	r25, 0
    1556:	04 c0       	rjmp	.+8      	; 0x1560 <main+0x73c>
main():
    1558:	40 ee       	ldi	r20, 0xE0	; 224
    155a:	c4 2e       	mov	r12, r20
    155c:	dd 24       	eor	r13, r13
    155e:	d3 94       	inc	r13
artieAliveMode():
/Users/sukraaj.brench/bside/bsides-leeds-2026-badge/.build/firmware/firmware.ino:857
        uint8_t mood = (artie.arg >> 1) & 0x03;
    1560:	35 95       	asr	r19
    1562:	27 95       	ror	r18
    1564:	23 70       	andi	r18, 0x03	; 3
/Users/sukraaj.brench/bside/bsides-leeds-2026-badge/.build/firmware/firmware.ino:858
        uint8_t q = artie.duration >> 2;
    1566:	40 91 d4 3e 	lds	r20, 0x3ED4	; 0x803ed4 <artie+0x3>
    156a:	50 e0       	ldi	r21, 0x00	; 0
    156c:	ba 01       	movw	r22, r20
    156e:	75 95       	asr	r23
    1570:	67 95       	ror	r22
    1572:	75 95       	asr	r23
    1574:	67 95       	ror	r22
/Users/sukraaj.brench/bside/bsides-leeds-2026-badge/.build/firmware/firmware.ino:860
        RgbColor lc = ARTIE_CALM_COL;
        if (mood == 1) {
    1576:	21 30       	cpi	r18, 0x01	; 1
    1578:	99 f4       	brne	.+38     	; 0x15a0 <main+0x77c>
/Users/sukraaj.brench/bside/bsides-leeds-2026-badge/.build/firmware/firmware.ino:861
          if (artie.subStep >= 2*q && artie.subStep < 3*q) lc = ARTIE_SCAN_COL;
    157a:	90 e0       	ldi	r25, 0x00	; 0
    157c:	9b 01       	movw	r18, r22
    157e:	22 0f       	add	r18, r18
    1580:	33 1f       	adc	r19, r19
    1582:	82 17       	cp	r24, r18
    1584:	93 07       	cpc	r25, r19
    1586:	34 f0       	brlt	.+12     	; 0x1594 <main+0x770>
    1588:	26 0f       	add	r18, r22
    158a:	37 1f       	adc	r19, r23
    158c:	82 17       	cp	r24, r18
    158e:	93 07       	cpc	r25, r19
    1590:	0c f4       	brge	.+2      	; 0x1594 <main+0x770>
    1592:	3d c3       	rjmp	.+1658   	; 0x1c0e <main+0xdea>
main():
/Users/sukraaj.brench/bside/bsides-leeds-2026-badge/.build/firmware/firmware.ino:859
    } else {
      if (artie.emote == EMOTE_LOOK) {
        mask = (artie.arg & 1) ? MASK_LOOK_R : MASK_LOOK_L;
        uint8_t mood = (artie.arg >> 1) & 0x03;
        uint8_t q = artie.duration >> 2;
        RgbColor lc = ARTIE_CALM_COL;
    1594:	79 2c       	mov	r7, r9
    1596:	50 e1       	ldi	r21, 0x10	; 16
    1598:	e5 2e       	mov	r14, r21
    159a:	62 e1       	ldi	r22, 0x12	; 18
    159c:	66 2e       	mov	r6, r22
    159e:	23 c0       	rjmp	.+70     	; 0x15e6 <main+0x7c2>
artieAliveMode():
/Users/sukraaj.brench/bside/bsides-leeds-2026-badge/.build/firmware/firmware.ino:862
        if (mood == 1) {
          if (artie.subStep >= 2*q && artie.subStep < 3*q) lc = ARTIE_SCAN_COL;
        } else if (mood == 2) {
    15a0:	22 30       	cpi	r18, 0x02	; 2
    15a2:	c1 f7       	brne	.-16     	; 0x1594 <main+0x770>
/Users/sukraaj.brench/bside/bsides-leeds-2026-badge/.build/firmware/firmware.ino:863
          uint8_t h = q >> 1;
    15a4:	f3 e0       	ldi	r31, 0x03	; 3
    15a6:	55 95       	asr	r21
    15a8:	47 95       	ror	r20
    15aa:	fa 95       	dec	r31
    15ac:	e1 f7       	brne	.-8      	; 0x15a6 <main+0x782>
/Users/sukraaj.brench/bside/bsides-leeds-2026-badge/.build/firmware/firmware.ino:864
          if (artie.subStep >= q+h && artie.subStep < 2*q) lc = ARTIE_SCAN_COL;
    15ae:	90 e0       	ldi	r25, 0x00	; 0
    15b0:	fb 01       	movw	r30, r22
    15b2:	e4 0f       	add	r30, r20
    15b4:	f5 1f       	adc	r31, r21
    15b6:	9b 01       	movw	r18, r22
    15b8:	22 0f       	add	r18, r18
    15ba:	33 1f       	adc	r19, r19
    15bc:	8e 17       	cp	r24, r30
    15be:	9f 07       	cpc	r25, r31
    15c0:	24 f0       	brlt	.+8      	; 0x15ca <main+0x7a6>
    15c2:	82 17       	cp	r24, r18
    15c4:	93 07       	cpc	r25, r19
    15c6:	0c f4       	brge	.+2      	; 0x15ca <main+0x7a6>
    15c8:	22 c3       	rjmp	.+1604   	; 0x1c0e <main+0xdea>
/Users/sukraaj.brench/bside/bsides-leeds-2026-badge/.build/firmware/firmware.ino:865
          else if (artie.subStep >= 3*q && artie.subStep < 3*q+h) lc = COLOR_RED;
    15ca:	26 0f       	add	r18, r22
    15cc:	37 1f       	adc	r19, r23
    15ce:	82 17       	cp	r24, r18
    15d0:	93 07       	cpc	r25, r19
    15d2:	04 f3       	brlt	.-64     	; 0x1594 <main+0x770>
    15d4:	24 0f       	add	r18, r20
    15d6:	35 1f       	adc	r19, r21
main():
    15d8:	e9 2c       	mov	r14, r9
    15da:	69 2c       	mov	r6, r9
    15dc:	4e e1       	ldi	r20, 0x1E	; 30
    15de:	74 2e       	mov	r7, r20
artieAliveMode():
    15e0:	82 17       	cp	r24, r18
    15e2:	93 07       	cpc	r25, r19
    15e4:	bc f6       	brge	.-82     	; 0x1594 <main+0x770>
/Users/sukraaj.brench/bside/bsides-leeds-2026-badge/.build/firmware/firmware.ino:886
        uint8_t winkEye = artie.arg & 1;
        uint8_t winkPhase;
        if (artieForced == 2) {
          // Forced wink: 60-frame held cycle
          uint8_t cycle = artie.subStep % 60;
          winkPhase = (cycle >= 25 && cycle < 35) ? 1 : 0;
    15e6:	b1 2c       	mov	r11, r1
    15e8:	a1 2c       	mov	r10, r1
/Users/sukraaj.brench/bside/bsides-leeds-2026-badge/.build/firmware/firmware.ino:907
          }
        }
      }
      if (artie.emote != EMOTE_WINK) {
        for (uint8_t i = 0; i < 9; i++) {
          if (mask & (1 << i)) {
    15ea:	81 e0       	ldi	r24, 0x01	; 1
    15ec:	90 e0       	ldi	r25, 0x00	; 0
    15ee:	0a 2c       	mov	r0, r10
    15f0:	02 c0       	rjmp	.+4      	; 0x15f6 <main+0x7d2>
    15f2:	88 0f       	add	r24, r24
    15f4:	99 1f       	adc	r25, r25
    15f6:	0a 94       	dec	r0
    15f8:	e2 f7       	brpl	.-8      	; 0x15f2 <main+0x7ce>
    15fa:	8c 21       	and	r24, r12
    15fc:	9d 21       	and	r25, r13
    15fe:	89 2b       	or	r24, r25
    1600:	59 f0       	breq	.+22     	; 0x1618 <main+0x7f4>
/Users/sukraaj.brench/bside/bsides-leeds-2026-badge/.build/firmware/firmware.ino:908
            ledStrip.setPixelColor(i, cr, cg, cb);
    1602:	2e 2d       	mov	r18, r14
    1604:	46 2d       	mov	r20, r6
    1606:	67 2d       	mov	r22, r7
    1608:	c5 01       	movw	r24, r10
    160a:	47 d5       	rcall	.+2702   	; 0x209a <__TEXT_REGION_LENGTH__+0x9a>
/Users/sukraaj.brench/bside/bsides-leeds-2026-badge/.build/firmware/firmware.ino:909
            ledStrip.setPixelColor(i + 9, cr, cg, cb);
    160c:	2e 2d       	mov	r18, r14
    160e:	46 2d       	mov	r20, r6
    1610:	67 2d       	mov	r22, r7
    1612:	c5 01       	movw	r24, r10
    1614:	09 96       	adiw	r24, 0x09	; 9
    1616:	41 d5       	rcall	.+2690   	; 0x209a <__TEXT_REGION_LENGTH__+0x9a>
    1618:	2f ef       	ldi	r18, 0xFF	; 255
    161a:	a2 1a       	sub	r10, r18
    161c:	b2 0a       	sbc	r11, r18
/Users/sukraaj.brench/bside/bsides-leeds-2026-badge/.build/firmware/firmware.ino:906
            ledStrip.setPixelColor(i + 9, cr, cg, cb);
          }
        }
      }
      if (artie.emote != EMOTE_WINK) {
        for (uint8_t i = 0; i < 9; i++) {
    161e:	49 e0       	ldi	r20, 0x09	; 9
    1620:	a4 16       	cp	r10, r20
    1622:	b1 04       	cpc	r11, r1
    1624:	11 f7       	brne	.-60     	; 0x15ea <main+0x7c6>
    1626:	cf ce       	rjmp	.-610    	; 0x13c6 <main+0x5a2>
/Users/sukraaj.brench/bside/bsides-leeds-2026-badge/.build/firmware/firmware.ino:868
          uint8_t h = q >> 1;
          if (artie.subStep >= q+h && artie.subStep < 2*q) lc = ARTIE_SCAN_COL;
          else if (artie.subStep >= 3*q && artie.subStep < 3*q+h) lc = COLOR_RED;
        }
        cr = lc.red; cg = lc.green; cb = lc.blue;
      } else if (artie.emote == EMOTE_HAPPY) {
    1628:	24 e0       	ldi	r18, 0x04	; 4
    162a:	82 16       	cp	r8, r18
    162c:	09 f4       	brne	.+2      	; 0x1630 <main+0x80c>
    162e:	f5 c2       	rjmp	.+1514   	; 0x1c1a <main+0xdf6>
/Users/sukraaj.brench/bside/bsides-leeds-2026-badge/.build/firmware/firmware.ino:871
        mask = MASK_TOP;
        cr = ARTIE_HAPPY_COL.red; cg = ARTIE_HAPPY_COL.green; cb = ARTIE_HAPPY_COL.blue;
      } else if (artie.emote == EMOTE_SLEEPY) {
    1630:	46 e0       	ldi	r20, 0x06	; 6
    1632:	84 12       	cpse	r8, r20
    1634:	0f c0       	rjmp	.+30     	; 0x1654 <main+0x830>
/Users/sukraaj.brench/bside/bsides-leeds-2026-badge/.build/firmware/firmware.ino:873
        mask = MASK_LOWER;
        uint8_t wave = artie.subStep & 0x1F;
    1636:	8f 71       	andi	r24, 0x1F	; 31
/Users/sukraaj.brench/bside/bsides-leeds-2026-badge/.build/firmware/firmware.ino:874
        if (wave > 16) wave = 32 - wave;
    1638:	81 31       	cpi	r24, 0x11	; 17
    163a:	18 f0       	brcs	.+6      	; 0x1642 <main+0x81e>
    163c:	90 e2       	ldi	r25, 0x20	; 32
    163e:	98 1b       	sub	r25, r24
    1640:	89 2f       	mov	r24, r25
/Users/sukraaj.brench/bside/bsides-leeds-2026-badge/.build/firmware/firmware.ino:875
        cb = 8 + wave;
    1642:	78 e0       	ldi	r23, 0x08	; 8
    1644:	e7 2e       	mov	r14, r23
    1646:	e8 0e       	add	r14, r24
main():
/Users/sukraaj.brench/bside/bsides-leeds-2026-badge/.build/firmware/firmware.ino:801
    }

    // --- Render current emote (shared by idle and forced) ---
    setAllLeds(COLOR_OFF);
    uint16_t mask = 0;
    uint8_t cr = 0, cg = 0, cb = 0;
    1648:	69 2c       	mov	r6, r9
    164a:	79 2c       	mov	r7, r9
/Users/sukraaj.brench/bside/bsides-leeds-2026-badge/.build/firmware/firmware.ino:872
        cr = lc.red; cg = lc.green; cb = lc.blue;
      } else if (artie.emote == EMOTE_HAPPY) {
        mask = MASK_TOP;
        cr = ARTIE_HAPPY_COL.red; cg = ARTIE_HAPPY_COL.green; cb = ARTIE_HAPPY_COL.blue;
      } else if (artie.emote == EMOTE_SLEEPY) {
        mask = MASK_LOWER;
    164c:	e8 e7       	ldi	r30, 0x78	; 120
    164e:	ce 2e       	mov	r12, r30
    1650:	d1 2c       	mov	r13, r1
    1652:	c9 cf       	rjmp	.-110    	; 0x15e6 <main+0x7c2>
artieAliveMode():
/Users/sukraaj.brench/bside/bsides-leeds-2026-badge/.build/firmware/firmware.ino:876
        uint8_t wave = artie.subStep & 0x1F;
        if (wave > 16) wave = 32 - wave;
        cb = 8 + wave;
      } else if (artie.emote == EMOTE_SUSPICIOUS) {
    1654:	59 e0       	ldi	r21, 0x09	; 9
    1656:	85 12       	cpse	r8, r21
    1658:	0f c0       	rjmp	.+30     	; 0x1678 <main+0x854>
main():
/Users/sukraaj.brench/bside/bsides-leeds-2026-badge/.build/firmware/firmware.ino:878
        mask = ((artie.subStep >> 3) & 1) ? MASK_LOOK_R : MASK_LOOK_L;
        cr = ARTIE_SCAN_COL.red; cg = ARTIE_SCAN_COL.green; cb = ARTIE_SCAN_COL.blue;
    165a:	e9 2c       	mov	r14, r9
    165c:	5d e0       	ldi	r21, 0x0D	; 13
    165e:	65 2e       	mov	r6, r21
    1660:	6c e1       	ldi	r22, 0x1C	; 28
    1662:	76 2e       	mov	r7, r22
/Users/sukraaj.brench/bside/bsides-leeds-2026-badge/.build/firmware/firmware.ino:877
        mask = MASK_LOWER;
        uint8_t wave = artie.subStep & 0x1F;
        if (wave > 16) wave = 32 - wave;
        cb = 8 + wave;
      } else if (artie.emote == EMOTE_SUSPICIOUS) {
        mask = ((artie.subStep >> 3) & 1) ? MASK_LOOK_R : MASK_LOOK_L;
    1664:	4e e1       	ldi	r20, 0x1E	; 30
    1666:	c4 2e       	mov	r12, r20
    1668:	d1 2c       	mov	r13, r1
artieAliveMode():
    166a:	83 fd       	sbrc	r24, 3
    166c:	bc cf       	rjmp	.-136    	; 0x15e6 <main+0x7c2>
main():
    166e:	80 ee       	ldi	r24, 0xE0	; 224
    1670:	c8 2e       	mov	r12, r24
    1672:	dd 24       	eor	r13, r13
    1674:	d3 94       	inc	r13
    1676:	b7 cf       	rjmp	.-146    	; 0x15e6 <main+0x7c2>
artieAliveMode():
/Users/sukraaj.brench/bside/bsides-leeds-2026-badge/.build/firmware/firmware.ino:879
        cr = ARTIE_SCAN_COL.red; cg = ARTIE_SCAN_COL.green; cb = ARTIE_SCAN_COL.blue;
      } else if (artie.emote == EMOTE_WINK) {
    1678:	95 e0       	ldi	r25, 0x05	; 5
    167a:	89 12       	cpse	r8, r25
    167c:	d8 c2       	rjmp	.+1456   	; 0x1c2e <main+0xe0a>
/Users/sukraaj.brench/bside/bsides-leeds-2026-badge/.build/firmware/firmware.ino:881
        cr = ARTIE_WINK_COL.red; cg = ARTIE_WINK_COL.green; cb = ARTIE_WINK_COL.blue;
        uint8_t winkEye = artie.arg & 1;
    167e:	20 91 d5 3e 	lds	r18, 0x3ED5	; 0x803ed5 <artie+0x4>
    1682:	21 70       	andi	r18, 0x01	; 1
/Users/sukraaj.brench/bside/bsides-leeds-2026-badge/.build/firmware/firmware.ino:883
        uint8_t winkPhase;
        if (artieForced == 2) {
    1684:	90 91 d7 3e 	lds	r25, 0x3ED7	; 0x803ed7 <artieForced>
    1688:	92 30       	cpi	r25, 0x02	; 2
    168a:	d1 f4       	brne	.+52     	; 0x16c0 <main+0x89c>
/Users/sukraaj.brench/bside/bsides-leeds-2026-badge/.build/firmware/firmware.ino:885
          // Forced wink: 60-frame held cycle
          uint8_t cycle = artie.subStep % 60;
    168c:	6c e3       	ldi	r22, 0x3C	; 60
    168e:	fb d2       	rcall	.+1526   	; 0x1c86 <__udivmodqi4>
/Users/sukraaj.brench/bside/bsides-leeds-2026-badge/.build/firmware/firmware.ino:886
          winkPhase = (cycle >= 25 && cycle < 35) ? 1 : 0;
    1690:	99 51       	subi	r25, 0x19	; 25
    1692:	9a 30       	cpi	r25, 0x0A	; 10
    1694:	c0 f0       	brcs	.+48     	; 0x16c6 <main+0x8a2>
/Users/sukraaj.brench/bside/bsides-leeds-2026-badge/.build/firmware/firmware.ino:889
        } else {
          // Idle wink: single 24-frame play
          winkPhase = (artie.subStep >= 8 && artie.subStep < 16) ? 1 : 0;
    1696:	d1 2c       	mov	r13, r1
    1698:	c1 2c       	mov	r12, r1
/Users/sukraaj.brench/bside/bsides-leeds-2026-badge/.build/firmware/firmware.ino:900
            ledStrip.setPixelColor(i + openOfs, cr, cg, cb);
            if (MASK_LOWER & (1 << i)) ledStrip.setPixelColor(i + shutOfs, cr, cg, cb);
          }
        } else {
          for (uint8_t i = 0; i < 9; i++) {
            ledStrip.setPixelColor(i, cr, cg, cb);
    169a:	25 e1       	ldi	r18, 0x15	; 21
    169c:	4d e0       	ldi	r20, 0x0D	; 13
    169e:	6c e1       	ldi	r22, 0x1C	; 28
    16a0:	c6 01       	movw	r24, r12
    16a2:	fb d4       	rcall	.+2550   	; 0x209a <__TEXT_REGION_LENGTH__+0x9a>
/Users/sukraaj.brench/bside/bsides-leeds-2026-badge/.build/firmware/firmware.ino:901
            ledStrip.setPixelColor(i + 9, cr, cg, cb);
    16a4:	25 e1       	ldi	r18, 0x15	; 21
    16a6:	4d e0       	ldi	r20, 0x0D	; 13
    16a8:	6c e1       	ldi	r22, 0x1C	; 28
    16aa:	c6 01       	movw	r24, r12
    16ac:	09 96       	adiw	r24, 0x09	; 9
    16ae:	f5 d4       	rcall	.+2538   	; 0x209a <__TEXT_REGION_LENGTH__+0x9a>
    16b0:	ef ef       	ldi	r30, 0xFF	; 255
    16b2:	ce 1a       	sub	r12, r30
    16b4:	de 0a       	sbc	r13, r30
/Users/sukraaj.brench/bside/bsides-leeds-2026-badge/.build/firmware/firmware.ino:899
          for (uint8_t i = 0; i < 9; i++) {
            ledStrip.setPixelColor(i + openOfs, cr, cg, cb);
            if (MASK_LOWER & (1 << i)) ledStrip.setPixelColor(i + shutOfs, cr, cg, cb);
          }
        } else {
          for (uint8_t i = 0; i < 9; i++) {
    16b6:	f9 e0       	ldi	r31, 0x09	; 9
    16b8:	cf 16       	cp	r12, r31
    16ba:	d1 04       	cpc	r13, r1
    16bc:	71 f7       	brne	.-36     	; 0x169a <main+0x876>
    16be:	83 ce       	rjmp	.-762    	; 0x13c6 <main+0x5a2>
/Users/sukraaj.brench/bside/bsides-leeds-2026-badge/.build/firmware/firmware.ino:889
          // Forced wink: 60-frame held cycle
          uint8_t cycle = artie.subStep % 60;
          winkPhase = (cycle >= 25 && cycle < 35) ? 1 : 0;
        } else {
          // Idle wink: single 24-frame play
          winkPhase = (artie.subStep >= 8 && artie.subStep < 16) ? 1 : 0;
    16c0:	88 50       	subi	r24, 0x08	; 8
    16c2:	88 30       	cpi	r24, 0x08	; 8
    16c4:	40 f7       	brcc	.-48     	; 0x1696 <main+0x872>
main():
/Users/sukraaj.brench/bside/bsides-leeds-2026-badge/.build/firmware/firmware.ino:892
        }
        if (winkPhase) {
          uint8_t openOfs = winkEye ? 0 : 9;
    16c6:	89 e0       	ldi	r24, 0x09	; 9
artieAliveMode():
    16c8:	22 23       	and	r18, r18
    16ca:	11 f0       	breq	.+4      	; 0x16d0 <main+0x8ac>
main():
    16cc:	89 2d       	mov	r24, r9
/Users/sukraaj.brench/bside/bsides-leeds-2026-badge/.build/firmware/firmware.ino:893
          uint8_t shutOfs = winkEye ? 9 : 0;
    16ce:	29 e0       	ldi	r18, 0x09	; 9
    16d0:	b1 2c       	mov	r11, r1
    16d2:	a1 2c       	mov	r10, r1
artieAliveMode():
/Users/sukraaj.brench/bside/bsides-leeds-2026-badge/.build/firmware/firmware.ino:895
          for (uint8_t i = 0; i < 9; i++) {
            ledStrip.setPixelColor(i + openOfs, cr, cg, cb);
    16d4:	e8 2e       	mov	r14, r24
    16d6:	f1 2c       	mov	r15, r1
/Users/sukraaj.brench/bside/bsides-leeds-2026-badge/.build/firmware/firmware.ino:896
            if (MASK_LOWER & (1 << i)) ledStrip.setPixelColor(i + shutOfs, cr, cg, cb);
    16d8:	66 24       	eor	r6, r6
    16da:	63 94       	inc	r6
    16dc:	71 2c       	mov	r7, r1
    16de:	c2 2e       	mov	r12, r18
    16e0:	d1 2c       	mov	r13, r1
/Users/sukraaj.brench/bside/bsides-leeds-2026-badge/.build/firmware/firmware.ino:895
        }
        if (winkPhase) {
          uint8_t openOfs = winkEye ? 0 : 9;
          uint8_t shutOfs = winkEye ? 9 : 0;
          for (uint8_t i = 0; i < 9; i++) {
            ledStrip.setPixelColor(i + openOfs, cr, cg, cb);
    16e2:	25 e1       	ldi	r18, 0x15	; 21
    16e4:	4d e0       	ldi	r20, 0x0D	; 13
    16e6:	6c e1       	ldi	r22, 0x1C	; 28
    16e8:	c7 01       	movw	r24, r14
    16ea:	8a 0d       	add	r24, r10
    16ec:	9b 1d       	adc	r25, r11
    16ee:	d5 d4       	rcall	.+2474   	; 0x209a <__TEXT_REGION_LENGTH__+0x9a>
/Users/sukraaj.brench/bside/bsides-leeds-2026-badge/.build/firmware/firmware.ino:896
            if (MASK_LOWER & (1 << i)) ledStrip.setPixelColor(i + shutOfs, cr, cg, cb);
    16f0:	c3 01       	movw	r24, r6
    16f2:	0a 2c       	mov	r0, r10
    16f4:	02 c0       	rjmp	.+4      	; 0x16fa <main+0x8d6>
    16f6:	88 0f       	add	r24, r24
    16f8:	99 1f       	adc	r25, r25
    16fa:	0a 94       	dec	r0
    16fc:	e2 f7       	brpl	.-8      	; 0x16f6 <main+0x8d2>
    16fe:	88 77       	andi	r24, 0x78	; 120
    1700:	99 27       	eor	r25, r25
    1702:	89 2b       	or	r24, r25
    1704:	39 f0       	breq	.+14     	; 0x1714 <main+0x8f0>
    1706:	25 e1       	ldi	r18, 0x15	; 21
    1708:	4d e0       	ldi	r20, 0x0D	; 13
    170a:	6c e1       	ldi	r22, 0x1C	; 28
    170c:	c6 01       	movw	r24, r12
    170e:	8a 0d       	add	r24, r10
    1710:	9b 1d       	adc	r25, r11
    1712:	c3 d4       	rcall	.+2438   	; 0x209a <__TEXT_REGION_LENGTH__+0x9a>
    1714:	af ef       	ldi	r26, 0xFF	; 255
    1716:	aa 1a       	sub	r10, r26
    1718:	ba 0a       	sbc	r11, r26
/Users/sukraaj.brench/bside/bsides-leeds-2026-badge/.build/firmware/firmware.ino:894
          winkPhase = (artie.subStep >= 8 && artie.subStep < 16) ? 1 : 0;
        }
        if (winkPhase) {
          uint8_t openOfs = winkEye ? 0 : 9;
          uint8_t shutOfs = winkEye ? 9 : 0;
          for (uint8_t i = 0; i < 9; i++) {
    171a:	b9 e0       	ldi	r27, 0x09	; 9
    171c:	ab 16       	cp	r10, r27
    171e:	b1 04       	cpc	r11, r1
    1720:	01 f7       	brne	.-64     	; 0x16e2 <main+0x8be>
    1722:	51 ce       	rjmp	.-862    	; 0x13c6 <main+0x5a2>
/Users/sukraaj.brench/bside/bsides-leeds-2026-badge/.build/firmware/firmware.ino:919

    // --- Step advancement ---
    artie.subStep++;
    if (artieForced != 0) {
      if (artie.subStep >= 240) artie.subStep = 0;
    } else if (artie.subStep >= artie.duration) {
    1724:	90 91 d4 3e 	lds	r25, 0x3ED4	; 0x803ed4 <artie+0x3>
    1728:	89 17       	cp	r24, r25
    172a:	08 f4       	brcc	.+2      	; 0x172e <main+0x90a>
    172c:	b3 cc       	rjmp	.-1690   	; 0x1094 <main+0x270>
/Users/sukraaj.brench/bside/bsides-leeds-2026-badge/.build/firmware/firmware.ino:920
      if (artie.emote != EMOTE_CALM) {
    172e:	88 20       	and	r8, r8
    1730:	51 f0       	breq	.+20     	; 0x1746 <main+0x922>
/Users/sukraaj.brench/bside/bsides-leeds-2026-badge/.build/firmware/firmware.ino:921
        artie.emote = EMOTE_CALM;
    1732:	10 92 d2 3e 	sts	0x3ED2, r1	; 0x803ed2 <artie+0x1>
/Users/sukraaj.brench/bside/bsides-leeds-2026-badge/.build/firmware/firmware.ino:922
        artie.subStep = 0;
    1736:	10 92 d3 3e 	sts	0x3ED3, r1	; 0x803ed3 <artie+0x2>
/Users/sukraaj.brench/bside/bsides-leeds-2026-badge/.build/firmware/firmware.ino:923
        artie.duration = 25 + (nextRandomByte() & 0x2F);
    173a:	72 d8       	rcall	.-3868   	; 0x820 <nextRandomByte()>
    173c:	8f 72       	andi	r24, 0x2F	; 47
    173e:	87 5e       	subi	r24, 0xE7	; 231
    1740:	80 93 d4 3e 	sts	0x3ED4, r24	; 0x803ed4 <artie+0x3>
    1744:	a7 cc       	rjmp	.-1714   	; 0x1094 <main+0x270>
/Users/sukraaj.brench/bside/bsides-leeds-2026-badge/.build/firmware/firmware.ino:925
      } else {
        artie.duration = 0;
    1746:	10 92 d4 3e 	sts	0x3ED4, r1	; 0x803ed4 <artie+0x3>
    174a:	a4 cc       	rjmp	.-1720   	; 0x1094 <main+0x270>
breath():
/Users/sukraaj.brench/bside/bsides-leeds-2026-badge/.build/firmware/firmware.ino:936
  return 80;
}

uint8_t breath(uint16_t step, uint8_t r, uint8_t g, uint8_t b )
{
  step = step % 60;
    174c:	2c e3       	ldi	r18, 0x3C	; 60
    174e:	30 e0       	ldi	r19, 0x00	; 0
    1750:	c8 01       	movw	r24, r16
    1752:	b9 01       	movw	r22, r18
    1754:	a4 d2       	rcall	.+1352   	; 0x1c9e <__udivmodhi4>
    1756:	7c 01       	movw	r14, r24
/Users/sukraaj.brench/bside/bsides-leeds-2026-badge/.build/firmware/firmware.ino:937
  if (step > 30)
    1758:	4f 97       	sbiw	r24, 0x1f	; 31
    175a:	20 f0       	brcs	.+8      	; 0x1764 <main+0x940>
/Users/sukraaj.brench/bside/bsides-leeds-2026-badge/.build/firmware/firmware.ino:939
  {
    step = 60 - step;
    175c:	c9 01       	movw	r24, r18
    175e:	8e 19       	sub	r24, r14
    1760:	9f 09       	sbc	r25, r15
    1762:	7c 01       	movw	r14, r24
/Users/sukraaj.brench/bside/bsides-leeds-2026-badge/.build/firmware/firmware.ino:941
  }
  setAllLeds(r * step, g * step, b * step, true);
    1764:	21 e0       	ldi	r18, 0x01	; 1
    1766:	40 e0       	ldi	r20, 0x00	; 0
    1768:	60 e0       	ldi	r22, 0x00	; 0
    176a:	8e 2d       	mov	r24, r14
    176c:	a2 d7       	rcall	.+3908   	; 0x26b2 <__TEXT_REGION_LENGTH__+0x6b2>
main():
/Users/sukraaj.brench/bside/bsides-leeds-2026-badge/.build/firmware/firmware.ino:944
  if (step == 0 )
  {
    return 200;
    176e:	88 ec       	ldi	r24, 0xC8	; 200
breath():
/Users/sukraaj.brench/bside/bsides-leeds-2026-badge/.build/firmware/firmware.ino:942
  if (step > 30)
  {
    step = 60 - step;
  }
  setAllLeds(r * step, g * step, b * step, true);
  if (step == 0 )
    1770:	ef 28       	or	r14, r15
    1772:	09 f0       	breq	.+2      	; 0x1776 <main+0x952>
main():
/Users/sukraaj.brench/bside/bsides-leeds-2026-badge/.build/firmware/firmware.ino:946
  {
    return 200;
  }
  return 30;
    1774:	8e e1       	ldi	r24, 0x1E	; 30
runAnimationMode():
/Users/sukraaj.brench/bside/bsides-leeds-2026-badge/.build/firmware/firmware.ino:958
{
  switch (mode) {
    case 0:
      return artieAliveMode(step);
    case 1:
      return breath(step, 1, 0 , 0);
    1776:	a8 2e       	mov	r10, r24
    1778:	b1 2c       	mov	r11, r1
    177a:	90 cc       	rjmp	.-1760   	; 0x109c <main+0x278>
loopingEyes():
/Users/sukraaj.brench/bside/bsides-leeds-2026-badge/.build/firmware/firmware.ino:302
  return elapsedMs;
}

uint8_t loopingEyes(uint16_t step, uint8_t red, uint8_t green, uint8_t blue)
{
  setAllLeds(COLOR_OFF);
    177c:	60 91 49 9d 	lds	r22, 0x9D49	; 0x809d49 <__bss_end+0x5e51>
    1780:	70 91 4a 9d 	lds	r23, 0x9D4A	; 0x809d4a <__bss_end+0x5e52>
    1784:	80 91 4b 9d 	lds	r24, 0x9D4B	; 0x809d4b <__bss_end+0x5e53>
    1788:	40 e0       	ldi	r20, 0x00	; 0
    178a:	b8 d7       	rcall	.+3952   	; 0x26fc <__TEXT_REGION_LENGTH__+0x6fc>
/Users/sukraaj.brench/bside/bsides-leeds-2026-badge/.build/firmware/firmware.ino:304

  const uint8_t ledIndex = step % 9;
    178c:	c8 01       	movw	r24, r16
    178e:	69 e0       	ldi	r22, 0x09	; 9
    1790:	70 e0       	ldi	r23, 0x00	; 0
    1792:	85 d2       	rcall	.+1290   	; 0x1c9e <__udivmodhi4>
    1794:	7c 01       	movw	r14, r24
/Users/sukraaj.brench/bside/bsides-leeds-2026-badge/.build/firmware/firmware.ino:305
  ledStrip.setPixelColor(ledIndex, red, green, blue);
    1796:	2a e0       	ldi	r18, 0x0A	; 10
    1798:	40 e0       	ldi	r20, 0x00	; 0
    179a:	60 e0       	ldi	r22, 0x00	; 0
    179c:	7e d4       	rcall	.+2300   	; 0x209a <__TEXT_REGION_LENGTH__+0x9a>
/Users/sukraaj.brench/bside/bsides-leeds-2026-badge/.build/firmware/firmware.ino:306
  ledStrip.setPixelColor(17 - ledIndex, red, green, blue);
    179e:	2a e0       	ldi	r18, 0x0A	; 10
    17a0:	40 e0       	ldi	r20, 0x00	; 0
    17a2:	60 e0       	ldi	r22, 0x00	; 0
    17a4:	81 e1       	ldi	r24, 0x11	; 17
    17a6:	90 e0       	ldi	r25, 0x00	; 0
    17a8:	8e 19       	sub	r24, r14
    17aa:	9f 09       	sbc	r25, r15
    17ac:	76 d4       	rcall	.+2284   	; 0x209a <__TEXT_REGION_LENGTH__+0x9a>
/Users/sukraaj.brench/bside/bsides-leeds-2026-badge/.build/firmware/firmware.ino:307
  ledStrip.show();
    17ae:	31 d5       	rcall	.+2658   	; 0x2212 <__TEXT_REGION_LENGTH__+0x212>
main():
/Users/sukraaj.brench/bside/bsides-leeds-2026-badge/.build/firmware/firmware.ino:960
    case 0:
      return artieAliveMode(step);
    case 1:
      return breath(step, 1, 0 , 0);
    case 2:
      return loopingEyes(step, 0, 0, 10);
    17b0:	84 e6       	ldi	r24, 0x64	; 100
    17b2:	a8 2e       	mov	r10, r24
    17b4:	b1 2c       	mov	r11, r1
    17b6:	72 cc       	rjmp	.-1820   	; 0x109c <main+0x278>
loop():
/Users/sukraaj.brench/bside/bsides-leeds-2026-badge/.build/firmware/firmware.ino:1074
      showTouchedPads();
      delay(TOUCH_POLL_MS);
      intervalMs -= TOUCH_POLL_MS;

      const uint16_t buttonLowTime = measureWakeButtonLowTime(MAX_BUTTON_HOLD_MS);
      if (buttonLowTime > SHORT_PRESS_THRESHOLD_MS) {
    17b8:	09 3c       	cpi	r16, 0xC9	; 201
    17ba:	11 05       	cpc	r17, r1
    17bc:	08 f4       	brcc	.+2      	; 0x17c0 <main+0x99c>
    17be:	bd c0       	rjmp	.+378    	; 0x193a <main+0xb16>
handleWakeButtonPress():
/Users/sukraaj.brench/bside/bsides-leeds-2026-badge/.build/firmware/firmware.ino:973
  uint8_t &animationMode,
  uint16_t &animationStep,
  uint32_t &totalIntervalMs
)
{
  if (heldMs > LONG_PRESS_THRESHOLD_MS) {
    17c0:	01 3b       	cpi	r16, 0xB1	; 177
    17c2:	14 40       	sbci	r17, 0x04	; 4
    17c4:	08 f0       	brcs	.+2      	; 0x17c8 <main+0x9a4>
    17c6:	e2 c0       	rjmp	.+452    	; 0x198c <main+0xb68>
/Users/sukraaj.brench/bside/bsides-leeds-2026-badge/.build/firmware/firmware.ino:983
      miniSleep();
    }

    enterSleep();
  } else {
    const uint8_t pressedMask = getPressedTouchMask();
    17c8:	c1 d7       	rcall	.+3970   	; 0x274c <__TEXT_REGION_LENGTH__+0x74c>
    17ca:	18 2f       	mov	r17, r24
waitForAllTouchPadsReleased():
/Users/sukraaj.brench/bside/bsides-leeds-2026-badge/.build/firmware/firmware.ino:386
  return getPressedTouchMask() != 0;
}

void waitForAllTouchPadsReleased()
{
  while (getPressedTouchMask() != 0) {
    17cc:	bf d7       	rcall	.+3966   	; 0x274c <__TEXT_REGION_LENGTH__+0x74c>
    17ce:	88 23       	and	r24, r24
    17d0:	01 f1       	breq	.+64     	; 0x1812 <main+0x9ee>
_delay_ms():
/Users/sukraaj.brench/Library/Arduino15/packages/DxCore/tools/avr-gcc/7.3.0-atmel3.6.1-azduino7b1/avr/include/util/delay.h:187
	#else
		//round up by default
		__ticks_dc = (uint32_t)(ceil(fabs(__tmp)));
	#endif

	__builtin_avr_delay_cycles(__ticks_dc);
    17d2:	af e4       	ldi	r26, 0x4F	; 79
    17d4:	b3 ec       	ldi	r27, 0xC3	; 195
    17d6:	11 97       	sbiw	r26, 0x01	; 1
    17d8:	f1 f7       	brne	.-4      	; 0x17d6 <main+0x9b2>
    17da:	00 c0       	rjmp	.+0      	; 0x17dc <main+0x9b8>
    17dc:	00 00       	nop
    17de:	f6 cf       	rjmp	.-20     	; 0x17cc <main+0x9a8>
waitForWakeButtonReleased():
/Users/sukraaj.brench/bside/bsides-leeds-2026-badge/.build/firmware/firmware.ino:393
  }
}

void waitForWakeButtonReleased()
{
  while (digitalRead(WAKE_BUTTON_PIN) == LOW) {
    17e0:	93 e0       	ldi	r25, 0x03	; 3
miniSleep():
/Users/sukraaj.brench/bside/bsides-leeds-2026-badge/.build/firmware/firmware.ino:197
  rebootOnButtonPress = false;
}

void miniSleep(uint8_t period = RTC_PERIOD_CYC16_gc)
{
  RTC.PITINTCTRL = RTC_PI_bm;
    17e2:	41 e0       	ldi	r20, 0x01	; 1
/Users/sukraaj.brench/bside/bsides-leeds-2026-badge/.build/firmware/firmware.ino:198
  RTC.PITCTRLA = period | RTC_PITEN_bm;
    17e4:	39 e1       	ldi	r19, 0x19	; 25
/Users/sukraaj.brench/bside/bsides-leeds-2026-badge/.build/firmware/firmware.ino:204

  set_sleep_mode(SLEEP_MODE_PWR_DOWN);
  sleep_enable();
  sleep_cpu();

  RTC.PITINTCTRL = ~(RTC_PI_bm);
    17e6:	2e ef       	ldi	r18, 0xFE	; 254
/Users/sukraaj.brench/bside/bsides-leeds-2026-badge/.build/firmware/firmware.ino:197
  rebootOnButtonPress = false;
}

void miniSleep(uint8_t period = RTC_PERIOD_CYC16_gc)
{
  RTC.PITINTCTRL = RTC_PI_bm;
    17e8:	40 93 52 01 	sts	0x0152, r20	; 0x800152 <digital_pin_to_bit_mask+0x7f63eb>
/Users/sukraaj.brench/bside/bsides-leeds-2026-badge/.build/firmware/firmware.ino:198
  RTC.PITCTRLA = period | RTC_PITEN_bm;
    17ec:	30 93 50 01 	sts	0x0150, r19	; 0x800150 <digital_pin_to_bit_mask+0x7f63e9>
/Users/sukraaj.brench/bside/bsides-leeds-2026-badge/.build/firmware/firmware.ino:200

  set_sleep_mode(SLEEP_MODE_PWR_DOWN);
    17f0:	80 91 50 00 	lds	r24, 0x0050	; 0x800050 <digital_pin_to_bit_mask+0x7f62e9>
    17f4:	89 7f       	andi	r24, 0xF9	; 249
    17f6:	84 60       	ori	r24, 0x04	; 4
    17f8:	80 93 50 00 	sts	0x0050, r24	; 0x800050 <digital_pin_to_bit_mask+0x7f62e9>
/Users/sukraaj.brench/bside/bsides-leeds-2026-badge/.build/firmware/firmware.ino:201
  sleep_enable();
    17fc:	80 91 50 00 	lds	r24, 0x0050	; 0x800050 <digital_pin_to_bit_mask+0x7f62e9>
    1800:	81 60       	ori	r24, 0x01	; 1
    1802:	80 93 50 00 	sts	0x0050, r24	; 0x800050 <digital_pin_to_bit_mask+0x7f62e9>
/Users/sukraaj.brench/bside/bsides-leeds-2026-badge/.build/firmware/firmware.ino:202
  sleep_cpu();
    1806:	88 95       	sleep
/Users/sukraaj.brench/bside/bsides-leeds-2026-badge/.build/firmware/firmware.ino:204

  RTC.PITINTCTRL = ~(RTC_PI_bm);
    1808:	20 93 52 01 	sts	0x0152, r18	; 0x800152 <digital_pin_to_bit_mask+0x7f63eb>
    180c:	91 50       	subi	r25, 0x01	; 1
handleWakeButtonPress():
/Users/sukraaj.brench/bside/bsides-leeds-2026-badge/.build/firmware/firmware.ino:977
{
  if (heldMs > LONG_PRESS_THRESHOLD_MS) {
    setAllLeds(COLOR_RED, true);
    waitForWakeButtonReleased();

    for (uint8_t cycle = 0; cycle < SLEEP_DEBOUNCE_CYCLES; ++cycle) {
    180e:	61 f7       	brne	.-40     	; 0x17e8 <main+0x9c4>
/Users/sukraaj.brench/bside/bsides-leeds-2026-badge/.build/firmware/firmware.ino:981
      miniSleep();
    }

    enterSleep();
    1810:	da d8       	rcall	.-3660   	; 0x9c6 <enterSleep()>
/Users/sukraaj.brench/bside/bsides-leeds-2026-badge/.build/firmware/firmware.ino:986
  } else {
    const uint8_t pressedMask = getPressedTouchMask();
    waitForAllTouchPadsReleased();

    if (pressedMask != 0) {
    1812:	11 23       	and	r17, r17
    1814:	09 f4       	brne	.+2      	; 0x1818 <main+0x9f4>
    1816:	76 c0       	rjmp	.+236    	; 0x1904 <main+0xae0>
millis():
/Users/sukraaj.brench/Library/Arduino15/packages/megaTinyCore/hardware/megaavr/2.6.11/cores/megatinycore/wiring.c:167
  unsigned long millis() {
    // return timer_overflow_count; // for debugging timekeeping issues where these variables are out of scope from the sketch
    unsigned long m;
    // disable interrupts while we read timer_millis or we might get an
    // inconsistent value (e.g. in the middle of a write to timer_millis)
    uint8_t oldSREG = SREG;
    1818:	8f b7       	in	r24, 0x3f	; 63
/Users/sukraaj.brench/Library/Arduino15/packages/megaTinyCore/hardware/megaavr/2.6.11/cores/megatinycore/wiring.c:168
    cli();
    181a:	f8 94       	cli
/Users/sukraaj.brench/Library/Arduino15/packages/megaTinyCore/hardware/megaavr/2.6.11/cores/megatinycore/wiring.c:182
        if (!(rtccount & 0x8000)) m += 64000;
      }
      SREG = oldSREG;
      m += rtccount - (rtccount >> 5) + (rtccount >> 7);
    #else
      m = timingStruct.timer_millis;
    181c:	40 91 dd 3e 	lds	r20, 0x3EDD	; 0x803edd <timingStruct+0x4>
    1820:	50 91 de 3e 	lds	r21, 0x3EDE	; 0x803ede <timingStruct+0x5>
    1824:	60 91 df 3e 	lds	r22, 0x3EDF	; 0x803edf <timingStruct+0x6>
    1828:	70 91 e0 3e 	lds	r23, 0x3EE0	; 0x803ee0 <timingStruct+0x7>
/Users/sukraaj.brench/Library/Arduino15/packages/megaTinyCore/hardware/megaavr/2.6.11/cores/megatinycore/wiring.c:183
      SREG = oldSREG;
    182c:	8f bf       	out	0x3f, r24	; 63
seedGameRandom():
/Users/sukraaj.brench/bside/bsides-leeds-2026-badge/.build/firmware/firmware.ino:71

uint16_t randomState = 0xACE1u;

void seedGameRandom()
{
  randomState ^= (uint16_t)millis();
    182e:	80 91 00 3e 	lds	r24, 0x3E00	; 0x803e00 <__DATA_REGION_ORIGIN__>
    1832:	90 91 01 3e 	lds	r25, 0x3E01	; 0x803e01 <__DATA_REGION_ORIGIN__+0x1>
    1836:	9c 01       	movw	r18, r24
    1838:	24 27       	eor	r18, r20
    183a:	35 27       	eor	r19, r21
    183c:	20 93 00 3e 	sts	0x3E00, r18	; 0x803e00 <__DATA_REGION_ORIGIN__>
    1840:	30 93 01 3e 	sts	0x3E01, r19	; 0x803e01 <__DATA_REGION_ORIGIN__+0x1>
/Users/sukraaj.brench/bside/bsides-leeds-2026-badge/.build/firmware/firmware.ino:72
  if (randomState == 0) {
    1844:	84 17       	cp	r24, r20
    1846:	95 07       	cpc	r25, r21
    1848:	31 f4       	brne	.+12     	; 0x1856 <main+0xa32>
/Users/sukraaj.brench/bside/bsides-leeds-2026-badge/.build/firmware/firmware.ino:73
    randomState = 0xACE1u;
    184a:	81 ee       	ldi	r24, 0xE1	; 225
    184c:	9c ea       	ldi	r25, 0xAC	; 172
    184e:	80 93 00 3e 	sts	0x3E00, r24	; 0x803e00 <__DATA_REGION_ORIGIN__>
    1852:	90 93 01 3e 	sts	0x3E01, r25	; 0x803e01 <__DATA_REGION_ORIGIN__+0x1>
handleWakeButtonPress():
/Users/sukraaj.brench/bside/bsides-leeds-2026-badge/.build/firmware/firmware.ino:990

    if (pressedMask != 0) {
      seedGameRandom();
    }

    switch (pressedMask) {
    1856:	12 30       	cpi	r17, 0x02	; 2
    1858:	09 f4       	brne	.+2      	; 0x185c <main+0xa38>
    185a:	da c0       	rjmp	.+436    	; 0x1a10 <main+0xbec>
    185c:	14 30       	cpi	r17, 0x04	; 4
    185e:	09 f4       	brne	.+2      	; 0x1862 <main+0xa3e>
    1860:	58 c1       	rjmp	.+688    	; 0x1b12 <main+0xcee>
    1862:	11 30       	cpi	r17, 0x01	; 1
    1864:	09 f0       	breq	.+2      	; 0x1868 <main+0xa44>
    1866:	66 c0       	rjmp	.+204    	; 0x1934 <main+0xb10>
/Users/sukraaj.brench/bside/bsides-leeds-2026-badge/.build/firmware/firmware.ino:1006
          ++animationMode;
          gAnimMode = animationMode;
        }
        break;
      case LEFT_BLUE_MASK:
        artieForced = 0; artieTouchLatch = 0;
    1868:	10 92 d7 3e 	sts	0x3ED7, r1	; 0x803ed7 <artieForced>
    186c:	10 92 d6 3e 	sts	0x3ED6, r1	; 0x803ed6 <artieTouchLatch>
enableRebootOnButton():
/Users/sukraaj.brench/bside/bsides-leeds-2026-badge/.build/firmware/firmware.ino:185
  RTC.CLKSEL = RTC_CLKSEL_INT1K_gc;
}

void enableRebootOnButton()
{
  PORTA.PIN3CTRL = PORT_PULLUPEN_bm | PORT_ISC_LEVEL_gc;
    1870:	8d e0       	ldi	r24, 0x0D	; 13
    1872:	80 93 13 04 	sts	0x0413, r24	; 0x800413 <digital_pin_to_bit_mask+0x7f66ac>
/Users/sukraaj.brench/bside/bsides-leeds-2026-badge/.build/firmware/firmware.ino:186
  rebootOnButtonPress = true;
    1876:	10 93 cf 3e 	sts	0x3ECF, r17	; 0x803ecf <rebootOnButtonPress>
main():
/Users/sukraaj.brench/bside/bsides-leeds-2026-badge/.build/firmware/firmware.ino:446
}

bool playStopTheLight()
{
  enableRebootOnButton();
  for (uint8_t intervalMs = 200; intervalMs > 50; intervalMs -= 20) {
    187a:	b8 ec       	ldi	r27, 0xC8	; 200
    187c:	bb 87       	std	Y+11, r27	; 0x0b
randomEight():
/Users/sukraaj.brench/bside/bsides-leeds-2026-badge/.build/firmware/firmware.ino:101
  return value;
}

uint8_t randomEight()
{
  return nextRandomByte() & 0x07;
    187e:	d0 d7       	rcall	.+4000   	; 0x2820 <__TEXT_REGION_LENGTH__+0x820>
    1880:	87 70       	andi	r24, 0x07	; 7
    1882:	d8 2e       	mov	r13, r24
    1884:	48 2e       	mov	r4, r24
    1886:	51 2c       	mov	r5, r1
setRightEyeLed():
/Users/sukraaj.brench/bside/bsides-leeds-2026-badge/.build/firmware/firmware.ino:326
  setLeftEye(red, green, blue, 9);
}

void setRightEyeLed(uint8_t ledIndex, uint8_t red, uint8_t green, uint8_t blue)
{
  ledStrip.setPixelColor(ledIndex == 0 ? 17 : ledIndex + 8, red, green, blue);
    1888:	12 01       	movw	r2, r4
    188a:	e8 e0       	ldi	r30, 0x08	; 8
    188c:	2e 0e       	add	r2, r30
    188e:	31 1c       	adc	r3, r1
    1890:	81 11       	cpse	r24, r1
    1892:	03 c0       	rjmp	.+6      	; 0x189a <main+0xa76>
    1894:	11 e1       	ldi	r17, 0x11	; 17
    1896:	21 2e       	mov	r2, r17
    1898:	31 2c       	mov	r3, r1
    189a:	b7 e0       	ldi	r27, 0x07	; 7
    189c:	cb 2e       	mov	r12, r27
    189e:	10 e0       	ldi	r17, 0x00	; 0
    18a0:	00 e0       	ldi	r16, 0x00	; 0
    18a2:	0d 87       	std	Y+13, r16	; 0x0d
playStopTheLightLevel():
/Users/sukraaj.brench/bside/bsides-leeds-2026-badge/.build/firmware/firmware.ino:420
{
  const uint8_t targetLed = randomEight();

  for (uint8_t round = 0; round < 7; ++round) {
    for (uint8_t ledIndex = 0; ledIndex < 9; ++ledIndex) {
      setAllLeds(COLOR_OFF);
    18a4:	40 e0       	ldi	r20, 0x00	; 0
    18a6:	88 2d       	mov	r24, r8
    18a8:	b3 01       	movw	r22, r6
    18aa:	28 d7       	rcall	.+3664   	; 0x26fc <__TEXT_REGION_LENGTH__+0x6fc>
/Users/sukraaj.brench/bside/bsides-leeds-2026-badge/.build/firmware/firmware.ino:421
      ledStrip.setPixelColor(targetLed, 0, 30, 0);
    18ac:	20 e0       	ldi	r18, 0x00	; 0
    18ae:	4e e1       	ldi	r20, 0x1E	; 30
    18b0:	60 e0       	ldi	r22, 0x00	; 0
    18b2:	c2 01       	movw	r24, r4
    18b4:	f2 d3       	rcall	.+2020   	; 0x209a <__TEXT_REGION_LENGTH__+0x9a>
setRightEyeLed():
/Users/sukraaj.brench/bside/bsides-leeds-2026-badge/.build/firmware/firmware.ino:326
  setLeftEye(red, green, blue, 9);
}

void setRightEyeLed(uint8_t ledIndex, uint8_t red, uint8_t green, uint8_t blue)
{
  ledStrip.setPixelColor(ledIndex == 0 ? 17 : ledIndex + 8, red, green, blue);
    18b6:	20 e0       	ldi	r18, 0x00	; 0
    18b8:	4e e1       	ldi	r20, 0x1E	; 30
    18ba:	60 e0       	ldi	r22, 0x00	; 0
    18bc:	c1 01       	movw	r24, r2
    18be:	ed d3       	rcall	.+2010   	; 0x209a <__TEXT_REGION_LENGTH__+0x9a>
playStopTheLightLevel():
/Users/sukraaj.brench/bside/bsides-leeds-2026-badge/.build/firmware/firmware.ino:423
  for (uint8_t round = 0; round < 7; ++round) {
    for (uint8_t ledIndex = 0; ledIndex < 9; ++ledIndex) {
      setAllLeds(COLOR_OFF);
      ledStrip.setPixelColor(targetLed, 0, 30, 0);
      setRightEyeLed(targetLed, 0, 30, 0);
      ledStrip.setPixelColor(ledIndex, 30, 0, 0);
    18c0:	20 e0       	ldi	r18, 0x00	; 0
    18c2:	40 e0       	ldi	r20, 0x00	; 0
    18c4:	6e e1       	ldi	r22, 0x1E	; 30
    18c6:	c8 01       	movw	r24, r16
    18c8:	e8 d3       	rcall	.+2000   	; 0x209a <__TEXT_REGION_LENGTH__+0x9a>
setRightEyeLed():
/Users/sukraaj.brench/bside/bsides-leeds-2026-badge/.build/firmware/firmware.ino:326
  setLeftEye(red, green, blue, 9);
}

void setRightEyeLed(uint8_t ledIndex, uint8_t red, uint8_t green, uint8_t blue)
{
  ledStrip.setPixelColor(ledIndex == 0 ? 17 : ledIndex + 8, red, green, blue);
    18ca:	fd 85       	ldd	r31, Y+13	; 0x0d
    18cc:	c8 01       	movw	r24, r16
    18ce:	08 96       	adiw	r24, 0x08	; 8
    18d0:	f1 11       	cpse	r31, r1
    18d2:	02 c0       	rjmp	.+4      	; 0x18d8 <main+0xab4>
main():
    18d4:	81 e1       	ldi	r24, 0x11	; 17
    18d6:	90 e0       	ldi	r25, 0x00	; 0
setRightEyeLed():
    18d8:	20 e0       	ldi	r18, 0x00	; 0
    18da:	40 e0       	ldi	r20, 0x00	; 0
    18dc:	6e e1       	ldi	r22, 0x1E	; 30
    18de:	dd d3       	rcall	.+1978   	; 0x209a <__TEXT_REGION_LENGTH__+0x9a>
playStopTheLightLevel():
/Users/sukraaj.brench/bside/bsides-leeds-2026-badge/.build/firmware/firmware.ino:425
      setAllLeds(COLOR_OFF);
      ledStrip.setPixelColor(targetLed, 0, 30, 0);
      setRightEyeLed(targetLed, 0, 30, 0);
      ledStrip.setPixelColor(ledIndex, 30, 0, 0);
      setRightEyeLed(ledIndex, 30, 0, 0);
      ledStrip.show();
    18e0:	98 d4       	rcall	.+2352   	; 0x2212 <__TEXT_REGION_LENGTH__+0x212>
main():
/Users/sukraaj.brench/bside/bsides-leeds-2026-badge/.build/firmware/firmware.ino:427

      uint8_t elapsedMs = 0;
    18e2:	1c 86       	std	Y+12, r1	; 0x0c
playStopTheLightLevel():
/Users/sukraaj.brench/bside/bsides-leeds-2026-badge/.build/firmware/firmware.ino:429
      while (elapsedMs < iterationIntervalMs) {
        elapsedMs += 5;
    18e4:	2c 85       	ldd	r18, Y+12	; 0x0c
    18e6:	2b 5f       	subi	r18, 0xFB	; 251
    18e8:	2c 87       	std	Y+12, r18	; 0x0c
isAnyPadPressed():
/Users/sukraaj.brench/bside/bsides-leeds-2026-badge/.build/firmware/firmware.ino:381
  }
}

bool isAnyPadPressed()
{
  return getPressedTouchMask() != 0;
    18ea:	30 d7       	rcall	.+3680   	; 0x274c <__TEXT_REGION_LENGTH__+0x74c>
playStopTheLightLevel():
/Users/sukraaj.brench/bside/bsides-leeds-2026-badge/.build/firmware/firmware.ino:431

      uint8_t elapsedMs = 0;
      while (elapsedMs < iterationIntervalMs) {
        elapsedMs += 5;

        if (isAnyPadPressed()) {
    18ec:	88 23       	and	r24, r24
    18ee:	09 f4       	brne	.+2      	; 0x18f2 <main+0xace>
    18f0:	63 c0       	rjmp	.+198    	; 0x19b8 <main+0xb94>
playStopTheLight():
/Users/sukraaj.brench/bside/bsides-leeds-2026-badge/.build/firmware/firmware.ino:447

bool playStopTheLight()
{
  enableRebootOnButton();
  for (uint8_t intervalMs = 200; intervalMs > 50; intervalMs -= 20) {
    if (!playStopTheLightLevel(intervalMs)) {
    18f2:	4d 85       	ldd	r20, Y+13	; 0x0d
    18f4:	d4 16       	cp	r13, r20
    18f6:	09 f4       	brne	.+2      	; 0x18fa <main+0xad6>
    18f8:	74 c0       	rjmp	.+232    	; 0x19e2 <main+0xbbe>
showFailure():
/Users/sukraaj.brench/bside/bsides-leeds-2026-badge/.build/firmware/firmware.ino:367
  delay(50);
}

void showFailure()
{
  flashNotification(COLOR_RED);
    18fa:	6a 8d       	ldd	r22, Y+26	; 0x1a
    18fc:	7b 8d       	ldd	r23, Y+27	; 0x1b
    18fe:	8c 8d       	ldd	r24, Y+28	; 0x1c
    1900:	02 d8       	rcall	.-4092   	; 0x906 <flashNotification(RgbColor)>
    1902:	01 c1       	rjmp	.+514    	; 0x1b06 <main+0xce2>
handleWakeButtonPress():
/Users/sukraaj.brench/bside/bsides-leeds-2026-badge/.build/firmware/firmware.ino:992
      seedGameRandom();
    }

    switch (pressedMask) {
      case 0:
        if (gAnimMode == 0 && artieForced != 0) {
    1904:	80 91 d8 3e 	lds	r24, 0x3ED8	; 0x803ed8 <gAnimMode>
    1908:	81 11       	cpse	r24, r1
    190a:	52 c0       	rjmp	.+164    	; 0x19b0 <main+0xb8c>
    190c:	80 91 d7 3e 	lds	r24, 0x3ED7	; 0x803ed7 <artieForced>
    1910:	88 23       	and	r24, r24
    1912:	09 f4       	brne	.+2      	; 0x1916 <main+0xaf2>
    1914:	4d c0       	rjmp	.+154    	; 0x19b0 <main+0xb8c>
/Users/sukraaj.brench/bside/bsides-leeds-2026-badge/.build/firmware/firmware.ino:994
          // Exit forced reaction, return to calm gap
          artieForced = 0;
    1916:	10 92 d7 3e 	sts	0x3ED7, r1	; 0x803ed7 <artieForced>
/Users/sukraaj.brench/bside/bsides-leeds-2026-badge/.build/firmware/firmware.ino:995
          artieTouchLatch = 0;
    191a:	10 92 d6 3e 	sts	0x3ED6, r1	; 0x803ed6 <artieTouchLatch>
/Users/sukraaj.brench/bside/bsides-leeds-2026-badge/.build/firmware/firmware.ino:996
          artie.emote = EMOTE_CALM;
    191e:	10 92 d2 3e 	sts	0x3ED2, r1	; 0x803ed2 <artie+0x1>
/Users/sukraaj.brench/bside/bsides-leeds-2026-badge/.build/firmware/firmware.ino:997
          artie.subStep = 0;
    1922:	10 92 d3 3e 	sts	0x3ED3, r1	; 0x803ed3 <artie+0x2>
/Users/sukraaj.brench/bside/bsides-leeds-2026-badge/.build/firmware/firmware.ino:998
          artie.duration = 25 + (nextRandomByte() & 0x2F);
    1926:	7c d7       	rcall	.+3832   	; 0x2820 <__TEXT_REGION_LENGTH__+0x820>
    1928:	8f 72       	andi	r24, 0x2F	; 47
    192a:	87 5e       	subi	r24, 0xE7	; 231
    192c:	80 93 d4 3e 	sts	0x3ED4, r24	; 0x803ed4 <artie+0x3>
/Users/sukraaj.brench/bside/bsides-leeds-2026-badge/.build/firmware/firmware.ino:999
          artie.arg = 0;
    1930:	10 92 d5 3e 	sts	0x3ED5, r1	; 0x803ed5 <artie+0x4>
/Users/sukraaj.brench/bside/bsides-leeds-2026-badge/.build/firmware/firmware.ino:1021
        break;
    }
  }

  animationStep = 0;
  totalIntervalMs = 0;
    1934:	21 2c       	mov	r2, r1
    1936:	31 2c       	mov	r3, r1
    1938:	21 01       	movw	r4, r2
/Users/sukraaj.brench/bside/bsides-leeds-2026-badge/.build/firmware/firmware.ino:1020
        playFollowTheSequence();
        break;
    }
  }

  animationStep = 0;
    193a:	10 e0       	ldi	r17, 0x00	; 0
    193c:	00 e0       	ldi	r16, 0x00	; 0
loop():
/Users/sukraaj.brench/bside/bsides-leeds-2026-badge/.build/firmware/firmware.ino:1071
    totalIntervalMs += intervalMs;

    while (intervalMs > 0) {
      showTouchedPads();
      delay(TOUCH_POLL_MS);
      intervalMs -= TOUCH_POLL_MS;
    193e:	9a e0       	ldi	r25, 0x0A	; 10
    1940:	a9 1a       	sub	r10, r25
    1942:	b1 08       	sbc	r11, r1
/Users/sukraaj.brench/bside/bsides-leeds-2026-badge/.build/firmware/firmware.ino:1068
    }

    ++animationStep;
    totalIntervalMs += intervalMs;

    while (intervalMs > 0) {
    1944:	1a 14       	cp	r1, r10
    1946:	1b 04       	cpc	r1, r11
    1948:	0c f0       	brlt	.+2      	; 0x194c <main+0xb28>
    194a:	57 c1       	rjmp	.+686    	; 0x1bfa <main+0xdd6>
/Users/sukraaj.brench/bside/bsides-leeds-2026-badge/.build/firmware/firmware.ino:1069
      showTouchedPads();
    194c:	17 d7       	rcall	.+3630   	; 0x277c <__TEXT_REGION_LENGTH__+0x77c>
_delay_ms():
/Users/sukraaj.brench/Library/Arduino15/packages/DxCore/tools/avr-gcc/7.3.0-atmel3.6.1-azduino7b1/avr/include/util/delay.h:187
    194e:	af e4       	ldi	r26, 0x4F	; 79
    1950:	b3 ec       	ldi	r27, 0xC3	; 195
    1952:	11 97       	sbiw	r26, 0x01	; 1
    1954:	f1 f7       	brne	.-4      	; 0x1952 <main+0xb2e>
    1956:	00 c0       	rjmp	.+0      	; 0x1958 <main+0xb34>
    1958:	00 00       	nop
measureWakeButtonLowTime():
/Users/sukraaj.brench/bside/bsides-leeds-2026-badge/.build/firmware/firmware.ino:281
  }
}

uint16_t measureWakeButtonLowTime(uint16_t maxMs)
{
  if (digitalRead(WAKE_BUTTON_PIN) == HIGH) {
    195a:	8a d7       	rcall	.+3860   	; 0x2870 <__TEXT_REGION_LENGTH__+0x870>
    195c:	81 30       	cpi	r24, 0x01	; 1
    195e:	79 f3       	breq	.-34     	; 0x193e <main+0xb1a>
delay():
    1960:	62 e3       	ldi	r22, 0x32	; 50
    1962:	70 e0       	ldi	r23, 0x00	; 0
    1964:	80 e0       	ldi	r24, 0x00	; 0
    1966:	90 e0       	ldi	r25, 0x00	; 0
    1968:	de d3       	rcall	.+1980   	; 0x2126 <__TEXT_REGION_LENGTH__+0x126>
main():
/Users/sukraaj.brench/bside/bsides-leeds-2026-badge/.build/firmware/firmware.ino:286
    return 0;
  }

  delay(BUTTON_DEBOUNCE_MS);
  uint16_t elapsedMs = BUTTON_DEBOUNCE_MS;
    196a:	02 e3       	ldi	r16, 0x32	; 50
    196c:	10 e0       	ldi	r17, 0x00	; 0
measureWakeButtonLowTime():
/Users/sukraaj.brench/bside/bsides-leeds-2026-badge/.build/firmware/firmware.ino:288

  while (digitalRead(WAKE_BUTTON_PIN) == LOW) {
    196e:	80 d7       	rcall	.+3840   	; 0x2870 <__TEXT_REGION_LENGTH__+0x870>
    1970:	81 11       	cpse	r24, r1
    1972:	22 cf       	rjmp	.-444    	; 0x17b8 <main+0x994>
_delay_ms():
/Users/sukraaj.brench/Library/Arduino15/packages/DxCore/tools/avr-gcc/7.3.0-atmel3.6.1-azduino7b1/avr/include/util/delay.h:187
    1974:	e7 ea       	ldi	r30, 0xA7	; 167
    1976:	f1 e6       	ldi	r31, 0x61	; 97
    1978:	31 97       	sbiw	r30, 0x01	; 1
    197a:	f1 f7       	brne	.-4      	; 0x1978 <main+0xb54>
    197c:	00 c0       	rjmp	.+0      	; 0x197e <main+0xb5a>
    197e:	00 00       	nop
measureWakeButtonLowTime():
/Users/sukraaj.brench/bside/bsides-leeds-2026-badge/.build/firmware/firmware.ino:290
    delay(5);
    elapsedMs += 5;
    1980:	0b 5f       	subi	r16, 0xFB	; 251
    1982:	1f 4f       	sbci	r17, 0xFF	; 255
/Users/sukraaj.brench/bside/bsides-leeds-2026-badge/.build/firmware/firmware.ino:292

    if (elapsedMs > maxMs) {
    1984:	05 3d       	cpi	r16, 0xD5	; 213
    1986:	f7 e0       	ldi	r31, 0x07	; 7
    1988:	1f 07       	cpc	r17, r31
    198a:	89 f7       	brne	.-30     	; 0x196e <main+0xb4a>
handleWakeButtonPress():
/Users/sukraaj.brench/bside/bsides-leeds-2026-badge/.build/firmware/firmware.ino:974
  uint16_t &animationStep,
  uint32_t &totalIntervalMs
)
{
  if (heldMs > LONG_PRESS_THRESHOLD_MS) {
    setAllLeds(COLOR_RED, true);
    198c:	60 91 4c 9d 	lds	r22, 0x9D4C	; 0x809d4c <__bss_end+0x5e54>
    1990:	70 91 4d 9d 	lds	r23, 0x9D4D	; 0x809d4d <__bss_end+0x5e55>
    1994:	80 91 4e 9d 	lds	r24, 0x9D4E	; 0x809d4e <__bss_end+0x5e56>
    1998:	41 e0       	ldi	r20, 0x01	; 1
    199a:	b0 d6       	rcall	.+3424   	; 0x26fc <__TEXT_REGION_LENGTH__+0x6fc>
waitForWakeButtonReleased():
/Users/sukraaj.brench/bside/bsides-leeds-2026-badge/.build/firmware/firmware.ino:393
  }
}

void waitForWakeButtonReleased()
{
  while (digitalRead(WAKE_BUTTON_PIN) == LOW) {
    199c:	69 d7       	rcall	.+3794   	; 0x2870 <__TEXT_REGION_LENGTH__+0x870>
    199e:	81 11       	cpse	r24, r1
    19a0:	1f cf       	rjmp	.-450    	; 0x17e0 <main+0x9bc>
_delay_ms():
/Users/sukraaj.brench/Library/Arduino15/packages/DxCore/tools/avr-gcc/7.3.0-atmel3.6.1-azduino7b1/avr/include/util/delay.h:187
    19a2:	87 ea       	ldi	r24, 0xA7	; 167
    19a4:	91 e6       	ldi	r25, 0x61	; 97
    19a6:	01 97       	sbiw	r24, 0x01	; 1
    19a8:	f1 f7       	brne	.-4      	; 0x19a6 <main+0xb82>
    19aa:	00 c0       	rjmp	.+0      	; 0x19ac <main+0xb88>
    19ac:	00 00       	nop
    19ae:	f6 cf       	rjmp	.-20     	; 0x199c <main+0xb78>
handleWakeButtonPress():
/Users/sukraaj.brench/bside/bsides-leeds-2026-badge/.build/firmware/firmware.ino:1001
          artie.emote = EMOTE_CALM;
          artie.subStep = 0;
          artie.duration = 25 + (nextRandomByte() & 0x2F);
          artie.arg = 0;
        } else {
          ++animationMode;
    19b0:	93 94       	inc	r9
/Users/sukraaj.brench/bside/bsides-leeds-2026-badge/.build/firmware/firmware.ino:1002
          gAnimMode = animationMode;
    19b2:	90 92 d8 3e 	sts	0x3ED8, r9	; 0x803ed8 <gAnimMode>
    19b6:	be cf       	rjmp	.-132    	; 0x1934 <main+0xb10>
_delay_ms():
/Users/sukraaj.brench/Library/Arduino15/packages/DxCore/tools/avr-gcc/7.3.0-atmel3.6.1-azduino7b1/avr/include/util/delay.h:187
    19b8:	87 ea       	ldi	r24, 0xA7	; 167
    19ba:	91 e6       	ldi	r25, 0x61	; 97
    19bc:	01 97       	sbiw	r24, 0x01	; 1
    19be:	f1 f7       	brne	.-4      	; 0x19bc <main+0xb98>
    19c0:	00 c0       	rjmp	.+0      	; 0x19c2 <main+0xb9e>
    19c2:	00 00       	nop
playStopTheLightLevel():
/Users/sukraaj.brench/bside/bsides-leeds-2026-badge/.build/firmware/firmware.ino:428
      ledStrip.setPixelColor(ledIndex, 30, 0, 0);
      setRightEyeLed(ledIndex, 30, 0, 0);
      ledStrip.show();

      uint8_t elapsedMs = 0;
      while (elapsedMs < iterationIntervalMs) {
    19c4:	9c 85       	ldd	r25, Y+12	; 0x0c
    19c6:	ab 85       	ldd	r26, Y+11	; 0x0b
    19c8:	9a 17       	cp	r25, r26
    19ca:	08 f4       	brcc	.+2      	; 0x19ce <main+0xbaa>
    19cc:	8b cf       	rjmp	.-234    	; 0x18e4 <main+0xac0>
    19ce:	0f 5f       	subi	r16, 0xFF	; 255
    19d0:	1f 4f       	sbci	r17, 0xFF	; 255
/Users/sukraaj.brench/bside/bsides-leeds-2026-badge/.build/firmware/firmware.ino:419
bool playStopTheLightLevel(uint8_t iterationIntervalMs)
{
  const uint8_t targetLed = randomEight();

  for (uint8_t round = 0; round < 7; ++round) {
    for (uint8_t ledIndex = 0; ledIndex < 9; ++ledIndex) {
    19d2:	09 30       	cpi	r16, 0x09	; 9
    19d4:	11 05       	cpc	r17, r1
    19d6:	09 f0       	breq	.+2      	; 0x19da <main+0xbb6>
    19d8:	64 cf       	rjmp	.-312    	; 0x18a2 <main+0xa7e>
    19da:	ca 94       	dec	r12
/Users/sukraaj.brench/bside/bsides-leeds-2026-badge/.build/firmware/firmware.ino:418

bool playStopTheLightLevel(uint8_t iterationIntervalMs)
{
  const uint8_t targetLed = randomEight();

  for (uint8_t round = 0; round < 7; ++round) {
    19dc:	c1 10       	cpse	r12, r1
    19de:	5f cf       	rjmp	.-322    	; 0x189e <main+0xa7a>
    19e0:	8c cf       	rjmp	.-232    	; 0x18fa <main+0xad6>
isAnyPadPressed():
/Users/sukraaj.brench/bside/bsides-leeds-2026-badge/.build/firmware/firmware.ino:381
  }
}

bool isAnyPadPressed()
{
  return getPressedTouchMask() != 0;
    19e2:	b4 d6       	rcall	.+3432   	; 0x274c <__TEXT_REGION_LENGTH__+0x74c>
playStopTheLight():
/Users/sukraaj.brench/bside/bsides-leeds-2026-badge/.build/firmware/firmware.ino:453
      showFailure();
      disableRebootOnButton();
      return false;
    }

    while (isAnyPadPressed()) {
    19e4:	88 23       	and	r24, r24
    19e6:	39 f0       	breq	.+14     	; 0x19f6 <main+0xbd2>
_delay_ms():
/Users/sukraaj.brench/Library/Arduino15/packages/DxCore/tools/avr-gcc/7.3.0-atmel3.6.1-azduino7b1/avr/include/util/delay.h:187
    19e8:	e7 ea       	ldi	r30, 0xA7	; 167
    19ea:	f1 e6       	ldi	r31, 0x61	; 97
    19ec:	31 97       	sbiw	r30, 0x01	; 1
    19ee:	f1 f7       	brne	.-4      	; 0x19ec <main+0xbc8>
    19f0:	00 c0       	rjmp	.+0      	; 0x19f2 <main+0xbce>
    19f2:	00 00       	nop
    19f4:	f6 cf       	rjmp	.-20     	; 0x19e2 <main+0xbbe>
playStopTheLight():
/Users/sukraaj.brench/bside/bsides-leeds-2026-badge/.build/firmware/firmware.ino:446
}

bool playStopTheLight()
{
  enableRebootOnButton();
  for (uint8_t intervalMs = 200; intervalMs > 50; intervalMs -= 20) {
    19f6:	fb 85       	ldd	r31, Y+11	; 0x0b
    19f8:	f4 51       	subi	r31, 0x14	; 20
    19fa:	fb 87       	std	Y+11, r31	; 0x0b
    19fc:	f8 32       	cpi	r31, 0x28	; 40
    19fe:	09 f0       	breq	.+2      	; 0x1a02 <main+0xbde>
    1a00:	3e cf       	rjmp	.-388    	; 0x187e <main+0xa5a>
/Users/sukraaj.brench/bside/bsides-leeds-2026-badge/.build/firmware/firmware.ino:458
    while (isAnyPadPressed()) {
      delay(5);
    }
  }

  state = state & B11111110;
    1a02:	80 91 d0 3e 	lds	r24, 0x3ED0	; 0x803ed0 <state>
    1a06:	8e 7f       	andi	r24, 0xFE	; 254
playFollowTheSequence():
/Users/sukraaj.brench/bside/bsides-leeds-2026-badge/.build/firmware/firmware.ino:532
      setAllLeds(COLOR_OFF, true);
      delay(500);
    }
  }

  state = state & B11111101;
    1a08:	80 93 d0 3e 	sts	0x3ED0, r24	; 0x803ed0 <state>
/Users/sukraaj.brench/bside/bsides-leeds-2026-badge/.build/firmware/firmware.ino:533
  showSuccess();
    1a0c:	b2 d7       	rcall	.+3940   	; 0x2972 <__TEXT_REGION_LENGTH__+0x972>
    1a0e:	7b c0       	rjmp	.+246    	; 0x1b06 <main+0xce2>
handleWakeButtonPress():
/Users/sukraaj.brench/bside/bsides-leeds-2026-badge/.build/firmware/firmware.ino:1010
      case LEFT_BLUE_MASK:
        artieForced = 0; artieTouchLatch = 0;
        playStopTheLight();
        break;
      case LEFT_RED_MASK:
        artieForced = 0; artieTouchLatch = 0;
    1a10:	10 92 d7 3e 	sts	0x3ED7, r1	; 0x803ed7 <artieForced>
    1a14:	10 92 d6 3e 	sts	0x3ED6, r1	; 0x803ed6 <artieTouchLatch>
enableRebootOnButton():
/Users/sukraaj.brench/bside/bsides-leeds-2026-badge/.build/firmware/firmware.ino:185
  RTC.CLKSEL = RTC_CLKSEL_INT1K_gc;
}

void enableRebootOnButton()
{
  PORTA.PIN3CTRL = PORT_PULLUPEN_bm | PORT_ISC_LEVEL_gc;
    1a18:	8d e0       	ldi	r24, 0x0D	; 13
    1a1a:	80 93 13 04 	sts	0x0413, r24	; 0x800413 <digital_pin_to_bit_mask+0x7f66ac>
/Users/sukraaj.brench/bside/bsides-leeds-2026-badge/.build/firmware/firmware.ino:186
  rebootOnButtonPress = true;
    1a1e:	81 e0       	ldi	r24, 0x01	; 1
    1a20:	80 93 cf 3e 	sts	0x3ECF, r24	; 0x803ecf <rebootOnButtonPress>
playFindTheSequence():
/Users/sukraaj.brench/bside/bsides-leeds-2026-badge/.build/firmware/firmware.ino:608

bool playFindTheSequence(uint8_t startingLives = FIND_SEQUENCE_STARTING_LIVES)
{
  enableRebootOnButton();
  uint8_t sequence[FIND_SEQUENCE_LENGTH];
  createRandomSequence(sequence, FIND_SEQUENCE_LENGTH);
    1a24:	67 e0       	ldi	r22, 0x07	; 7
    1a26:	c7 01       	movw	r24, r14
    1a28:	0e d7       	rcall	.+3612   	; 0x2846 <__TEXT_REGION_LENGTH__+0x846>
showFindSequencePreview():
/Users/sukraaj.brench/bside/bsides-leeds-2026-badge/.build/firmware/firmware.ino:577
  ledStrip.show();
}

void showFindSequencePreview(const uint8_t sequence[])
{
  setAllLeds(COLOR_OFF);
    1a2a:	40 e0       	ldi	r20, 0x00	; 0
    1a2c:	69 89       	ldd	r22, Y+17	; 0x11
    1a2e:	7a 89       	ldd	r23, Y+18	; 0x12
    1a30:	8b 89       	ldd	r24, Y+19	; 0x13
    1a32:	64 d6       	rcall	.+3272   	; 0x26fc <__TEXT_REGION_LENGTH__+0x6fc>
    1a34:	87 01       	movw	r16, r14
main():
/Users/sukraaj.brench/bside/bsides-leeds-2026-badge/.build/firmware/firmware.ino:579

  for (uint8_t sequenceIndex = 0; sequenceIndex < FIND_SEQUENCE_LENGTH; ++sequenceIndex) {
    1a36:	d1 2c       	mov	r13, r1
showFindSequencePreview():
/Users/sukraaj.brench/bside/bsides-leeds-2026-badge/.build/firmware/firmware.ino:580
    setSequenceSlotColor(sequenceIndex, sequence[sequenceIndex]);
    1a38:	d8 01       	movw	r26, r16
    1a3a:	6d 91       	ld	r22, X+
    1a3c:	8d 01       	movw	r16, r26
    1a3e:	8d 2d       	mov	r24, r13
    1a40:	2e d6       	rcall	.+3164   	; 0x269e <__TEXT_REGION_LENGTH__+0x69e>
/Users/sukraaj.brench/bside/bsides-leeds-2026-badge/.build/firmware/firmware.ino:579

void showFindSequencePreview(const uint8_t sequence[])
{
  setAllLeds(COLOR_OFF);

  for (uint8_t sequenceIndex = 0; sequenceIndex < FIND_SEQUENCE_LENGTH; ++sequenceIndex) {
    1a42:	d3 94       	inc	r13
    1a44:	b7 e0       	ldi	r27, 0x07	; 7
    1a46:	db 12       	cpse	r13, r27
    1a48:	f7 cf       	rjmp	.-18     	; 0x1a38 <main+0xc14>
/Users/sukraaj.brench/bside/bsides-leeds-2026-badge/.build/firmware/firmware.ino:583
    setSequenceSlotColor(sequenceIndex, sequence[sequenceIndex]);
  }

  ledStrip.show();
    1a4a:	e3 d3       	rcall	.+1990   	; 0x2212 <__TEXT_REGION_LENGTH__+0x212>
delay():
    1a4c:	68 eb       	ldi	r22, 0xB8	; 184
    1a4e:	7b e0       	ldi	r23, 0x0B	; 11
    1a50:	80 e0       	ldi	r24, 0x00	; 0
    1a52:	90 e0       	ldi	r25, 0x00	; 0
    1a54:	68 d3       	rcall	.+1744   	; 0x2126 <__TEXT_REGION_LENGTH__+0x126>
showFindSequencePreview():
/Users/sukraaj.brench/bside/bsides-leeds-2026-badge/.build/firmware/firmware.ino:585
  delay(FIND_SEQUENCE_PREVIEW_MS);
  showFindSequenceProgress(sequence, 0);
    1a56:	60 e0       	ldi	r22, 0x00	; 0
    1a58:	c7 01       	movw	r24, r14
    1a5a:	56 d6       	rcall	.+3244   	; 0x2708 <__TEXT_REGION_LENGTH__+0x708>
main():
/Users/sukraaj.brench/bside/bsides-leeds-2026-badge/.build/firmware/firmware.ino:611
  enableRebootOnButton();
  uint8_t sequence[FIND_SEQUENCE_LENGTH];
  createRandomSequence(sequence, FIND_SEQUENCE_LENGTH);

  uint8_t livesRemaining = startingLives;
  uint8_t foundLength = 0;
    1a5c:	10 e0       	ldi	r17, 0x00	; 0
/Users/sukraaj.brench/bside/bsides-leeds-2026-badge/.build/firmware/firmware.ino:610
{
  enableRebootOnButton();
  uint8_t sequence[FIND_SEQUENCE_LENGTH];
  createRandomSequence(sequence, FIND_SEQUENCE_LENGTH);

  uint8_t livesRemaining = startingLives;
    1a5e:	aa e0       	ldi	r26, 0x0A	; 10
    1a60:	ca 2e       	mov	r12, r26
waitForColorGuess():
/Users/sukraaj.brench/bside/bsides-leeds-2026-badge/.build/firmware/firmware.ino:590
  showFindSequenceProgress(sequence, 0);
}

bool waitForColorGuess(uint8_t &colorIndex)
{
  uint8_t pressedMask = getPressedTouchMask();
    1a62:	74 d6       	rcall	.+3304   	; 0x274c <__TEXT_REGION_LENGTH__+0x74c>
    1a64:	08 2f       	mov	r16, r24
/Users/sukraaj.brench/bside/bsides-leeds-2026-badge/.build/firmware/firmware.ino:592

  while (pressedMask == 0) {
    1a66:	01 11       	cpse	r16, r1
    1a68:	09 c0       	rjmp	.+18     	; 0x1a7c <main+0xc58>
/Users/sukraaj.brench/bside/bsides-leeds-2026-badge/.build/firmware/firmware.ino:593
    pressedMask = getPressedTouchMask();
    1a6a:	70 d6       	rcall	.+3296   	; 0x274c <__TEXT_REGION_LENGTH__+0x74c>
    1a6c:	08 2f       	mov	r16, r24
_delay_ms():
/Users/sukraaj.brench/Library/Arduino15/packages/DxCore/tools/avr-gcc/7.3.0-atmel3.6.1-azduino7b1/avr/include/util/delay.h:187
    1a6e:	ef e4       	ldi	r30, 0x4F	; 79
    1a70:	f3 ec       	ldi	r31, 0xC3	; 195
    1a72:	31 97       	sbiw	r30, 0x01	; 1
    1a74:	f1 f7       	brne	.-4      	; 0x1a72 <main+0xc4e>
    1a76:	00 c0       	rjmp	.+0      	; 0x1a78 <main+0xc54>
    1a78:	00 00       	nop
    1a7a:	f5 cf       	rjmp	.-22     	; 0x1a66 <main+0xc42>
waitForColorGuess():
/Users/sukraaj.brench/bside/bsides-leeds-2026-badge/.build/firmware/firmware.ino:597
    delay(TOUCH_POLL_MS);
  }

  showTouchedPads();
    1a7c:	7f d6       	rcall	.+3326   	; 0x277c <__TEXT_REGION_LENGTH__+0x77c>
pressedMaskToColorIndex():
/Users/sukraaj.brench/bside/bsides-leeds-2026-badge/.build/firmware/firmware.ino:540
  return true;
}

bool pressedMaskToColorIndex(uint8_t pressedMask, uint8_t &colorIndex)
{
  switch (pressedMask) {
    1a7e:	04 30       	cpi	r16, 0x04	; 4
    1a80:	b9 f0       	breq	.+46     	; 0x1ab0 <main+0xc8c>
    1a82:	80 f4       	brcc	.+32     	; 0x1aa4 <main+0xc80>
    1a84:	01 30       	cpi	r16, 0x01	; 1
    1a86:	c1 f0       	breq	.+48     	; 0x1ab8 <main+0xc94>
    1a88:	02 30       	cpi	r16, 0x02	; 2
    1a8a:	c1 f0       	breq	.+48     	; 0x1abc <main+0xc98>
playFindTheSequence():
/Users/sukraaj.brench/bside/bsides-leeds-2026-badge/.build/firmware/firmware.ino:615
  uint8_t livesRemaining = startingLives;
  uint8_t foundLength = 0;
  showFindSequencePreview(sequence);

  while (foundLength < FIND_SEQUENCE_LENGTH && livesRemaining > 0) {
    uint8_t guessedColor = 0;
    1a8c:	00 e0       	ldi	r16, 0x00	; 0
main():
/Users/sukraaj.brench/bside/bsides-leeds-2026-badge/.build/firmware/firmware.ino:554
    case LEFT_BLUE_MASK:
    case RIGHT_BLUE_MASK:
      colorIndex = 2;
      return true;
    default:
      return false;
    1a8e:	d1 2c       	mov	r13, r1
waitForAllTouchPadsReleased():
/Users/sukraaj.brench/bside/bsides-leeds-2026-badge/.build/firmware/firmware.ino:386
  return getPressedTouchMask() != 0;
}

void waitForAllTouchPadsReleased()
{
  while (getPressedTouchMask() != 0) {
    1a90:	5d d6       	rcall	.+3258   	; 0x274c <__TEXT_REGION_LENGTH__+0x74c>
    1a92:	88 23       	and	r24, r24
    1a94:	a9 f0       	breq	.+42     	; 0x1ac0 <main+0xc9c>
_delay_ms():
/Users/sukraaj.brench/Library/Arduino15/packages/DxCore/tools/avr-gcc/7.3.0-atmel3.6.1-azduino7b1/avr/include/util/delay.h:187
    1a96:	8f e4       	ldi	r24, 0x4F	; 79
    1a98:	93 ec       	ldi	r25, 0xC3	; 195
    1a9a:	01 97       	sbiw	r24, 0x01	; 1
    1a9c:	f1 f7       	brne	.-4      	; 0x1a9a <main+0xc76>
    1a9e:	00 c0       	rjmp	.+0      	; 0x1aa0 <main+0xc7c>
    1aa0:	00 00       	nop
    1aa2:	f6 cf       	rjmp	.-20     	; 0x1a90 <main+0xc6c>
pressedMaskToColorIndex():
/Users/sukraaj.brench/bside/bsides-leeds-2026-badge/.build/firmware/firmware.ino:540
  return true;
}

bool pressedMaskToColorIndex(uint8_t pressedMask, uint8_t &colorIndex)
{
  switch (pressedMask) {
    1aa4:	00 31       	cpi	r16, 0x10	; 16
    1aa6:	51 f0       	breq	.+20     	; 0x1abc <main+0xc98>
    1aa8:	00 32       	cpi	r16, 0x20	; 32
    1aaa:	31 f0       	breq	.+12     	; 0x1ab8 <main+0xc94>
    1aac:	08 30       	cpi	r16, 0x08	; 8
    1aae:	71 f7       	brne	.-36     	; 0x1a8c <main+0xc68>
/Users/sukraaj.brench/bside/bsides-leeds-2026-badge/.build/firmware/firmware.ino:547
    case RIGHT_RED_MASK:
      colorIndex = 0;
      return true;
    case LEFT_GREEN_MASK:
    case RIGHT_GREEN_MASK:
      colorIndex = 1;
    1ab0:	01 e0       	ldi	r16, 0x01	; 1
main():
/Users/sukraaj.brench/bside/bsides-leeds-2026-badge/.build/firmware/firmware.ino:544
{
  switch (pressedMask) {
    case LEFT_RED_MASK:
    case RIGHT_RED_MASK:
      colorIndex = 0;
      return true;
    1ab2:	dd 24       	eor	r13, r13
    1ab4:	d3 94       	inc	r13
    1ab6:	ec cf       	rjmp	.-40     	; 0x1a90 <main+0xc6c>
pressedMaskToColorIndex():
/Users/sukraaj.brench/bside/bsides-leeds-2026-badge/.build/firmware/firmware.ino:551
    case RIGHT_GREEN_MASK:
      colorIndex = 1;
      return true;
    case LEFT_BLUE_MASK:
    case RIGHT_BLUE_MASK:
      colorIndex = 2;
    1ab8:	02 e0       	ldi	r16, 0x02	; 2
    1aba:	fb cf       	rjmp	.-10     	; 0x1ab2 <main+0xc8e>
/Users/sukraaj.brench/bside/bsides-leeds-2026-badge/.build/firmware/firmware.ino:543
bool pressedMaskToColorIndex(uint8_t pressedMask, uint8_t &colorIndex)
{
  switch (pressedMask) {
    case LEFT_RED_MASK:
    case RIGHT_RED_MASK:
      colorIndex = 0;
    1abc:	00 e0       	ldi	r16, 0x00	; 0
    1abe:	f9 cf       	rjmp	.-14     	; 0x1ab2 <main+0xc8e>
playFindTheSequence():
/Users/sukraaj.brench/bside/bsides-leeds-2026-badge/.build/firmware/firmware.ino:618

  while (foundLength < FIND_SEQUENCE_LENGTH && livesRemaining > 0) {
    uint8_t guessedColor = 0;
    const bool hasColorGuess = waitForColorGuess(guessedColor);

    if (hasColorGuess && guessedColor == sequence[foundLength]) {
    1ac0:	dd 20       	and	r13, r13
    1ac2:	b1 f0       	breq	.+44     	; 0x1af0 <main+0xccc>
    1ac4:	f7 01       	movw	r30, r14
    1ac6:	e1 0f       	add	r30, r17
    1ac8:	f1 1d       	adc	r31, r1
    1aca:	80 81       	ld	r24, Z
    1acc:	80 13       	cpse	r24, r16
    1ace:	10 c0       	rjmp	.+32     	; 0x1af0 <main+0xccc>
/Users/sukraaj.brench/bside/bsides-leeds-2026-badge/.build/firmware/firmware.ino:619
      ++foundLength;
    1ad0:	1f 5f       	subi	r17, 0xFF	; 255
/Users/sukraaj.brench/bside/bsides-leeds-2026-badge/.build/firmware/firmware.ino:620
      showFindSequenceProgress(sequence, foundLength);
    1ad2:	61 2f       	mov	r22, r17
    1ad4:	c7 01       	movw	r24, r14
    1ad6:	18 d6       	rcall	.+3120   	; 0x2708 <__TEXT_REGION_LENGTH__+0x708>
delay():
    1ad8:	64 ef       	ldi	r22, 0xF4	; 244
    1ada:	71 e0       	ldi	r23, 0x01	; 1
    1adc:	80 e0       	ldi	r24, 0x00	; 0
    1ade:	90 e0       	ldi	r25, 0x00	; 0
    1ae0:	22 d3       	rcall	.+1604   	; 0x2126 <__TEXT_REGION_LENGTH__+0x126>
playFindTheSequence():
/Users/sukraaj.brench/bside/bsides-leeds-2026-badge/.build/firmware/firmware.ino:614

  uint8_t livesRemaining = startingLives;
  uint8_t foundLength = 0;
  showFindSequencePreview(sequence);

  while (foundLength < FIND_SEQUENCE_LENGTH && livesRemaining > 0) {
    1ae2:	17 30       	cpi	r17, 0x07	; 7
    1ae4:	09 f0       	breq	.+2      	; 0x1ae8 <main+0xcc4>
    1ae6:	bd cf       	rjmp	.-134    	; 0x1a62 <main+0xc3e>
/Users/sukraaj.brench/bside/bsides-leeds-2026-badge/.build/firmware/firmware.ino:634
  }

  const bool wonGame = foundLength == FIND_SEQUENCE_LENGTH;

  if (wonGame) {
    state = state & B11111011;
    1ae8:	80 91 d0 3e 	lds	r24, 0x3ED0	; 0x803ed0 <state>
    1aec:	8b 7f       	andi	r24, 0xFB	; 251
    1aee:	8c cf       	rjmp	.-232    	; 0x1a08 <main+0xbe4>
/Users/sukraaj.brench/bside/bsides-leeds-2026-badge/.build/firmware/firmware.ino:625
      showFindSequenceProgress(sequence, foundLength);
      delay(500);
      continue;
    }

    --livesRemaining;
    1af0:	ca 94       	dec	r12
showFailure():
/Users/sukraaj.brench/bside/bsides-leeds-2026-badge/.build/firmware/firmware.ino:367
  delay(50);
}

void showFailure()
{
  flashNotification(COLOR_RED);
    1af2:	6f 89       	ldd	r22, Y+23	; 0x17
    1af4:	78 8d       	ldd	r23, Y+24	; 0x18
    1af6:	89 8d       	ldd	r24, Y+25	; 0x19
    1af8:	06 d7       	rcall	.+3596   	; 0x2906 <__TEXT_REGION_LENGTH__+0x906>
playFindTheSequence():
/Users/sukraaj.brench/bside/bsides-leeds-2026-badge/.build/firmware/firmware.ino:628
    }

    --livesRemaining;
    foundLength = 0;
    showFailure();
    showFindSequenceProgress(sequence, foundLength);
    1afa:	60 e0       	ldi	r22, 0x00	; 0
    1afc:	c7 01       	movw	r24, r14
    1afe:	04 d6       	rcall	.+3080   	; 0x2708 <__TEXT_REGION_LENGTH__+0x708>
main():
/Users/sukraaj.brench/bside/bsides-leeds-2026-badge/.build/firmware/firmware.ino:626
      delay(500);
      continue;
    }

    --livesRemaining;
    foundLength = 0;
    1b00:	10 e0       	ldi	r17, 0x00	; 0
playFindTheSequence():
/Users/sukraaj.brench/bside/bsides-leeds-2026-badge/.build/firmware/firmware.ino:614

  uint8_t livesRemaining = startingLives;
  uint8_t foundLength = 0;
  showFindSequencePreview(sequence);

  while (foundLength < FIND_SEQUENCE_LENGTH && livesRemaining > 0) {
    1b02:	c1 10       	cpse	r12, r1
    1b04:	ae cf       	rjmp	.-164    	; 0x1a62 <main+0xc3e>
disableRebootOnButton():
/Users/sukraaj.brench/bside/bsides-leeds-2026-badge/.build/firmware/firmware.ino:191
  rebootOnButtonPress = true;
}

void disableRebootOnButton()
{
  PORTA.PIN3CTRL = PORT_PULLUPEN_bm;
    1b06:	88 e0       	ldi	r24, 0x08	; 8
    1b08:	80 93 13 04 	sts	0x0413, r24	; 0x800413 <digital_pin_to_bit_mask+0x7f66ac>
/Users/sukraaj.brench/bside/bsides-leeds-2026-badge/.build/firmware/firmware.ino:192
  rebootOnButtonPress = false;
    1b0c:	10 92 cf 3e 	sts	0x3ECF, r1	; 0x803ecf <rebootOnButtonPress>
    1b10:	11 cf       	rjmp	.-478    	; 0x1934 <main+0xb10>
handleWakeButtonPress():
/Users/sukraaj.brench/bside/bsides-leeds-2026-badge/.build/firmware/firmware.ino:1014
      case LEFT_RED_MASK:
        artieForced = 0; artieTouchLatch = 0;
        playFindTheSequence();
        break;
      case LEFT_GREEN_MASK:
        artieForced = 0; artieTouchLatch = 0;
    1b12:	10 92 d7 3e 	sts	0x3ED7, r1	; 0x803ed7 <artieForced>
    1b16:	10 92 d6 3e 	sts	0x3ED6, r1	; 0x803ed6 <artieTouchLatch>
enableRebootOnButton():
/Users/sukraaj.brench/bside/bsides-leeds-2026-badge/.build/firmware/firmware.ino:185
  RTC.CLKSEL = RTC_CLKSEL_INT1K_gc;
}

void enableRebootOnButton()
{
  PORTA.PIN3CTRL = PORT_PULLUPEN_bm | PORT_ISC_LEVEL_gc;
    1b1a:	8d e0       	ldi	r24, 0x0D	; 13
    1b1c:	80 93 13 04 	sts	0x0413, r24	; 0x800413 <digital_pin_to_bit_mask+0x7f66ac>
/Users/sukraaj.brench/bside/bsides-leeds-2026-badge/.build/firmware/firmware.ino:186
  rebootOnButtonPress = true;
    1b20:	81 e0       	ldi	r24, 0x01	; 1
    1b22:	80 93 cf 3e 	sts	0x3ECF, r24	; 0x803ecf <rebootOnButtonPress>
playFollowTheSequence():
/Users/sukraaj.brench/bside/bsides-leeds-2026-badge/.build/firmware/firmware.ino:496

bool playFollowTheSequence()
{
  enableRebootOnButton();
  uint8_t sequence[NUM_SEQUENCE_LEVELS];
  createRandomSequence(sequence, NUM_SEQUENCE_LEVELS);
    1b26:	6a e0       	ldi	r22, 0x0A	; 10
    1b28:	c7 01       	movw	r24, r14
    1b2a:	8d d6       	rcall	.+3354   	; 0x2846 <__TEXT_REGION_LENGTH__+0x846>
main():
/Users/sukraaj.brench/bside/bsides-leeds-2026-badge/.build/firmware/firmware.ino:498

  for (uint8_t level = MEMORY_START_LEVEL; level < NUM_SEQUENCE_LEVELS; ++level) {
    1b2c:	f3 e0       	ldi	r31, 0x03	; 3
    1b2e:	5f 2e       	mov	r5, r31
    1b30:	4e 2c       	mov	r4, r14
    1b32:	67 01       	movw	r12, r14
    1b34:	87 01       	movw	r16, r14
showSequenceColor():
/Users/sukraaj.brench/bside/bsides-leeds-2026-badge/.build/firmware/firmware.ino:480
  }
}

void showSequenceColor(uint8_t colorIndex)
{
  setAllLeds(colorForIndex(colorIndex));
    1b36:	d8 01       	movw	r26, r16
    1b38:	8d 91       	ld	r24, X+
    1b3a:	8d 01       	movw	r16, r26
    1b3c:	9e d5       	rcall	.+2876   	; 0x267a <__TEXT_REGION_LENGTH__+0x67a>
    1b3e:	40 e0       	ldi	r20, 0x00	; 0
    1b40:	dd d5       	rcall	.+3002   	; 0x26fc <__TEXT_REGION_LENGTH__+0x6fc>
playFollowTheSequence():
/Users/sukraaj.brench/bside/bsides-leeds-2026-badge/.build/firmware/firmware.ino:501
  createRandomSequence(sequence, NUM_SEQUENCE_LEVELS);

  for (uint8_t level = MEMORY_START_LEVEL; level < NUM_SEQUENCE_LEVELS; ++level) {
    for (uint8_t sequenceIndex = 0; sequenceIndex < level; ++sequenceIndex) {
      showSequenceColor(sequence[sequenceIndex]);
      ledStrip.show();
    1b42:	67 d3       	rcall	.+1742   	; 0x2212 <__TEXT_REGION_LENGTH__+0x212>
delay():
    1b44:	60 e9       	ldi	r22, 0x90	; 144
    1b46:	71 e0       	ldi	r23, 0x01	; 1
    1b48:	80 e0       	ldi	r24, 0x00	; 0
    1b4a:	90 e0       	ldi	r25, 0x00	; 0
    1b4c:	ec d2       	rcall	.+1496   	; 0x2126 <__TEXT_REGION_LENGTH__+0x126>
playFollowTheSequence():
/Users/sukraaj.brench/bside/bsides-leeds-2026-badge/.build/firmware/firmware.ino:503
      delay(400);
      setAllLeds(COLOR_OFF, true);
    1b4e:	41 e0       	ldi	r20, 0x01	; 1
    1b50:	6c 89       	ldd	r22, Y+20	; 0x14
    1b52:	7d 89       	ldd	r23, Y+21	; 0x15
    1b54:	8e 89       	ldd	r24, Y+22	; 0x16
    1b56:	d2 d5       	rcall	.+2980   	; 0x26fc <__TEXT_REGION_LENGTH__+0x6fc>
delay():
    1b58:	68 ec       	ldi	r22, 0xC8	; 200
    1b5a:	70 e0       	ldi	r23, 0x00	; 0
    1b5c:	80 e0       	ldi	r24, 0x00	; 0
    1b5e:	90 e0       	ldi	r25, 0x00	; 0
    1b60:	e2 d2       	rcall	.+1476   	; 0x2126 <__TEXT_REGION_LENGTH__+0x126>
playFollowTheSequence():
/Users/sukraaj.brench/bside/bsides-leeds-2026-badge/.build/firmware/firmware.ino:499
  enableRebootOnButton();
  uint8_t sequence[NUM_SEQUENCE_LEVELS];
  createRandomSequence(sequence, NUM_SEQUENCE_LEVELS);

  for (uint8_t level = MEMORY_START_LEVEL; level < NUM_SEQUENCE_LEVELS; ++level) {
    for (uint8_t sequenceIndex = 0; sequenceIndex < level; ++sequenceIndex) {
    1b62:	80 2f       	mov	r24, r16
    1b64:	8e 19       	sub	r24, r14
    1b66:	85 15       	cp	r24, r5
    1b68:	30 f3       	brcs	.-52     	; 0x1b36 <main+0xd12>
/Users/sukraaj.brench/bside/bsides-leeds-2026-badge/.build/firmware/firmware.ino:508
      setAllLeds(COLOR_OFF, true);
      delay(200);
    }

    for (uint8_t sequenceIndex = 0; sequenceIndex < level; ++sequenceIndex) {
      uint8_t pressedMask = getPressedTouchMask();
    1b6a:	f0 d5       	rcall	.+3040   	; 0x274c <__TEXT_REGION_LENGTH__+0x74c>
    1b6c:	18 2f       	mov	r17, r24
/Users/sukraaj.brench/bside/bsides-leeds-2026-badge/.build/firmware/firmware.ino:510

      while (pressedMask == 0) {
    1b6e:	11 11       	cpse	r17, r1
    1b70:	09 c0       	rjmp	.+18     	; 0x1b84 <main+0xd60>
/Users/sukraaj.brench/bside/bsides-leeds-2026-badge/.build/firmware/firmware.ino:511
        pressedMask = getPressedTouchMask();
    1b72:	ec d5       	rcall	.+3032   	; 0x274c <__TEXT_REGION_LENGTH__+0x74c>
    1b74:	18 2f       	mov	r17, r24
_delay_ms():
/Users/sukraaj.brench/Library/Arduino15/packages/DxCore/tools/avr-gcc/7.3.0-atmel3.6.1-azduino7b1/avr/include/util/delay.h:187
    1b76:	ef e4       	ldi	r30, 0x4F	; 79
    1b78:	f3 ec       	ldi	r31, 0xC3	; 195
    1b7a:	31 97       	sbiw	r30, 0x01	; 1
    1b7c:	f1 f7       	brne	.-4      	; 0x1b7a <main+0xd56>
    1b7e:	00 c0       	rjmp	.+0      	; 0x1b80 <main+0xd5c>
    1b80:	00 00       	nop
    1b82:	f5 cf       	rjmp	.-22     	; 0x1b6e <main+0xd4a>
playFollowTheSequence():
/Users/sukraaj.brench/bside/bsides-leeds-2026-badge/.build/firmware/firmware.ino:515
        delay(TOUCH_POLL_MS);
      }

      showTouchedPads();
    1b84:	fb d5       	rcall	.+3062   	; 0x277c <__TEXT_REGION_LENGTH__+0x77c>
isAnyPadPressed():
/Users/sukraaj.brench/bside/bsides-leeds-2026-badge/.build/firmware/firmware.ino:381
  }
}

bool isAnyPadPressed()
{
  return getPressedTouchMask() != 0;
    1b86:	e2 d5       	rcall	.+3012   	; 0x274c <__TEXT_REGION_LENGTH__+0x74c>
playFollowTheSequence():
/Users/sukraaj.brench/bside/bsides-leeds-2026-badge/.build/firmware/firmware.ino:517
        delay(TOUCH_POLL_MS);
      }

      showTouchedPads();

      while (isAnyPadPressed()) {
    1b88:	88 23       	and	r24, r24
    1b8a:	39 f0       	breq	.+14     	; 0x1b9a <main+0xd76>
_delay_ms():
/Users/sukraaj.brench/Library/Arduino15/packages/DxCore/tools/avr-gcc/7.3.0-atmel3.6.1-azduino7b1/avr/include/util/delay.h:187
    1b8c:	8f e4       	ldi	r24, 0x4F	; 79
    1b8e:	93 ec       	ldi	r25, 0xC3	; 195
    1b90:	01 97       	sbiw	r24, 0x01	; 1
    1b92:	f1 f7       	brne	.-4      	; 0x1b90 <main+0xd6c>
    1b94:	00 c0       	rjmp	.+0      	; 0x1b96 <main+0xd72>
    1b96:	00 00       	nop
    1b98:	f6 cf       	rjmp	.-20     	; 0x1b86 <main+0xd62>
playFollowTheSequence():
/Users/sukraaj.brench/bside/bsides-leeds-2026-badge/.build/firmware/firmware.ino:521
        delay(TOUCH_POLL_MS);
      }

      if (!isExpectedSequenceButton(sequence[sequenceIndex], pressedMask)) {
    1b9a:	d6 01       	movw	r26, r12
    1b9c:	8d 91       	ld	r24, X+
    1b9e:	6d 01       	movw	r12, r26
isExpectedSequenceButton():
/Users/sukraaj.brench/bside/bsides-leeds-2026-badge/.build/firmware/firmware.ino:466
  return true;
}

bool isExpectedSequenceButton(uint8_t expectedColor, uint8_t pressedMask)
{
  switch (expectedColor) {
    1ba0:	81 30       	cpi	r24, 0x01	; 1
    1ba2:	09 f1       	breq	.+66     	; 0x1be6 <main+0xdc2>
    1ba4:	30 f0       	brcs	.+12     	; 0x1bb2 <main+0xd8e>
    1ba6:	82 30       	cpi	r24, 0x02	; 2
    1ba8:	19 f1       	breq	.+70     	; 0x1bf0 <main+0xdcc>
showFailure():
/Users/sukraaj.brench/bside/bsides-leeds-2026-badge/.build/firmware/firmware.ino:367
  delay(50);
}

void showFailure()
{
  flashNotification(COLOR_RED);
    1baa:	6e 85       	ldd	r22, Y+14	; 0x0e
    1bac:	7f 85       	ldd	r23, Y+15	; 0x0f
    1bae:	88 89       	ldd	r24, Y+16	; 0x10
    1bb0:	a7 ce       	rjmp	.-690    	; 0x1900 <main+0xadc>
isExpectedSequenceButton():
/Users/sukraaj.brench/bside/bsides-leeds-2026-badge/.build/firmware/firmware.ino:468

bool isExpectedSequenceButton(uint8_t expectedColor, uint8_t pressedMask)
{
  switch (expectedColor) {
    case 0:
      return pressedMask == LEFT_RED_MASK || pressedMask == RIGHT_RED_MASK;
    1bb2:	12 30       	cpi	r17, 0x02	; 2
    1bb4:	11 f0       	breq	.+4      	; 0x1bba <main+0xd96>
    1bb6:	10 31       	cpi	r17, 0x10	; 16
    1bb8:	c1 f7       	brne	.-16     	; 0x1baa <main+0xd86>
playFollowTheSequence():
/Users/sukraaj.brench/bside/bsides-leeds-2026-badge/.build/firmware/firmware.ino:527
        showFailure();
        disableRebootOnButton();
        return false;
      }

      setAllLeds(COLOR_OFF, true);
    1bba:	41 e0       	ldi	r20, 0x01	; 1
    1bbc:	6c 89       	ldd	r22, Y+20	; 0x14
    1bbe:	7d 89       	ldd	r23, Y+21	; 0x15
    1bc0:	8e 89       	ldd	r24, Y+22	; 0x16
    1bc2:	9c d5       	rcall	.+2872   	; 0x26fc <__TEXT_REGION_LENGTH__+0x6fc>
delay():
    1bc4:	64 ef       	ldi	r22, 0xF4	; 244
    1bc6:	71 e0       	ldi	r23, 0x01	; 1
    1bc8:	80 e0       	ldi	r24, 0x00	; 0
    1bca:	90 e0       	ldi	r25, 0x00	; 0
    1bcc:	ac d2       	rcall	.+1368   	; 0x2126 <__TEXT_REGION_LENGTH__+0x126>
playFollowTheSequence():
/Users/sukraaj.brench/bside/bsides-leeds-2026-badge/.build/firmware/firmware.ino:507
      delay(400);
      setAllLeds(COLOR_OFF, true);
      delay(200);
    }

    for (uint8_t sequenceIndex = 0; sequenceIndex < level; ++sequenceIndex) {
    1bce:	8c 2d       	mov	r24, r12
    1bd0:	84 19       	sub	r24, r4
    1bd2:	85 15       	cp	r24, r5
    1bd4:	50 f2       	brcs	.-108    	; 0x1b6a <main+0xd46>
/Users/sukraaj.brench/bside/bsides-leeds-2026-badge/.build/firmware/firmware.ino:498
{
  enableRebootOnButton();
  uint8_t sequence[NUM_SEQUENCE_LEVELS];
  createRandomSequence(sequence, NUM_SEQUENCE_LEVELS);

  for (uint8_t level = MEMORY_START_LEVEL; level < NUM_SEQUENCE_LEVELS; ++level) {
    1bd6:	53 94       	inc	r5
    1bd8:	ba e0       	ldi	r27, 0x0A	; 10
    1bda:	5b 12       	cpse	r5, r27
    1bdc:	aa cf       	rjmp	.-172    	; 0x1b32 <main+0xd0e>
/Users/sukraaj.brench/bside/bsides-leeds-2026-badge/.build/firmware/firmware.ino:532
      setAllLeds(COLOR_OFF, true);
      delay(500);
    }
  }

  state = state & B11111101;
    1bde:	80 91 d0 3e 	lds	r24, 0x3ED0	; 0x803ed0 <state>
    1be2:	8d 7f       	andi	r24, 0xFD	; 253
    1be4:	11 cf       	rjmp	.-478    	; 0x1a08 <main+0xbe4>
isExpectedSequenceButton():
/Users/sukraaj.brench/bside/bsides-leeds-2026-badge/.build/firmware/firmware.ino:470
{
  switch (expectedColor) {
    case 0:
      return pressedMask == LEFT_RED_MASK || pressedMask == RIGHT_RED_MASK;
    case 1:
      return pressedMask == LEFT_GREEN_MASK || pressedMask == RIGHT_GREEN_MASK;
    1be6:	14 30       	cpi	r17, 0x04	; 4
    1be8:	41 f3       	breq	.-48     	; 0x1bba <main+0xd96>
    1bea:	18 30       	cpi	r17, 0x08	; 8
    1bec:	f1 f6       	brne	.-68     	; 0x1baa <main+0xd86>
    1bee:	e5 cf       	rjmp	.-54     	; 0x1bba <main+0xd96>
/Users/sukraaj.brench/bside/bsides-leeds-2026-badge/.build/firmware/firmware.ino:472
    case 2:
      return pressedMask == LEFT_BLUE_MASK || pressedMask == RIGHT_BLUE_MASK;
    1bf0:	11 30       	cpi	r17, 0x01	; 1
    1bf2:	19 f3       	breq	.-58     	; 0x1bba <main+0xd96>
    1bf4:	10 32       	cpi	r17, 0x20	; 32
    1bf6:	c9 f6       	brne	.-78     	; 0x1baa <main+0xd86>
    1bf8:	e0 cf       	rjmp	.-64     	; 0x1bba <main+0xd96>
loop():
/Users/sukraaj.brench/bside/bsides-leeds-2026-badge/.build/firmware/firmware.ino:1082
      else if (buttonLowTime > 0) {
        animationStep = 0;
      }
    }

    if (totalIntervalMs > WAKE_TIMEOUT_MS) {
    1bfa:	e1 ea       	ldi	r30, 0xA1	; 161
    1bfc:	2e 16       	cp	r2, r30
    1bfe:	eb eb       	ldi	r30, 0xBB	; 187
    1c00:	3e 06       	cpc	r3, r30
    1c02:	ed e0       	ldi	r30, 0x0D	; 13
    1c04:	4e 06       	cpc	r4, r30
    1c06:	51 04       	cpc	r5, r1
    1c08:	08 f4       	brcc	.+2      	; 0x1c0c <main+0xde8>
    1c0a:	ea c9       	rjmp	.-3116   	; 0xfe0 <main+0x1bc>
    1c0c:	01 ce       	rjmp	.-1022   	; 0x1810 <main+0x9ec>
main():
/Users/sukraaj.brench/bside/bsides-leeds-2026-badge/.build/firmware/firmware.ino:864
        RgbColor lc = ARTIE_CALM_COL;
        if (mood == 1) {
          if (artie.subStep >= 2*q && artie.subStep < 3*q) lc = ARTIE_SCAN_COL;
        } else if (mood == 2) {
          uint8_t h = q >> 1;
          if (artie.subStep >= q+h && artie.subStep < 2*q) lc = ARTIE_SCAN_COL;
    1c0e:	e9 2c       	mov	r14, r9
    1c10:	7d e0       	ldi	r23, 0x0D	; 13
    1c12:	67 2e       	mov	r6, r23
    1c14:	ec e1       	ldi	r30, 0x1C	; 28
    1c16:	7e 2e       	mov	r7, r30
    1c18:	e6 cc       	rjmp	.-1588   	; 0x15e6 <main+0x7c2>
/Users/sukraaj.brench/bside/bsides-leeds-2026-badge/.build/firmware/firmware.ino:870
          else if (artie.subStep >= 3*q && artie.subStep < 3*q+h) lc = COLOR_RED;
        }
        cr = lc.red; cg = lc.green; cb = lc.blue;
      } else if (artie.emote == EMOTE_HAPPY) {
        mask = MASK_TOP;
        cr = ARTIE_HAPPY_COL.red; cg = ARTIE_HAPPY_COL.green; cb = ARTIE_HAPPY_COL.blue;
    1c1a:	94 e0       	ldi	r25, 0x04	; 4
    1c1c:	e9 2e       	mov	r14, r25
    1c1e:	79 2c       	mov	r7, r9
    1c20:	28 e1       	ldi	r18, 0x18	; 24
    1c22:	62 2e       	mov	r6, r18
/Users/sukraaj.brench/bside/bsides-leeds-2026-badge/.build/firmware/firmware.ino:869
          if (artie.subStep >= q+h && artie.subStep < 2*q) lc = ARTIE_SCAN_COL;
          else if (artie.subStep >= 3*q && artie.subStep < 3*q+h) lc = COLOR_RED;
        }
        cr = lc.red; cg = lc.green; cb = lc.blue;
      } else if (artie.emote == EMOTE_HAPPY) {
        mask = MASK_TOP;
    1c24:	37 e8       	ldi	r19, 0x87	; 135
    1c26:	c3 2e       	mov	r12, r19
    1c28:	dd 24       	eor	r13, r13
    1c2a:	d3 94       	inc	r13
    1c2c:	dc cc       	rjmp	.-1608   	; 0x15e6 <main+0x7c2>
/Users/sukraaj.brench/bside/bsides-leeds-2026-badge/.build/firmware/firmware.ino:801
    }

    // --- Render current emote (shared by idle and forced) ---
    setAllLeds(COLOR_OFF);
    uint16_t mask = 0;
    uint8_t cr = 0, cg = 0, cb = 0;
    1c2e:	e9 2c       	mov	r14, r9
    1c30:	69 2c       	mov	r6, r9
    1c32:	79 2c       	mov	r7, r9
/Users/sukraaj.brench/bside/bsides-leeds-2026-badge/.build/firmware/firmware.ino:800
      artie.subStep = 0;
    }

    // --- Render current emote (shared by idle and forced) ---
    setAllLeds(COLOR_OFF);
    uint16_t mask = 0;
    1c34:	d1 2c       	mov	r13, r1
    1c36:	c1 2c       	mov	r12, r1
    1c38:	d6 cc       	rjmp	.-1620   	; 0x15e6 <main+0x7c2>

00001c3a <_GLOBAL__sub_I_touchButtons>:
_GLOBAL__sub_I_touchButtons():
/Users/sukraaj.brench/Library/Arduino15/packages/megaTinyCore/hardware/megaavr/2.6.11/libraries/tinyNeoPixel_Static/tinyNeoPixel_Static.cpp:53

#include "tinyNeoPixel_Static.h"

// Constructor when length, pin and type are known at compile-time:
tinyNeoPixel::tinyNeoPixel(uint16_t n, uint8_t p, neoPixelType t, uint8_t *pxl) :
  latchTime(50), brightness(0), pixels(pxl), endTime(0) {
    1c3a:	e3 ee       	ldi	r30, 0xE3	; 227
    1c3c:	fe e3       	ldi	r31, 0x3E	; 62
    1c3e:	82 e3       	ldi	r24, 0x32	; 50
    1c40:	90 e0       	ldi	r25, 0x00	; 0
    1c42:	84 83       	std	Z+4, r24	; 0x04
    1c44:	95 83       	std	Z+5, r25	; 0x05
    1c46:	17 82       	std	Z+7, r1	; 0x07
    1c48:	84 e0       	ldi	r24, 0x04	; 4
    1c4a:	9e e3       	ldi	r25, 0x3E	; 62
    1c4c:	80 87       	std	Z+8, r24	; 0x08
    1c4e:	91 87       	std	Z+9, r25	; 0x09
    1c50:	16 86       	std	Z+14, r1	; 0x0e
    1c52:	17 86       	std	Z+15, r1	; 0x0f
    1c54:	10 8a       	std	Z+16, r1	; 0x10
    1c56:	11 8a       	std	Z+17, r1	; 0x11
/Users/sukraaj.brench/Library/Arduino15/packages/megaTinyCore/hardware/megaavr/2.6.11/libraries/tinyNeoPixel_Static/tinyNeoPixel_Static.cpp:55
  // boolean oldThreeBytesPerPixel = (wOffset == rOffset); // false if RGBW
  wOffset = (t >> 6) & 0b11; // See notes in header file
    1c58:	81 e0       	ldi	r24, 0x01	; 1
    1c5a:	85 87       	std	Z+13, r24	; 0x0d
/Users/sukraaj.brench/Library/Arduino15/packages/megaTinyCore/hardware/megaavr/2.6.11/libraries/tinyNeoPixel_Static/tinyNeoPixel_Static.cpp:56
  rOffset = (t >> 4) & 0b11; // regarding R/G/B/W offsets
    1c5c:	82 87       	std	Z+10, r24	; 0x0a
/Users/sukraaj.brench/Library/Arduino15/packages/megaTinyCore/hardware/megaavr/2.6.11/libraries/tinyNeoPixel_Static/tinyNeoPixel_Static.cpp:57
  gOffset = (t >> 2) & 0b11;
    1c5e:	13 86       	std	Z+11, r1	; 0x0b
/Users/sukraaj.brench/Library/Arduino15/packages/megaTinyCore/hardware/megaavr/2.6.11/libraries/tinyNeoPixel_Static/tinyNeoPixel_Static.cpp:58
  bOffset =  t       & 0b11;
    1c60:	82 e0       	ldi	r24, 0x02	; 2
    1c62:	84 87       	std	Z+12, r24	; 0x0c
/Users/sukraaj.brench/Library/Arduino15/packages/megaTinyCore/hardware/megaavr/2.6.11/libraries/tinyNeoPixel_Static/tinyNeoPixel_Static.cpp:59
  numBytes = n * ((wOffset == rOffset) ? 3 : 4);
    1c64:	86 e3       	ldi	r24, 0x36	; 54
    1c66:	90 e0       	ldi	r25, 0x00	; 0
    1c68:	82 83       	std	Z+2, r24	; 0x02
    1c6a:	93 83       	std	Z+3, r25	; 0x03
/Users/sukraaj.brench/Library/Arduino15/packages/megaTinyCore/hardware/megaavr/2.6.11/libraries/tinyNeoPixel_Static/tinyNeoPixel_Static.cpp:60
  numLEDs = n;
    1c6c:	82 e1       	ldi	r24, 0x12	; 18
    1c6e:	90 e0       	ldi	r25, 0x00	; 0
    1c70:	80 83       	st	Z, r24
    1c72:	91 83       	std	Z+1, r25	; 0x01
/Users/sukraaj.brench/Library/Arduino15/packages/megaTinyCore/hardware/megaavr/2.6.11/libraries/tinyNeoPixel_Static/tinyNeoPixel_Static.cpp:61
  pin = p;
    1c74:	84 e0       	ldi	r24, 0x04	; 4
    1c76:	86 83       	std	Z+6, r24	; 0x06
/Users/sukraaj.brench/Library/Arduino15/packages/megaTinyCore/hardware/megaavr/2.6.11/libraries/tinyNeoPixel_Static/tinyNeoPixel_Static.cpp:62
  port    = portOutputRegister(digitalPinToPort(p));
    1c78:	84 e2       	ldi	r24, 0x24	; 36
    1c7a:	94 e0       	ldi	r25, 0x04	; 4
    1c7c:	82 8b       	std	Z+18, r24	; 0x12
    1c7e:	93 8b       	std	Z+19, r25	; 0x13
/Users/sukraaj.brench/Library/Arduino15/packages/megaTinyCore/hardware/megaavr/2.6.11/libraries/tinyNeoPixel_Static/tinyNeoPixel_Static.cpp:63
  pinMask = digitalPinToBitMask(p);
    1c80:	88 e0       	ldi	r24, 0x08	; 8
    1c82:	84 8b       	std	Z+20, r24	; 0x14
/Users/sukraaj.brench/bside/bsides-leeds-2026-badge/.build/firmware/firmware.ino:1088
      totalIntervalMs = 0;
      animationStep = 0;
      enterSleep();
    }
  }
}
    1c84:	08 95       	ret

00001c86 <__udivmodqi4>:
__udivmodqi4():
/home/admin/Arduino/toolchain-avr-special-master/gcc-build/avr/avrxmega3/short-calls/libgcc/../../../../../gcc/libgcc/config/avr/lib1funcs.S:1346
    1c86:	99 1b       	sub	r25, r25
/home/admin/Arduino/toolchain-avr-special-master/gcc-build/avr/avrxmega3/short-calls/libgcc/../../../../../gcc/libgcc/config/avr/lib1funcs.S:1347
    1c88:	79 e0       	ldi	r23, 0x09	; 9
/home/admin/Arduino/toolchain-avr-special-master/gcc-build/avr/avrxmega3/short-calls/libgcc/../../../../../gcc/libgcc/config/avr/lib1funcs.S:1348
    1c8a:	04 c0       	rjmp	.+8      	; 0x1c94 <__udivmodqi4_ep>

00001c8c <__udivmodqi4_loop>:
/home/admin/Arduino/toolchain-avr-special-master/gcc-build/avr/avrxmega3/short-calls/libgcc/../../../../../gcc/libgcc/config/avr/lib1funcs.S:1350
    1c8c:	99 1f       	adc	r25, r25
/home/admin/Arduino/toolchain-avr-special-master/gcc-build/avr/avrxmega3/short-calls/libgcc/../../../../../gcc/libgcc/config/avr/lib1funcs.S:1351
    1c8e:	96 17       	cp	r25, r22
/home/admin/Arduino/toolchain-avr-special-master/gcc-build/avr/avrxmega3/short-calls/libgcc/../../../../../gcc/libgcc/config/avr/lib1funcs.S:1352
    1c90:	08 f0       	brcs	.+2      	; 0x1c94 <__udivmodqi4_ep>
/home/admin/Arduino/toolchain-avr-special-master/gcc-build/avr/avrxmega3/short-calls/libgcc/../../../../../gcc/libgcc/config/avr/lib1funcs.S:1353
    1c92:	96 1b       	sub	r25, r22

00001c94 <__udivmodqi4_ep>:
/home/admin/Arduino/toolchain-avr-special-master/gcc-build/avr/avrxmega3/short-calls/libgcc/../../../../../gcc/libgcc/config/avr/lib1funcs.S:1355
    1c94:	88 1f       	adc	r24, r24
/home/admin/Arduino/toolchain-avr-special-master/gcc-build/avr/avrxmega3/short-calls/libgcc/../../../../../gcc/libgcc/config/avr/lib1funcs.S:1356
    1c96:	7a 95       	dec	r23
/home/admin/Arduino/toolchain-avr-special-master/gcc-build/avr/avrxmega3/short-calls/libgcc/../../../../../gcc/libgcc/config/avr/lib1funcs.S:1357
    1c98:	c9 f7       	brne	.-14     	; 0x1c8c <__udivmodqi4_loop>
/home/admin/Arduino/toolchain-avr-special-master/gcc-build/avr/avrxmega3/short-calls/libgcc/../../../../../gcc/libgcc/config/avr/lib1funcs.S:1358
    1c9a:	80 95       	com	r24
/home/admin/Arduino/toolchain-avr-special-master/gcc-build/avr/avrxmega3/short-calls/libgcc/../../../../../gcc/libgcc/config/avr/lib1funcs.S:1360
    1c9c:	08 95       	ret

00001c9e <__udivmodhi4>:
__udivmodhi4():
/home/admin/Arduino/toolchain-avr-special-master/gcc-build/avr/avrxmega3/short-calls/libgcc/../../../../../gcc/libgcc/config/avr/lib1funcs.S:1408
    1c9e:	aa 1b       	sub	r26, r26
/home/admin/Arduino/toolchain-avr-special-master/gcc-build/avr/avrxmega3/short-calls/libgcc/../../../../../gcc/libgcc/config/avr/lib1funcs.S:1409
    1ca0:	bb 1b       	sub	r27, r27
/home/admin/Arduino/toolchain-avr-special-master/gcc-build/avr/avrxmega3/short-calls/libgcc/../../../../../gcc/libgcc/config/avr/lib1funcs.S:1410
    1ca2:	51 e1       	ldi	r21, 0x11	; 17
/home/admin/Arduino/toolchain-avr-special-master/gcc-build/avr/avrxmega3/short-calls/libgcc/../../../../../gcc/libgcc/config/avr/lib1funcs.S:1411
    1ca4:	07 c0       	rjmp	.+14     	; 0x1cb4 <__udivmodhi4_ep>

00001ca6 <__udivmodhi4_loop>:
/home/admin/Arduino/toolchain-avr-special-master/gcc-build/avr/avrxmega3/short-calls/libgcc/../../../../../gcc/libgcc/config/avr/lib1funcs.S:1413
    1ca6:	aa 1f       	adc	r26, r26
/home/admin/Arduino/toolchain-avr-special-master/gcc-build/avr/avrxmega3/short-calls/libgcc/../../../../../gcc/libgcc/config/avr/lib1funcs.S:1414
    1ca8:	bb 1f       	adc	r27, r27
/home/admin/Arduino/toolchain-avr-special-master/gcc-build/avr/avrxmega3/short-calls/libgcc/../../../../../gcc/libgcc/config/avr/lib1funcs.S:1415
    1caa:	a6 17       	cp	r26, r22
/home/admin/Arduino/toolchain-avr-special-master/gcc-build/avr/avrxmega3/short-calls/libgcc/../../../../../gcc/libgcc/config/avr/lib1funcs.S:1416
    1cac:	b7 07       	cpc	r27, r23
/home/admin/Arduino/toolchain-avr-special-master/gcc-build/avr/avrxmega3/short-calls/libgcc/../../../../../gcc/libgcc/config/avr/lib1funcs.S:1417
    1cae:	10 f0       	brcs	.+4      	; 0x1cb4 <__udivmodhi4_ep>
/home/admin/Arduino/toolchain-avr-special-master/gcc-build/avr/avrxmega3/short-calls/libgcc/../../../../../gcc/libgcc/config/avr/lib1funcs.S:1418
    1cb0:	a6 1b       	sub	r26, r22
/home/admin/Arduino/toolchain-avr-special-master/gcc-build/avr/avrxmega3/short-calls/libgcc/../../../../../gcc/libgcc/config/avr/lib1funcs.S:1419
    1cb2:	b7 0b       	sbc	r27, r23

00001cb4 <__udivmodhi4_ep>:
/home/admin/Arduino/toolchain-avr-special-master/gcc-build/avr/avrxmega3/short-calls/libgcc/../../../../../gcc/libgcc/config/avr/lib1funcs.S:1421
    1cb4:	88 1f       	adc	r24, r24
/home/admin/Arduino/toolchain-avr-special-master/gcc-build/avr/avrxmega3/short-calls/libgcc/../../../../../gcc/libgcc/config/avr/lib1funcs.S:1422
    1cb6:	99 1f       	adc	r25, r25
/home/admin/Arduino/toolchain-avr-special-master/gcc-build/avr/avrxmega3/short-calls/libgcc/../../../../../gcc/libgcc/config/avr/lib1funcs.S:1423
    1cb8:	5a 95       	dec	r21
/home/admin/Arduino/toolchain-avr-special-master/gcc-build/avr/avrxmega3/short-calls/libgcc/../../../../../gcc/libgcc/config/avr/lib1funcs.S:1424
    1cba:	a9 f7       	brne	.-22     	; 0x1ca6 <__udivmodhi4_loop>
/home/admin/Arduino/toolchain-avr-special-master/gcc-build/avr/avrxmega3/short-calls/libgcc/../../../../../gcc/libgcc/config/avr/lib1funcs.S:1425
    1cbc:	80 95       	com	r24
/home/admin/Arduino/toolchain-avr-special-master/gcc-build/avr/avrxmega3/short-calls/libgcc/../../../../../gcc/libgcc/config/avr/lib1funcs.S:1426
    1cbe:	90 95       	com	r25
/home/admin/Arduino/toolchain-avr-special-master/gcc-build/avr/avrxmega3/short-calls/libgcc/../../../../../gcc/libgcc/config/avr/lib1funcs.S:1428
    1cc0:	bc 01       	movw	r22, r24
/home/admin/Arduino/toolchain-avr-special-master/gcc-build/avr/avrxmega3/short-calls/libgcc/../../../../../gcc/libgcc/config/avr/lib1funcs.S:1430
    1cc2:	cd 01       	movw	r24, r26
/home/admin/Arduino/toolchain-avr-special-master/gcc-build/avr/avrxmega3/short-calls/libgcc/../../../../../gcc/libgcc/config/avr/lib1funcs.S:1432
    1cc4:	08 95       	ret

00001cc6 <__divmodhi4>:
__divmodhi4():
/home/admin/Arduino/toolchain-avr-special-master/gcc-build/avr/avrxmega3/short-calls/libgcc/../../../../../gcc/libgcc/config/avr/lib1funcs.S:1440
    1cc6:	97 fb       	bst	r25, 7
/home/admin/Arduino/toolchain-avr-special-master/gcc-build/avr/avrxmega3/short-calls/libgcc/../../../../../gcc/libgcc/config/avr/lib1funcs.S:1441
    1cc8:	07 2e       	mov	r0, r23
/home/admin/Arduino/toolchain-avr-special-master/gcc-build/avr/avrxmega3/short-calls/libgcc/../../../../../gcc/libgcc/config/avr/lib1funcs.S:1442
    1cca:	16 f4       	brtc	.+4      	; 0x1cd0 <__divmodhi4+0xa>
/home/admin/Arduino/toolchain-avr-special-master/gcc-build/avr/avrxmega3/short-calls/libgcc/../../../../../gcc/libgcc/config/avr/lib1funcs.S:1443
    1ccc:	00 94       	com	r0
/home/admin/Arduino/toolchain-avr-special-master/gcc-build/avr/avrxmega3/short-calls/libgcc/../../../../../gcc/libgcc/config/avr/lib1funcs.S:1444
    1cce:	06 d0       	rcall	.+12     	; 0x1cdc <__divmodhi4_neg1>
/home/admin/Arduino/toolchain-avr-special-master/gcc-build/avr/avrxmega3/short-calls/libgcc/../../../../../gcc/libgcc/config/avr/lib1funcs.S:1446
    1cd0:	77 fd       	sbrc	r23, 7
/home/admin/Arduino/toolchain-avr-special-master/gcc-build/avr/avrxmega3/short-calls/libgcc/../../../../../gcc/libgcc/config/avr/lib1funcs.S:1447
    1cd2:	08 d0       	rcall	.+16     	; 0x1ce4 <__divmodhi4_neg2>
/home/admin/Arduino/toolchain-avr-special-master/gcc-build/avr/avrxmega3/short-calls/libgcc/../../../../../gcc/libgcc/config/avr/lib1funcs.S:1448
    1cd4:	e4 df       	rcall	.-56     	; 0x1c9e <__udivmodhi4>
/home/admin/Arduino/toolchain-avr-special-master/gcc-build/avr/avrxmega3/short-calls/libgcc/../../../../../gcc/libgcc/config/avr/lib1funcs.S:1449
    1cd6:	07 fc       	sbrc	r0, 7
/home/admin/Arduino/toolchain-avr-special-master/gcc-build/avr/avrxmega3/short-calls/libgcc/../../../../../gcc/libgcc/config/avr/lib1funcs.S:1450
    1cd8:	05 d0       	rcall	.+10     	; 0x1ce4 <__divmodhi4_neg2>
/home/admin/Arduino/toolchain-avr-special-master/gcc-build/avr/avrxmega3/short-calls/libgcc/../../../../../gcc/libgcc/config/avr/lib1funcs.S:1451
    1cda:	3e f4       	brtc	.+14     	; 0x1cea <__divmodhi4_exit>

00001cdc <__divmodhi4_neg1>:
/home/admin/Arduino/toolchain-avr-special-master/gcc-build/avr/avrxmega3/short-calls/libgcc/../../../../../gcc/libgcc/config/avr/lib1funcs.S:1454
    1cdc:	90 95       	com	r25
/home/admin/Arduino/toolchain-avr-special-master/gcc-build/avr/avrxmega3/short-calls/libgcc/../../../../../gcc/libgcc/config/avr/lib1funcs.S:1455
    1cde:	81 95       	neg	r24
/home/admin/Arduino/toolchain-avr-special-master/gcc-build/avr/avrxmega3/short-calls/libgcc/../../../../../gcc/libgcc/config/avr/lib1funcs.S:1456
    1ce0:	9f 4f       	sbci	r25, 0xFF	; 255
/home/admin/Arduino/toolchain-avr-special-master/gcc-build/avr/avrxmega3/short-calls/libgcc/../../../../../gcc/libgcc/config/avr/lib1funcs.S:1457
    1ce2:	08 95       	ret

00001ce4 <__divmodhi4_neg2>:
/home/admin/Arduino/toolchain-avr-special-master/gcc-build/avr/avrxmega3/short-calls/libgcc/../../../../../gcc/libgcc/config/avr/lib1funcs.S:1460
    1ce4:	70 95       	com	r23
/home/admin/Arduino/toolchain-avr-special-master/gcc-build/avr/avrxmega3/short-calls/libgcc/../../../../../gcc/libgcc/config/avr/lib1funcs.S:1461
    1ce6:	61 95       	neg	r22
/home/admin/Arduino/toolchain-avr-special-master/gcc-build/avr/avrxmega3/short-calls/libgcc/../../../../../gcc/libgcc/config/avr/lib1funcs.S:1462
    1ce8:	7f 4f       	sbci	r23, 0xFF	; 255

00001cea <__divmodhi4_exit>:
/home/admin/Arduino/toolchain-avr-special-master/gcc-build/avr/avrxmega3/short-calls/libgcc/../../../../../gcc/libgcc/config/avr/lib1funcs.S:1464
    1cea:	08 95       	ret

00001cec <__muluhisi3>:
__muluhisi3():
/home/admin/Arduino/toolchain-avr-special-master/gcc-build/avr/avrxmega3/short-calls/libgcc/../../../../../gcc/libgcc/config/avr/lib1funcs.S:626
    1cec:	0f d0       	rcall	.+30     	; 0x1d0c <__umulhisi3>
/home/admin/Arduino/toolchain-avr-special-master/gcc-build/avr/avrxmega3/short-calls/libgcc/../../../../../gcc/libgcc/config/avr/lib1funcs.S:627
    1cee:	a5 9f       	mul	r26, r21
/home/admin/Arduino/toolchain-avr-special-master/gcc-build/avr/avrxmega3/short-calls/libgcc/../../../../../gcc/libgcc/config/avr/lib1funcs.S:628
    1cf0:	90 0d       	add	r25, r0
/home/admin/Arduino/toolchain-avr-special-master/gcc-build/avr/avrxmega3/short-calls/libgcc/../../../../../gcc/libgcc/config/avr/lib1funcs.S:629
    1cf2:	b4 9f       	mul	r27, r20
/home/admin/Arduino/toolchain-avr-special-master/gcc-build/avr/avrxmega3/short-calls/libgcc/../../../../../gcc/libgcc/config/avr/lib1funcs.S:630
    1cf4:	90 0d       	add	r25, r0
/home/admin/Arduino/toolchain-avr-special-master/gcc-build/avr/avrxmega3/short-calls/libgcc/../../../../../gcc/libgcc/config/avr/lib1funcs.S:631
    1cf6:	a4 9f       	mul	r26, r20
/home/admin/Arduino/toolchain-avr-special-master/gcc-build/avr/avrxmega3/short-calls/libgcc/../../../../../gcc/libgcc/config/avr/lib1funcs.S:632
    1cf8:	80 0d       	add	r24, r0
/home/admin/Arduino/toolchain-avr-special-master/gcc-build/avr/avrxmega3/short-calls/libgcc/../../../../../gcc/libgcc/config/avr/lib1funcs.S:633
    1cfa:	91 1d       	adc	r25, r1
/home/admin/Arduino/toolchain-avr-special-master/gcc-build/avr/avrxmega3/short-calls/libgcc/../../../../../gcc/libgcc/config/avr/lib1funcs.S:634
    1cfc:	11 24       	eor	r1, r1
/home/admin/Arduino/toolchain-avr-special-master/gcc-build/avr/avrxmega3/short-calls/libgcc/../../../../../gcc/libgcc/config/avr/lib1funcs.S:635
    1cfe:	08 95       	ret

00001d00 <__tablejump2__>:
__tablejump2__():
/home/admin/Arduino/toolchain-avr-special-master/gcc-build/avr/avrxmega3/short-calls/libgcc/../../../../../gcc/libgcc/config/avr/lib1funcs.S:2296
    1d00:	ee 0f       	add	r30, r30
/home/admin/Arduino/toolchain-avr-special-master/gcc-build/avr/avrxmega3/short-calls/libgcc/../../../../../gcc/libgcc/config/avr/lib1funcs.S:2297
    1d02:	ff 1f       	adc	r31, r31
/home/admin/Arduino/toolchain-avr-special-master/gcc-build/avr/avrxmega3/short-calls/libgcc/../../../../../gcc/libgcc/config/avr/lib1funcs.S:2328
    1d04:	05 90       	lpm	r0, Z+
/home/admin/Arduino/toolchain-avr-special-master/gcc-build/avr/avrxmega3/short-calls/libgcc/../../../../../gcc/libgcc/config/avr/lib1funcs.S:2329
    1d06:	f4 91       	lpm	r31, Z
/home/admin/Arduino/toolchain-avr-special-master/gcc-build/avr/avrxmega3/short-calls/libgcc/../../../../../gcc/libgcc/config/avr/lib1funcs.S:2330
    1d08:	e0 2d       	mov	r30, r0
/home/admin/Arduino/toolchain-avr-special-master/gcc-build/avr/avrxmega3/short-calls/libgcc/../../../../../gcc/libgcc/config/avr/lib1funcs.S:2331
    1d0a:	09 94       	ijmp

00001d0c <__umulhisi3>:
__umulhisi3():
/home/admin/Arduino/toolchain-avr-special-master/gcc-build/avr/avrxmega3/short-calls/libgcc/../../../../../gcc/libgcc/config/avr/lib1funcs.S:564
    1d0c:	a2 9f       	mul	r26, r18
/home/admin/Arduino/toolchain-avr-special-master/gcc-build/avr/avrxmega3/short-calls/libgcc/../../../../../gcc/libgcc/config/avr/lib1funcs.S:565
    1d0e:	b0 01       	movw	r22, r0
/home/admin/Arduino/toolchain-avr-special-master/gcc-build/avr/avrxmega3/short-calls/libgcc/../../../../../gcc/libgcc/config/avr/lib1funcs.S:566
    1d10:	b3 9f       	mul	r27, r19
/home/admin/Arduino/toolchain-avr-special-master/gcc-build/avr/avrxmega3/short-calls/libgcc/../../../../../gcc/libgcc/config/avr/lib1funcs.S:567
    1d12:	c0 01       	movw	r24, r0
/home/admin/Arduino/toolchain-avr-special-master/gcc-build/avr/avrxmega3/short-calls/libgcc/../../../../../gcc/libgcc/config/avr/lib1funcs.S:568
    1d14:	a3 9f       	mul	r26, r19
/home/admin/Arduino/toolchain-avr-special-master/gcc-build/avr/avrxmega3/short-calls/libgcc/../../../../../gcc/libgcc/config/avr/lib1funcs.S:578
    1d16:	01 d0       	rcall	.+2      	; 0x1d1a <__umulhisi3+0xe>
/home/admin/Arduino/toolchain-avr-special-master/gcc-build/avr/avrxmega3/short-calls/libgcc/../../../../../gcc/libgcc/config/avr/lib1funcs.S:580
    1d18:	b2 9f       	mul	r27, r18
/home/admin/Arduino/toolchain-avr-special-master/gcc-build/avr/avrxmega3/short-calls/libgcc/../../../../../gcc/libgcc/config/avr/lib1funcs.S:581
    1d1a:	70 0d       	add	r23, r0
/home/admin/Arduino/toolchain-avr-special-master/gcc-build/avr/avrxmega3/short-calls/libgcc/../../../../../gcc/libgcc/config/avr/lib1funcs.S:582
    1d1c:	81 1d       	adc	r24, r1
/home/admin/Arduino/toolchain-avr-special-master/gcc-build/avr/avrxmega3/short-calls/libgcc/../../../../../gcc/libgcc/config/avr/lib1funcs.S:583
    1d1e:	11 24       	eor	r1, r1
/home/admin/Arduino/toolchain-avr-special-master/gcc-build/avr/avrxmega3/short-calls/libgcc/../../../../../gcc/libgcc/config/avr/lib1funcs.S:584
    1d20:	91 1d       	adc	r25, r1
/home/admin/Arduino/toolchain-avr-special-master/gcc-build/avr/avrxmega3/short-calls/libgcc/../../../../../gcc/libgcc/config/avr/lib1funcs.S:585
    1d22:	08 95       	ret

00001d24 <_exit>:
exit():
/home/admin/Arduino/toolchain-avr-special-master/gcc-build/avr/avrxmega3/short-calls/libgcc/../../../../../gcc/libgcc/config/avr/lib1funcs.S:2278
    1d24:	f8 94       	cli

00001d26 <__stop_program>:
__stop_program():
/home/admin/Arduino/toolchain-avr-special-master/gcc-build/avr/avrxmega3/short-calls/libgcc/../../../../../gcc/libgcc/config/avr/lib1funcs.S:2280
    1d26:	ff cf       	rjmp	.-2      	; 0x1d26 <__stop_program>
